<?xml version="1.0" encoding="UTF-8" standalone="no" ?>
<gpx xmlns="http://www.topografix.com/GPX/1/1" creator="MapSource 6.15.11" version="1.1" xmlns:xsi="http://www.w3.org/2001/XMLSchema-instance" xsi:schemaLocation="http://www.topografix.com/GPX/1/1 http://www.topografix.com/GPX/1/1/gpx.xsd">

  <metadata>
    <link href="https://www.floridafishingmaps.com">
      <text>FloridaFishingMaps.com - Miami Offshore</text>
    </link>
    <time>2018-01-18T23:08:26Z</time>
    <bounds maxlat="26.0865464" maxlon="-79.9660960" minlat="25.3155666" minlon="-80.1934394"/>
  </metadata>

  <wpt lat="25.7740330" lon="-80.0728500">
    <name>100FTBARGE</name>
    <cmt>100 FT STEEL BARGE BILLYS BARGE</cmt>
    <desc>100 FT STEEL BARGE BILLYS BARGE</desc>
    <sym>Fishing Area</sym>
    <extensions>
      <gpxx:WaypointExtension xmlns:gpxx="http://www.garmin.com/xmlschemas/GpxExtensions/v3">
        <gpxx:DisplayMode>SymbolOnly</gpxx:DisplayMode>
      </gpxx:WaypointExtension>
    </extensions>
  </wpt>

  <wpt lat="26.0091330" lon="-80.0927500">
    <name>101TUGBOAT</name>
    <cmt>AJ COBIA BAITFISH 101 FT STEEL HULLED TUGBOAT</cmt>
    <desc>AJ COBIA BAITFISH 101 FT STEEL HULLED TUGBOAT</desc>
    <sym>Fishing Area</sym>
    <extensions>
      <gpxx:WaypointExtension xmlns:gpxx="http://www.garmin.com/xmlschemas/GpxExtensions/v3">
        <gpxx:DisplayMode>SymbolOnly</gpxx:DisplayMode>
      </gpxx:WaypointExtension>
    </extensions>
  </wpt>

  <wpt lat="25.8110000" lon="-80.0898330">
    <name>110FTSTEELSHIP</name>
    <cmt>110 FT STEEL SHIP AJ COBIA BONITA</cmt>
    <desc>110 FT STEEL SHIP AJ COBIA BONITA</desc>
    <sym>Fishing Area</sym>
    <extensions>
      <gpxx:WaypointExtension xmlns:gpxx="http://www.garmin.com/xmlschemas/GpxExtensions/v3">
        <gpxx:DisplayMode>SymbolOnly</gpxx:DisplayMode>
      </gpxx:WaypointExtension>
    </extensions>
  </wpt>

  <wpt lat="25.8492830" lon="-80.0966670">
    <name>110FTWRECK</name>
    <cmt>110 FT STEEL SHIP HOLDS FISH</cmt>
    <desc>110 FT STEEL SHIP HOLDS FISH</desc>
    <sym>Fishing Area</sym>
    <extensions>
      <gpxx:WaypointExtension xmlns:gpxx="http://www.garmin.com/xmlschemas/GpxExtensions/v3">
        <gpxx:DisplayMode>SymbolOnly</gpxx:DisplayMode>
      </gpxx:WaypointExtension>
    </extensions>
  </wpt>

  <wpt lat="25.7015330" lon="-80.0873000">
    <name>116FTSHIP</name>
    <cmt>115 FEET STEEL FREIGHTER</cmt>
    <desc>115 FEET STEEL FREIGHTER</desc>
    <sym>Fishing Area</sym>
    <extensions>
      <gpxx:WaypointExtension xmlns:gpxx="http://www.garmin.com/xmlschemas/GpxExtensions/v3">
        <gpxx:DisplayMode>SymbolOnly</gpxx:DisplayMode>
      </gpxx:WaypointExtension>
    </extensions>
  </wpt>

  <wpt lat="25.7063000" lon="-80.0833330">
    <name>120FTBARGE</name>
    <cmt>AJ SNAPPER BONITA 120 FT DECK BARGE ON BOTTOM</cmt>
    <desc>AJ SNAPPER BONITA 120 FT DECK BARGE ON BOTTOM</desc>
    <sym>Fishing Area</sym>
    <extensions>
      <gpxx:WaypointExtension xmlns:gpxx="http://www.garmin.com/xmlschemas/GpxExtensions/v3">
        <gpxx:DisplayMode>SymbolOnly</gpxx:DisplayMode>
      </gpxx:WaypointExtension>
    </extensions>
  </wpt>

  <wpt lat="25.7043830" lon="-80.0883670">
    <name>120FTSTEELBOAT</name>
    <cmt>BONITO SKIPJACK BLACKFIN AJ120 FT STEEL SHIP</cmt>
    <desc>BONITO SKIPJACK BLACKFIN AJ120 FT STEEL SHIP</desc>
    <sym>Fishing Area</sym>
    <extensions>
      <gpxx:WaypointExtension xmlns:gpxx="http://www.garmin.com/xmlschemas/GpxExtensions/v3">
        <gpxx:DisplayMode>SymbolOnly</gpxx:DisplayMode>
      </gpxx:WaypointExtension>
    </extensions>
  </wpt>

  <wpt lat="25.8202000" lon="-80.0793800">
    <name>164FTSHIP</name>
    <cmt>RAYCHEL WRECK HOLDS FISH</cmt>
    <desc>RAYCHEL WRECK HOLDS FISH</desc>
    <sym>Fishing Area</sym>
    <extensions>
      <gpxx:WaypointExtension xmlns:gpxx="http://www.garmin.com/xmlschemas/GpxExtensions/v3">
        <gpxx:DisplayMode>SymbolOnly</gpxx:DisplayMode>
      </gpxx:WaypointExtension>
    </extensions>
  </wpt>

  <wpt lat="25.6219330" lon="-80.0910000">
    <name>165FTSHIP</name>
    <cmt>165 FT STEEL SHIP HOLDS AJ AND BONITA</cmt>
    <desc>165 FT STEEL SHIP HOLDS AJ AND BONITA</desc>
    <sym>Fishing Area</sym>
    <extensions>
      <gpxx:WaypointExtension xmlns:gpxx="http://www.garmin.com/xmlschemas/GpxExtensions/v3">
        <gpxx:DisplayMode>SymbolOnly</gpxx:DisplayMode>
      </gpxx:WaypointExtension>
    </extensions>
  </wpt>

  <wpt lat="25.8068300" lon="-80.0528300">
    <name>177FTWOODSHIP</name>
    <cmt>177 FOOT MINE SWEEPER SHIP</cmt>
    <desc>177 FOOT MINE SWEEPER SHIP</desc>
    <sym>Fishing Area</sym>
    <extensions>
      <gpxx:WaypointExtension xmlns:gpxx="http://www.garmin.com/xmlschemas/GpxExtensions/v3">
        <gpxx:DisplayMode>SymbolOnly</gpxx:DisplayMode>
      </gpxx:WaypointExtension>
    </extensions>
  </wpt>

  <wpt lat="25.6968330" lon="-80.0880000">
    <name>195FTBARGE</name>
    <cmt>195 FT STEEL BARGE HOLDS FISH</cmt>
    <desc>195 FT STEEL BARGE HOLDS FISH</desc>
    <sym>Fishing Area</sym>
    <extensions>
      <gpxx:WaypointExtension xmlns:gpxx="http://www.garmin.com/xmlschemas/GpxExtensions/v3">
        <gpxx:DisplayMode>SymbolOnly</gpxx:DisplayMode>
      </gpxx:WaypointExtension>
    </extensions>
  </wpt>

  <wpt lat="25.7384507" lon="-80.0987937">
    <time>2012-10-02T14:12:22Z</time>
    <name>20FTLEDGE</name>
    <cmt>TROLL OR DRIFT LEDGES AND LIVE BOTTOM</cmt>
    <desc>TROLL OR DRIFT LEDGES AND LIVE BOTTOM</desc>
    <sym>Fishing Area</sym>
    <extensions>
      <gpxx:WaypointExtension xmlns:gpxx="http://www.garmin.com/xmlschemas/GpxExtensions/v3">
        <gpxx:Depth>9.1440000</gpxx:Depth>
        <gpxx:DisplayMode>SymbolOnly</gpxx:DisplayMode>
      </gpxx:WaypointExtension>
    </extensions>
  </wpt>

  <wpt lat="25.7011000" lon="-80.0891670">
    <name>215FTBARGE</name>
    <cmt>215 FT STEEL BARGE</cmt>
    <desc>215 FT STEEL BARGE</desc>
    <sym>Fishing Area</sym>
    <extensions>
      <gpxx:WaypointExtension xmlns:gpxx="http://www.garmin.com/xmlschemas/GpxExtensions/v3">
        <gpxx:DisplayMode>SymbolOnly</gpxx:DisplayMode>
      </gpxx:WaypointExtension>
    </extensions>
  </wpt>

  <wpt lat="25.5708332" lon="-80.1258335">
    <time>2000-01-01T05:00:00Z</time>
    <name>3BROSWRECK</name>
    <cmt>WRECK OR WRECK REMAINS, GOOD FOR TROLLING OR SCATTERED BOTTOM FISHING</cmt>
    <desc>WRECK OR WRECK REMAINS, GOOD FOR TROLLING OR SCATTERED BOTTOM FISHING</desc>
    <sym>Fishing Area</sym>
    <extensions>
      <gpxx:WaypointExtension xmlns:gpxx="http://www.garmin.com/xmlschemas/GpxExtensions/v3">
        <gpxx:DisplayMode>SymbolOnly</gpxx:DisplayMode>
      </gpxx:WaypointExtension>
    </extensions>
  </wpt>

  <wpt lat="25.8170405" lon="-80.0647685">
    <time>2000-01-01T05:00:00Z</time>
    <name>3MILEBOTTOM</name>
    <cmt>LIVE BOTTOM ON THE THREE MILE LINE</cmt>
    <desc>LIVE BOTTOM ON THE THREE MILE LINE</desc>
    <sym>Fishing Area</sym>
    <extensions>
      <gpxx:WaypointExtension xmlns:gpxx="http://www.garmin.com/xmlschemas/GpxExtensions/v3">
        <gpxx:DisplayMode>SymbolOnly</gpxx:DisplayMode>
      </gpxx:WaypointExtension>
    </extensions>
  </wpt>

  <wpt lat="25.6257820" lon="-80.0498199">
    <time>2012-10-02T14:10:11Z</time>
    <name>441WRECK</name>
    <cmt>WRECK REMAINS AND LIVE BOTTOM ATTACHED</cmt>
    <desc>WRECK REMAINS AND LIVE BOTTOM ATTACHED</desc>
    <sym>Fishing Area</sym>
    <extensions>
      <gpxx:WaypointExtension xmlns:gpxx="http://www.garmin.com/xmlschemas/GpxExtensions/v3">
        <gpxx:DisplayMode>SymbolOnly</gpxx:DisplayMode>
      </gpxx:WaypointExtension>
    </extensions>
  </wpt>

  <wpt lat="25.9088830" lon="-80.0906170">
    <name>45FTTUGBOAT</name>
    <cmt>45 FT STEEL HULLED TUGBOAT</cmt>
    <desc>45 FT STEEL HULLED TUGBOAT</desc>
    <sym>Fishing Area</sym>
    <extensions>
      <gpxx:WaypointExtension xmlns:gpxx="http://www.garmin.com/xmlschemas/GpxExtensions/v3">
        <gpxx:DisplayMode>SymbolOnly</gpxx:DisplayMode>
      </gpxx:WaypointExtension>
    </extensions>
  </wpt>

  <wpt lat="25.8117000" lon="-80.0908670">
    <name>60FTBARGE</name>
    <cmt>60 FT STEEL DECK BARGE</cmt>
    <desc>60 FT STEEL DECK BARGE</desc>
    <sym>Fishing Area</sym>
    <extensions>
      <gpxx:WaypointExtension xmlns:gpxx="http://www.garmin.com/xmlschemas/GpxExtensions/v3">
        <gpxx:DisplayMode>SymbolOnly</gpxx:DisplayMode>
      </gpxx:WaypointExtension>
    </extensions>
  </wpt>

  <wpt lat="25.6980000" lon="-80.0870000">
    <name>727JETLINER</name>
    <cmt>727 JET ON BOTTOM, HOLDS FISH</cmt>
    <desc>727 JET ON BOTTOM, HOLDS FISH</desc>
    <sym>Fishing Area</sym>
    <extensions>
      <gpxx:WaypointExtension xmlns:gpxx="http://www.garmin.com/xmlschemas/GpxExtensions/v3">
        <gpxx:DisplayMode>SymbolOnly</gpxx:DisplayMode>
      </gpxx:WaypointExtension>
    </extensions>
  </wpt>

  <wpt lat="25.7904053" lon="-80.0501633">
    <time>2012-10-02T14:10:50Z</time>
    <name>756WRECK</name>
    <cmt>TROLLING FOR SAILS AND MAHI</cmt>
    <desc>TROLLING FOR SAILS AND MAHI</desc>
    <sym>Fishing Area</sym>
    <extensions>
      <gpxx:WaypointExtension xmlns:gpxx="http://www.garmin.com/xmlschemas/GpxExtensions/v3">
        <gpxx:DisplayMode>SymbolOnly</gpxx:DisplayMode>
      </gpxx:WaypointExtension>
    </extensions>
  </wpt>

  <wpt lat="25.6995000" lon="-80.0831670">
    <name>80FTWRECK</name>
    <cmt>80 FT FREIGHTER</cmt>
    <desc>80 FT FREIGHTER</desc>
    <sym>Fishing Area</sym>
    <extensions>
      <gpxx:WaypointExtension xmlns:gpxx="http://www.garmin.com/xmlschemas/GpxExtensions/v3">
        <gpxx:DisplayMode>SymbolOnly</gpxx:DisplayMode>
      </gpxx:WaypointExtension>
    </extensions>
  </wpt>

  <wpt lat="25.6908330" lon="-80.0788330">
    <name>90FTSAILBOAT</name>
    <cmt>90 FT SAILING SCHOONER</cmt>
    <desc>90 FT SAILING SCHOONER</desc>
    <sym>Fishing Area</sym>
    <extensions>
      <gpxx:WaypointExtension xmlns:gpxx="http://www.garmin.com/xmlschemas/GpxExtensions/v3">
        <gpxx:DisplayMode>SymbolOnly</gpxx:DisplayMode>
      </gpxx:WaypointExtension>
    </extensions>
  </wpt>

  <wpt lat="25.7270670" lon="-80.0831170">
    <name>90FTSTEELHULL</name>
    <cmt>90 FT STEEL SHIP ON BTM</cmt>
    <desc>90 FT STEEL SHIP ON BTM</desc>
    <sym>Fishing Area</sym>
    <extensions>
      <gpxx:WaypointExtension xmlns:gpxx="http://www.garmin.com/xmlschemas/GpxExtensions/v3">
        <gpxx:DisplayMode>SymbolOnly</gpxx:DisplayMode>
      </gpxx:WaypointExtension>
    </extensions>
  </wpt>

  <wpt lat="25.5902833" lon="-80.0966667">
    <ele>-7.6200000</ele>
    <name>AAPCAR</name>
    <cmt>REMAINS OF OLD WRECK</cmt>
    <desc>REMAINS OF OLD WRECK</desc>
    <link href="http://www.divespots.com/scuba/spotID-315/view.divespot"/>
    <sym>Flag, Red</sym>
    <extensions>
      <gpxx:WaypointExtension xmlns:gpxx="http://www.garmin.com/xmlschemas/GpxExtensions/v3">
        <gpxx:DisplayMode>SymbolOnly</gpxx:DisplayMode>
      </gpxx:WaypointExtension>
    </extensions>
  </wpt>

  <wpt lat="25.6753775" lon="-80.1081015">
    <time>2000-01-01T05:00:00Z</time>
    <name>ADAMELIA</name>
    <cmt>WRECK REMAINS GOOD FOR TROLLING OR SCATTERED BOTTOM FISHING</cmt>
    <desc>WRECK REMAINS GOOD FOR TROLLING OR SCATTERED BOTTOM FISHING</desc>
    <sym>Fishing Area</sym>
    <extensions>
      <gpxx:WaypointExtension xmlns:gpxx="http://www.garmin.com/xmlschemas/GpxExtensions/v3">
        <gpxx:DisplayMode>SymbolOnly</gpxx:DisplayMode>
      </gpxx:WaypointExtension>
    </extensions>
  </wpt>

  <wpt lat="25.4122333" lon="-80.1273666">
    <ele>-6.0960000</ele>
    <name>ALICIA1</name>
    <cmt>ALLICIA WRECK PART 2 REMAINS</cmt>
    <desc>ALLICIA WRECK PART 2 REMAINS</desc>
    <link href="http://www.divespots.com/scuba/spotID-314/view.divespot"/>
    <sym>Flag, Red</sym>
    <extensions>
      <gpxx:WaypointExtension xmlns:gpxx="http://www.garmin.com/xmlschemas/GpxExtensions/v3">
        <gpxx:DisplayMode>SymbolOnly</gpxx:DisplayMode>
      </gpxx:WaypointExtension>
    </extensions>
  </wpt>

  <wpt lat="25.4120529" lon="-80.1280972">
    <time>2000-01-01T05:00:00Z</time>
    <name>ALICIA2</name>
    <cmt>WRECK OR WRECK REMAINS GOOD FOR TROLLING OR SCATTERED BOTTOM FISHING</cmt>
    <desc>WRECK OR WRECK REMAINS GOOD FOR TROLLING OR SCATTERED BOTTOM FISHING</desc>
    <sym>Fishing Area</sym>
    <extensions>
      <gpxx:WaypointExtension xmlns:gpxx="http://www.garmin.com/xmlschemas/GpxExtensions/v3">
        <gpxx:DisplayMode>SymbolOnly</gpxx:DisplayMode>
      </gpxx:WaypointExtension>
    </extensions>
  </wpt>

  <wpt lat="25.9485830" lon="-80.1297000">
    <name>ALUMINUMWRK</name>
    <cmt>MANGROVES 34 FT ALUMINUM VESSEL ON BOTTOM</cmt>
    <desc>MANGROVES 34 FT ALUMINUM VESSEL ON BOTTOM</desc>
    <sym>Fishing Area</sym>
    <extensions>
      <gpxx:WaypointExtension xmlns:gpxx="http://www.garmin.com/xmlschemas/GpxExtensions/v3">
        <gpxx:DisplayMode>SymbolOnly</gpxx:DisplayMode>
      </gpxx:WaypointExtension>
    </extensions>
  </wpt>

  <wpt lat="25.8129300" lon="-80.0892500">
    <name>ANCHORAGEROCKS</name>
    <cmt>ANCHORAGE ROCK SITE SCATTERED LIMESTONE AND BOULDERS</cmt>
    <desc>ANCHORAGE ROCK SITE SCATTERED LIMESTONE AND BOULDERS</desc>
    <sym>Fishing Area</sym>
    <extensions>
      <gpxx:WaypointExtension xmlns:gpxx="http://www.garmin.com/xmlschemas/GpxExtensions/v3">
        <gpxx:DisplayMode>SymbolOnly</gpxx:DisplayMode>
      </gpxx:WaypointExtension>
    </extensions>
  </wpt>

  <wpt lat="25.8940500" lon="-80.0855500">
    <name>ANDROWRECK</name>
    <cmt>WRECK HOLDS FISH</cmt>
    <desc>WRECK HOLDS FISH</desc>
    <sym>Fishing Area</sym>
    <extensions>
      <gpxx:WaypointExtension xmlns:gpxx="http://www.garmin.com/xmlschemas/GpxExtensions/v3">
        <gpxx:DisplayMode>SymbolOnly</gpxx:DisplayMode>
      </gpxx:WaypointExtension>
    </extensions>
  </wpt>

  <wpt lat="25.5916862" lon="-80.0958189">
    <time>2016-03-15T00:02:52Z</time>
    <name>ARAKANAPKA</name>
    <cmt>WRECK OR WRECK REMAINS GOOD FOR TROLLING OR SCATTERED BOTTOM FISHING</cmt>
    <desc>WRECK OR WRECK REMAINS GOOD FOR TROLLING OR SCATTERED BOTTOM FISHING</desc>
    <sym>Fishing Area</sym>
    <extensions>
      <gpxx:WaypointExtension xmlns:gpxx="http://www.garmin.com/xmlschemas/GpxExtensions/v3">
        <gpxx:DisplayMode>SymbolOnly</gpxx:DisplayMode>
      </gpxx:WaypointExtension>
    </extensions>
  </wpt>

  <wpt lat="25.8113330" lon="-80.0913330">
    <name>ARMYTANKS</name>
    <cmt>M 60 US ARMY TANKS</cmt>
    <desc>M 60 US ARMY TANKS</desc>
    <sym>Fishing Area</sym>
    <extensions>
      <gpxx:WaypointExtension xmlns:gpxx="http://www.garmin.com/xmlschemas/GpxExtensions/v3">
        <gpxx:DisplayMode>SymbolOnly</gpxx:DisplayMode>
      </gpxx:WaypointExtension>
    </extensions>
  </wpt>

  <wpt lat="25.8113300" lon="-80.0913300">
    <name>ARMYTANKS2</name>
    <cmt>ARMY TANKS</cmt>
    <desc>ARMY TANKS</desc>
    <sym>Fishing Area</sym>
    <extensions>
      <gpxx:WaypointExtension xmlns:gpxx="http://www.garmin.com/xmlschemas/GpxExtensions/v3">
        <gpxx:DisplayMode>SymbolOnly</gpxx:DisplayMode>
      </gpxx:WaypointExtension>
    </extensions>
  </wpt>

  <wpt lat="25.5837138" lon="-80.0830933">
    <time>2000-01-01T05:00:00Z</time>
    <name>ATHENEWRECK</name>
    <cmt>WRECK REMAINS GOOD FOR TROLLING OR SCATTERED BOTTOM FISHING</cmt>
    <desc>WRECK REMAINS GOOD FOR TROLLING OR SCATTERED BOTTOM FISHING</desc>
    <sym>Fishing Area</sym>
    <extensions>
      <gpxx:WaypointExtension xmlns:gpxx="http://www.garmin.com/xmlschemas/GpxExtensions/v3">
        <gpxx:DisplayMode>SymbolOnly</gpxx:DisplayMode>
      </gpxx:WaypointExtension>
    </extensions>
  </wpt>

  <wpt lat="25.8204170" lon="-80.0844170">
    <name>ATLASBARGE</name>
    <cmt>BARGE WRECK in 110</cmt>
    <desc>BARGE WRECK in 110</desc>
    <sym>Fishing Area</sym>
    <extensions>
      <gpxx:WaypointExtension xmlns:gpxx="http://www.garmin.com/xmlschemas/GpxExtensions/v3">
        <gpxx:DisplayMode>SymbolOnly</gpxx:DisplayMode>
      </gpxx:WaypointExtension>
    </extensions>
  </wpt>

  <wpt lat="25.4856362" lon="-80.1636845">
    <time>2016-05-21T14:46:50Z</time>
    <name>BACHESHOAL</name>
    <cmt>SCATTERED ROCKY PATCH BOTTOM DRIFT LIVE BAOTS CHUM</cmt>
    <desc>SCATTERED ROCKY PATCH BOTTOM DRIFT LIVE BAOTS CHUM</desc>
    <link href="http://www.divespots.com/scuba/spotID-15/view.divespot"/>
    <sym>Fishing Area</sym>
    <extensions>
      <gpxx:WaypointExtension xmlns:gpxx="http://www.garmin.com/xmlschemas/GpxExtensions/v3">
        <gpxx:DisplayMode>SymbolOnly</gpxx:DisplayMode>
      </gpxx:WaypointExtension>
    </extensions>
  </wpt>

  <wpt lat="25.6691000" lon="-80.0702670">
    <name>BARGE100FT</name>
    <cmt>100 FT STEEL BARGE</cmt>
    <desc>100 FT STEEL BARGE</desc>
    <sym>Fishing Area</sym>
    <extensions>
      <gpxx:WaypointExtension xmlns:gpxx="http://www.garmin.com/xmlschemas/GpxExtensions/v3">
        <gpxx:DisplayMode>SymbolOnly</gpxx:DisplayMode>
      </gpxx:WaypointExtension>
    </extensions>
  </wpt>

  <wpt lat="25.7936690" lon="-80.1450080">
    <ele>0.0000000</ele>
    <name>BarryPark</name>
    <cmt>BOAT RAMP</cmt>
    <desc>BOAT RAMP</desc>
    <sym>Boat Ramp</sym>
    <extensions>
      <gpxx:WaypointExtension xmlns:gpxx="http://www.garmin.com/xmlschemas/GpxExtensions/v3">
        <gpxx:DisplayMode>SymbolOnly</gpxx:DisplayMode>
      </gpxx:WaypointExtension>
    </extensions>
  </wpt>

  <wpt lat="25.8138300" lon="-80.0816700">
    <name>BAYREEF1</name>
    <cmt>CONCRETE PILINGS</cmt>
    <desc>CONCRETE PILINGS</desc>
    <sym>Fishing Area</sym>
    <extensions>
      <gpxx:WaypointExtension xmlns:gpxx="http://www.garmin.com/xmlschemas/GpxExtensions/v3">
        <gpxx:DisplayMode>SymbolOnly</gpxx:DisplayMode>
      </gpxx:WaypointExtension>
    </extensions>
  </wpt>

  <wpt lat="25.8127800" lon="-80.0903200">
    <name>BILLYSBARGE</name>
    <cmt>OLD BARGE HOLDS FISH</cmt>
    <desc>OLD BARGE HOLDS FISH</desc>
    <sym>Fishing Area</sym>
    <extensions>
      <gpxx:WaypointExtension xmlns:gpxx="http://www.garmin.com/xmlschemas/GpxExtensions/v3">
        <gpxx:DisplayMode>SymbolOnly</gpxx:DisplayMode>
      </gpxx:WaypointExtension>
    </extensions>
  </wpt>

  <wpt lat="25.8836174" lon="-80.0917053">
    <time>2012-10-02T14:28:23Z</time>
    <name>BISCAYNE2</name>
    <cmt>WRECK AND LIVE BOTTOM AROUND AREA IN GENERAL</cmt>
    <desc>WRECK AND LIVE BOTTOM AROUND AREA IN GENERAL</desc>
    <sym>Fishing Area</sym>
    <extensions>
      <gpxx:WaypointExtension xmlns:gpxx="http://www.garmin.com/xmlschemas/GpxExtensions/v3">
        <gpxx:DisplayMode>SymbolOnly</gpxx:DisplayMode>
      </gpxx:WaypointExtension>
    </extensions>
  </wpt>

  <wpt lat="25.5666100" lon="-80.0905200">
    <name>BLUEFIREWRECK</name>
    <cmt>BLUE FIRE STEEL SHIP ON BOTTOM</cmt>
    <desc>BLUE FIRE STEEL SHIP ON BOTTOM</desc>
    <sym>Civil</sym>
    <extensions>
      <gpxx:WaypointExtension xmlns:gpxx="http://www.garmin.com/xmlschemas/GpxExtensions/v3">
        <gpxx:DisplayMode>SymbolOnly</gpxx:DisplayMode>
      </gpxx:WaypointExtension>
    </extensions>
  </wpt>

  <wpt lat="25.5478614" lon="-80.0776738">
    <time>2016-03-14T23:36:00Z</time>
    <name>BLUEWATER5</name>
    <cmt>MAHI SAILS TUNA</cmt>
    <desc>MAHI SAILS TUNA</desc>
    <link href="http://www.divespots.com/scuba/spotID-138/view.divespot"/>
    <sym>Fishing Area</sym>
    <extensions>
      <gpxx:WaypointExtension xmlns:gpxx="http://www.garmin.com/xmlschemas/GpxExtensions/v3">
        <gpxx:DisplayMode>SymbolOnly</gpxx:DisplayMode>
      </gpxx:WaypointExtension>
    </extensions>
  </wpt>

  <wpt lat="25.5934574" lon="-80.0935009">
    <time>2016-03-14T23:45:31Z</time>
    <name>BOMBHOLE</name>
    <cmt>OLD BOMBS LIVE BOTTOM BAIT</cmt>
    <desc>OLD BOMBS LIVE BOTTOM BAIT</desc>
    <sym>Fishing Area</sym>
    <extensions>
      <gpxx:WaypointExtension xmlns:gpxx="http://www.garmin.com/xmlschemas/GpxExtensions/v3">
        <gpxx:DisplayMode>SymbolOnly</gpxx:DisplayMode>
      </gpxx:WaypointExtension>
    </extensions>
  </wpt>

  <wpt lat="25.7877946" lon="-80.0911803">
    <time>2016-03-14T23:23:35Z</time>
    <name>BOTTOMHOLE</name>
    <cmt>DROP OFF CHUM FOR SNAPPER</cmt>
    <desc>DROP OFF CHUM FOR SNAPPER</desc>
    <sym>Fishing Area</sym>
    <extensions>
      <gpxx:WaypointExtension xmlns:gpxx="http://www.garmin.com/xmlschemas/GpxExtensions/v3">
        <gpxx:DisplayMode>SymbolOnly</gpxx:DisplayMode>
      </gpxx:WaypointExtension>
    </extensions>
  </wpt>

  <wpt lat="25.9022330" lon="-80.0898830">
    <name>BOULDEREEF1</name>
    <cmt>LIMESTONE BOULDERS</cmt>
    <desc>LIMESTONE BOULDERS</desc>
    <sym>Fishing Area</sym>
    <extensions>
      <gpxx:WaypointExtension xmlns:gpxx="http://www.garmin.com/xmlschemas/GpxExtensions/v3">
        <gpxx:DisplayMode>SymbolOnly</gpxx:DisplayMode>
      </gpxx:WaypointExtension>
    </extensions>
  </wpt>

  <wpt lat="25.9489830" lon="-80.1285830">
    <name>BOULDERS</name>
    <cmt>1000 TONS OF ROCK ON AND AROUND SEAWALL BARGE</cmt>
    <desc>1000 TONS OF ROCK ON AND AROUND SEAWALL BARGE</desc>
    <sym>Fishing Area</sym>
    <extensions>
      <gpxx:WaypointExtension xmlns:gpxx="http://www.garmin.com/xmlschemas/GpxExtensions/v3">
        <gpxx:DisplayMode>SymbolOnly</gpxx:DisplayMode>
      </gpxx:WaypointExtension>
    </extensions>
  </wpt>

  <wpt lat="25.8121830" lon="-80.0899330">
    <name>BOULDERS2</name>
    <cmt>LIMESTONE BOULDERS</cmt>
    <desc>LIMESTONE BOULDERS</desc>
    <sym>Fishing Area</sym>
    <extensions>
      <gpxx:WaypointExtension xmlns:gpxx="http://www.garmin.com/xmlschemas/GpxExtensions/v3">
        <gpxx:DisplayMode>SymbolOnly</gpxx:DisplayMode>
      </gpxx:WaypointExtension>
    </extensions>
  </wpt>

  <wpt lat="25.5662700" lon="-80.0986300">
    <name>BREWSTEREEF</name>
    <cmt>reef patch chum heavily squid cutbai or live</cmt>
    <desc>reef patch chum heavily squid cutbai or live</desc>
    <sym>Civil</sym>
    <extensions>
      <gpxx:WaypointExtension xmlns:gpxx="http://www.garmin.com/xmlschemas/GpxExtensions/v3">
        <gpxx:DisplayMode>SymbolOnly</gpxx:DisplayMode>
      </gpxx:WaypointExtension>
    </extensions>
  </wpt>

  <wpt lat="25.6669830" lon="-80.0676000">
    <name>BRIDGERUBBLE</name>
    <cmt>CONCRETE BRIDGE</cmt>
    <desc>CONCRETE BRIDGE</desc>
    <sym>Fishing Area</sym>
    <extensions>
      <gpxx:WaypointExtension xmlns:gpxx="http://www.garmin.com/xmlschemas/GpxExtensions/v3">
        <gpxx:DisplayMode>SymbolOnly</gpxx:DisplayMode>
      </gpxx:WaypointExtension>
    </extensions>
  </wpt>

  <wpt lat="25.7004830" lon="-80.0868330">
    <name>BRITNEYWRECK</name>
    <cmt>165 FT SHIP AJ BONITO SKIPPYS</cmt>
    <desc>165 FT SHIP AJ BONITO SKIPPYS</desc>
    <sym>Fishing Area</sym>
    <extensions>
      <gpxx:WaypointExtension xmlns:gpxx="http://www.garmin.com/xmlschemas/GpxExtensions/v3">
        <gpxx:DisplayMode>SymbolOnly</gpxx:DisplayMode>
      </gpxx:WaypointExtension>
    </extensions>
  </wpt>

  <wpt lat="25.3155666" lon="-80.1876166">
    <time>2016-03-15T00:15:53Z</time>
    <name>BROADCREEK3</name>
    <cmt>reef patch chum heavily fish with squid cutbait sliverides shrimp live baits</cmt>
    <desc>reef patch chum heavily fish with squid cutbait sliverides shrimp live baits</desc>
    <link href="http://www.divespots.com/scuba/spotID-329/view.divespot"/>
    <sym>Fishing Area</sym>
    <extensions>
      <gpxx:WaypointExtension xmlns:gpxx="http://www.garmin.com/xmlschemas/GpxExtensions/v3">
        <gpxx:DisplayMode>SymbolOnly</gpxx:DisplayMode>
      </gpxx:WaypointExtension>
    </extensions>
  </wpt>

  <wpt lat="25.7637976" lon="-80.0946093">
    <time>2000-01-01T05:00:00Z</time>
    <name>CHANNEL1</name>
    <cmt>LIVE BOTTOM NORTH OF CHANNEL HOLDS BAIT</cmt>
    <desc>LIVE BOTTOM NORTH OF CHANNEL HOLDS BAIT</desc>
    <sym>Fishing Area</sym>
    <extensions>
      <gpxx:WaypointExtension xmlns:gpxx="http://www.garmin.com/xmlschemas/GpxExtensions/v3">
        <gpxx:DisplayMode>SymbolOnly</gpxx:DisplayMode>
      </gpxx:WaypointExtension>
    </extensions>
  </wpt>

  <wpt lat="25.7611133" lon="-80.0968640">
    <time>2000-01-01T05:00:00Z</time>
    <name>CHANNEL2</name>
    <cmt>LIVE BOTTOM SOUTH OF CHANNEL HOLDS BAIT</cmt>
    <desc>LIVE BOTTOM SOUTH OF CHANNEL HOLDS BAIT</desc>
    <sym>Fishing Area</sym>
    <extensions>
      <gpxx:WaypointExtension xmlns:gpxx="http://www.garmin.com/xmlschemas/GpxExtensions/v3">
        <gpxx:DisplayMode>SymbolOnly</gpxx:DisplayMode>
      </gpxx:WaypointExtension>
    </extensions>
  </wpt>

  <wpt lat="25.6672500" lon="-80.0705170">
    <name>CHEVRONTNKS</name>
    <cmt>50 STEEL CHEVRON STORAGE TANKS AJ SNAPPER BONITA</cmt>
    <desc>50 STEEL CHEVRON STORAGE TANKS AJ SNAPPER BONITA</desc>
    <sym>Fishing Area</sym>
    <extensions>
      <gpxx:WaypointExtension xmlns:gpxx="http://www.garmin.com/xmlschemas/GpxExtensions/v3">
        <gpxx:DisplayMode>SymbolOnly</gpxx:DisplayMode>
      </gpxx:WaypointExtension>
    </extensions>
  </wpt>

  <wpt lat="26.0095830" lon="-80.0931830">
    <name>CONCRETEBOAT</name>
    <cmt>50 FT CONCRETE SAILBOAT ON BOTTOM</cmt>
    <desc>50 FT CONCRETE SAILBOAT ON BOTTOM</desc>
    <sym>Fishing Area</sym>
    <extensions>
      <gpxx:WaypointExtension xmlns:gpxx="http://www.garmin.com/xmlschemas/GpxExtensions/v3">
        <gpxx:DisplayMode>SymbolOnly</gpxx:DisplayMode>
      </gpxx:WaypointExtension>
    </extensions>
  </wpt>

  <wpt lat="26.0100170" lon="-80.0933170">
    <name>CONCRETEBOATS</name>
    <cmt>CEMENT SAILBOATS ON BOTTOM BONITO AJ COBIA</cmt>
    <desc>CEMENT SAILBOATS ON BOTTOM BONITO AJ COBIA</desc>
    <sym>Fishing Area</sym>
    <extensions>
      <gpxx:WaypointExtension xmlns:gpxx="http://www.garmin.com/xmlschemas/GpxExtensions/v3">
        <gpxx:DisplayMode>SymbolOnly</gpxx:DisplayMode>
      </gpxx:WaypointExtension>
    </extensions>
  </wpt>

  <wpt lat="25.9094170" lon="-80.0899500">
    <name>CONCRETEPIPE</name>
    <cmt>320 TONS OF CONCRETE PIPE HOLDS FISH TOP AND BOTTOM</cmt>
    <desc>320 TONS OF CONCRETE PIPE HOLDS FISH TOP AND BOTTOM</desc>
    <sym>Fishing Area</sym>
    <extensions>
      <gpxx:WaypointExtension xmlns:gpxx="http://www.garmin.com/xmlschemas/GpxExtensions/v3">
        <gpxx:DisplayMode>SymbolOnly</gpxx:DisplayMode>
      </gpxx:WaypointExtension>
    </extensions>
  </wpt>

  <wpt lat="25.8590330" lon="-80.0574500">
    <name>CONCRETEPIPE1</name>
    <cmt>50 TONS CONCRETE PIPE BONITO AJ</cmt>
    <desc>50 TONS CONCRETE PIPE BONITO AJ</desc>
    <sym>Fishing Area</sym>
    <extensions>
      <gpxx:WaypointExtension xmlns:gpxx="http://www.garmin.com/xmlschemas/GpxExtensions/v3">
        <gpxx:DisplayMode>SymbolOnly</gpxx:DisplayMode>
      </gpxx:WaypointExtension>
    </extensions>
  </wpt>

  <wpt lat="25.8745670" lon="-80.0728330">
    <name>CONCRETEPIPE2</name>
    <cmt>BOTTOM FISH AND drift live lines</cmt>
    <desc>BOTTOM FISH AND drift live lines</desc>
    <sym>Fishing Area</sym>
    <extensions>
      <gpxx:WaypointExtension xmlns:gpxx="http://www.garmin.com/xmlschemas/GpxExtensions/v3">
        <gpxx:DisplayMode>SymbolOnly</gpxx:DisplayMode>
      </gpxx:WaypointExtension>
    </extensions>
  </wpt>

  <wpt lat="25.7787170" lon="-80.0737670">
    <name>CONCRETEPIPE3</name>
    <cmt>400 TONS OF CONCRETE PIPE</cmt>
    <desc>400 TONS OF CONCRETE PIPE</desc>
    <sym>Fishing Area</sym>
    <extensions>
      <gpxx:WaypointExtension xmlns:gpxx="http://www.garmin.com/xmlschemas/GpxExtensions/v3">
        <gpxx:DisplayMode>SymbolOnly</gpxx:DisplayMode>
      </gpxx:WaypointExtension>
    </extensions>
  </wpt>

  <wpt lat="25.8570500" lon="-80.0680500">
    <name>CONCRETEPIPE4</name>
    <cmt>360 TONS OF CONCRETE PIPE</cmt>
    <desc>360 TONS OF CONCRETE PIPE</desc>
    <sym>Fishing Area</sym>
    <extensions>
      <gpxx:WaypointExtension xmlns:gpxx="http://www.garmin.com/xmlschemas/GpxExtensions/v3">
        <gpxx:DisplayMode>SymbolOnly</gpxx:DisplayMode>
      </gpxx:WaypointExtension>
    </extensions>
  </wpt>

  <wpt lat="25.7743670" lon="-80.0733000">
    <name>CONCRETEPIPE5</name>
    <cmt>360 TONS OF CONCRETE PIPE</cmt>
    <desc>360 TONS OF CONCRETE PIPE</desc>
    <sym>Fishing Area</sym>
    <extensions>
      <gpxx:WaypointExtension xmlns:gpxx="http://www.garmin.com/xmlschemas/GpxExtensions/v3">
        <gpxx:DisplayMode>SymbolOnly</gpxx:DisplayMode>
      </gpxx:WaypointExtension>
    </extensions>
  </wpt>

  <wpt lat="25.8137330" lon="-80.0911670">
    <name>CONCRETEPIPES</name>
    <cmt>60 TONS OF CONCRETE PIPE</cmt>
    <desc>60 TONS OF CONCRETE PIPE</desc>
    <sym>Fishing Area</sym>
    <extensions>
      <gpxx:WaypointExtension xmlns:gpxx="http://www.garmin.com/xmlschemas/GpxExtensions/v3">
        <gpxx:DisplayMode>SymbolOnly</gpxx:DisplayMode>
      </gpxx:WaypointExtension>
    </extensions>
  </wpt>

  <wpt lat="25.7759830" lon="-80.0740670">
    <name>COQUINAWRECK</name>
    <cmt>55 FT STEEL SHIP SCATTERED REMAINS ON BOTOM</cmt>
    <desc>55 FT STEEL SHIP SCATTERED REMAINS ON BOTOM</desc>
    <sym>Fishing Area</sym>
    <extensions>
      <gpxx:WaypointExtension xmlns:gpxx="http://www.garmin.com/xmlschemas/GpxExtensions/v3">
        <gpxx:DisplayMode>SymbolOnly</gpxx:DisplayMode>
      </gpxx:WaypointExtension>
    </extensions>
  </wpt>

  <wpt lat="25.7317426" lon="-80.0763475">
    <time>2018-01-18T13:07:49Z</time>
    <name>CORALBTM</name>
    <cmt>BOTTOM FISH AND LIVE LINE GENERAL AREA</cmt>
    <desc>BOTTOM FISH AND LIVE LINE GENERAL AREA</desc>
    <sym>Flag</sym>
    <extensions>
      <gpxx:WaypointExtension xmlns:gpxx="http://www.garmin.com/xmlschemas/GpxExtensions/v3">
        <gpxx:DisplayMode>SymbolOnly</gpxx:DisplayMode>
      </gpxx:WaypointExtension>
    </extensions>
  </wpt>

  <wpt lat="25.7750833" lon="-80.0742333">
    <time>2016-05-21T14:11:01Z</time>
    <name>COTEREEF2</name>
    <cmt>AJ SNAPPER BONITA CONCRETE MODULES TANKS</cmt>
    <desc>AJ SNAPPER BONITA CONCRETE MODULES TANKS</desc>
    <sym>Fishing Area</sym>
    <extensions>
      <gpxx:WaypointExtension xmlns:gpxx="http://www.garmin.com/xmlschemas/GpxExtensions/v3">
        <gpxx:DisplayMode>SymbolOnly</gpxx:DisplayMode>
      </gpxx:WaypointExtension>
    </extensions>
  </wpt>

  <wpt lat="25.7235500" lon="-80.1547000">
    <ele>0.0000000</ele>
    <name>Crandon Marina</name>
    <cmt>BOAT RAMP</cmt>
    <desc>BOAT RAMP</desc>
    <sym>Boat Ramp</sym>
    <extensions>
      <gpxx:WaypointExtension xmlns:gpxx="http://www.garmin.com/xmlschemas/GpxExtensions/v3">
        <gpxx:DisplayMode>SymbolOnly</gpxx:DisplayMode>
      </gpxx:WaypointExtension>
    </extensions>
  </wpt>

  <wpt lat="25.8501670" lon="-80.0787330">
    <name>CRANEBOOM</name>
    <cmt>100 FOOT STEEL CRANE BOOM</cmt>
    <desc>100 FOOT STEEL CRANE BOOM</desc>
    <sym>Fishing Area</sym>
    <extensions>
      <gpxx:WaypointExtension xmlns:gpxx="http://www.garmin.com/xmlschemas/GpxExtensions/v3">
        <gpxx:DisplayMode>SymbolOnly</gpxx:DisplayMode>
      </gpxx:WaypointExtension>
    </extensions>
  </wpt>

  <wpt lat="25.7688666" lon="-80.1282000">
    <ele>-6.0960000</ele>
    <name>CUERVO</name>
    <cmt>OLD WRECK SCATTERED REMAINS</cmt>
    <desc>OLD WRECK SCATTERED REMAINS</desc>
    <link href="http://www.divespots.com/scuba/spotID-129/view.divespot"/>
    <sym>Fishing Area</sym>
    <extensions>
      <gpxx:WaypointExtension xmlns:gpxx="http://www.garmin.com/xmlschemas/GpxExtensions/v3">
        <gpxx:DisplayMode>SymbolOnly</gpxx:DisplayMode>
      </gpxx:WaypointExtension>
    </extensions>
  </wpt>

  <wpt lat="25.7450000" lon="-80.0950000">
    <name>CULVERTPIPES1</name>
    <cmt>COBIA AJ BONITO</cmt>
    <desc>COBIA AJ BONITO</desc>
    <sym>Fishing Area</sym>
    <extensions>
      <gpxx:WaypointExtension xmlns:gpxx="http://www.garmin.com/xmlschemas/GpxExtensions/v3">
        <gpxx:DisplayMode>SymbolOnly</gpxx:DisplayMode>
      </gpxx:WaypointExtension>
    </extensions>
  </wpt>

  <wpt lat="25.8908000" lon="-80.0772670">
    <name>CULVERTS1</name>
    <cmt>HAULOVER HOLE CONCRETE</cmt>
    <desc>HAULOVER HOLE CONCRETE</desc>
    <sym>Fishing Area</sym>
    <extensions>
      <gpxx:WaypointExtension xmlns:gpxx="http://www.garmin.com/xmlschemas/GpxExtensions/v3">
        <gpxx:DisplayMode>SymbolOnly</gpxx:DisplayMode>
      </gpxx:WaypointExtension>
    </extensions>
  </wpt>

  <wpt lat="25.8886700" lon="-80.0841700">
    <name>CULVERTS6</name>
    <cmt>CONCRETE CULVERT PIPES</cmt>
    <desc>CONCRETE CULVERT PIPES</desc>
    <sym>Fishing Area</sym>
    <extensions>
      <gpxx:WaypointExtension xmlns:gpxx="http://www.garmin.com/xmlschemas/GpxExtensions/v3">
        <gpxx:DisplayMode>SymbolOnly</gpxx:DisplayMode>
      </gpxx:WaypointExtension>
    </extensions>
  </wpt>

  <wpt lat="26.0108000" lon="-80.0934330">
    <name>CURRY</name>
    <cmt>TROLL LIVE BAIT AROUND THIS 30 FT STEEL BARGE</cmt>
    <desc>TROLL LIVE BAIT AROUND THIS 30 FT STEEL BARGE</desc>
    <sym>Fishing Area</sym>
    <extensions>
      <gpxx:WaypointExtension xmlns:gpxx="http://www.garmin.com/xmlschemas/GpxExtensions/v3">
        <gpxx:DisplayMode>SymbolOnly</gpxx:DisplayMode>
      </gpxx:WaypointExtension>
    </extensions>
  </wpt>

  <wpt lat="26.0081000" lon="-80.0934330">
    <name>CURRYREEF1</name>
    <cmt>30 FT STEEL BARGE WITH CRANE BOOM PIECES</cmt>
    <desc>30 FT STEEL BARGE WITH CRANE BOOM PIECES</desc>
    <sym>Fishing Area</sym>
    <extensions>
      <gpxx:WaypointExtension xmlns:gpxx="http://www.garmin.com/xmlschemas/GpxExtensions/v3">
        <gpxx:DisplayMode>SymbolOnly</gpxx:DisplayMode>
      </gpxx:WaypointExtension>
    </extensions>
  </wpt>

  <wpt lat="26.0621392" lon="-80.0921201">
    <time>2018-01-18T13:20:15Z</time>
    <name>DANIALEDGES</name>
    <cmt>LEDGES OFF DANIA DO NOT ANCHOR</cmt>
    <desc>LEDGES OFF DANIA DO NOT ANCHOR</desc>
    <sym>Pin, Blue</sym>
    <extensions>
      <gpxx:WaypointExtension xmlns:gpxx="http://www.garmin.com/xmlschemas/GpxExtensions/v3">
        <gpxx:DisplayMode>SymbolOnly</gpxx:DisplayMode>
      </gpxx:WaypointExtension>
    </extensions>
  </wpt>

  <wpt lat="26.0098330" lon="-80.0831670">
    <name>DANTOR</name>
    <cmt>AJ COBIA 160 FT FREIGHTER</cmt>
    <desc>AJ COBIA 160 FT FREIGHTER</desc>
    <sym>Fishing Area</sym>
    <extensions>
      <gpxx:WaypointExtension xmlns:gpxx="http://www.garmin.com/xmlschemas/GpxExtensions/v3">
        <gpxx:DisplayMode>SymbolOnly</gpxx:DisplayMode>
      </gpxx:WaypointExtension>
    </extensions>
  </wpt>

  <wpt lat="25.8217170" lon="-80.0825330">
    <name>DEEPFREEZE</name>
    <cmt>AJ COBIA KINGS BONITO 210 FT STEEL SHIP</cmt>
    <desc>AJ COBIA KINGS BONITO 210 FT STEEL SHIP</desc>
    <sym>Fishing Area</sym>
    <extensions>
      <gpxx:WaypointExtension xmlns:gpxx="http://www.garmin.com/xmlschemas/GpxExtensions/v3">
        <gpxx:DisplayMode>SymbolOnly</gpxx:DisplayMode>
      </gpxx:WaypointExtension>
    </extensions>
  </wpt>

  <wpt lat="25.7036330" lon="-80.0869170">
    <name>DEMAWRECK</name>
    <cmt>165 FT WRECK, HOLDS BOTTOM FISH</cmt>
    <desc>165 FT WRECK, HOLDS BOTTOM FISH</desc>
    <sym>Fishing Area</sym>
    <extensions>
      <gpxx:WaypointExtension xmlns:gpxx="http://www.garmin.com/xmlschemas/GpxExtensions/v3">
        <gpxx:DisplayMode>SymbolOnly</gpxx:DisplayMode>
      </gpxx:WaypointExtension>
    </extensions>
  </wpt>

  <wpt lat="25.8225500" lon="-80.0852170">
    <name>DIVEBOATWRECK</name>
    <cmt>70 FT  DIVE BOAT ON BOTTOM</cmt>
    <desc>70 FT  DIVE BOAT ON BOTTOM</desc>
    <sym>Fishing Area</sym>
    <extensions>
      <gpxx:WaypointExtension xmlns:gpxx="http://www.garmin.com/xmlschemas/GpxExtensions/v3">
        <gpxx:DisplayMode>SymbolOnly</gpxx:DisplayMode>
      </gpxx:WaypointExtension>
    </extensions>
  </wpt>

  <wpt lat="25.9610000" lon="-80.0770000">
    <time>2018-01-18T13:16:37Z</time>
    <name>DIVOTHOLE1</name>
    <cmt>FLOOR DIVOT DRIFT BOTTOM FISH</cmt>
    <desc>FLOOR DIVOT DRIFT BOTTOM FISH</desc>
    <sym>Flag</sym>
    <extensions>
      <gpxx:WaypointExtension xmlns:gpxx="http://www.garmin.com/xmlschemas/GpxExtensions/v3">
        <gpxx:DisplayMode>SymbolOnly</gpxx:DisplayMode>
      </gpxx:WaypointExtension>
    </extensions>
  </wpt>

  <wpt lat="25.7820830" lon="-80.0493670">
    <name>DREDGEPIPE</name>
    <cmt>OLD DREDGE PIPE</cmt>
    <desc>OLD DREDGE PIPE</desc>
    <sym>Fishing Area</sym>
    <extensions>
      <gpxx:WaypointExtension xmlns:gpxx="http://www.garmin.com/xmlschemas/GpxExtensions/v3">
        <gpxx:DisplayMode>SymbolOnly</gpxx:DisplayMode>
      </gpxx:WaypointExtension>
    </extensions>
  </wpt>

  <wpt lat="25.8056700" lon="-80.0636700">
    <name>DRYDOCK1</name>
    <cmt>reef area good for bottom fishing or trolling drfiting live bait</cmt>
    <desc>reef area good for bottom fishing or trolling drfiting live bait</desc>
    <sym>Fishing Area</sym>
    <extensions>
      <gpxx:WaypointExtension xmlns:gpxx="http://www.garmin.com/xmlschemas/GpxExtensions/v3">
        <gpxx:DisplayMode>SymbolOnly</gpxx:DisplayMode>
      </gpxx:WaypointExtension>
    </extensions>
  </wpt>

  <wpt lat="25.8103733" lon="-80.0855906">
    <time>2000-01-01T05:00:00Z</time>
    <name>ELIZABETH WRECK</name>
    <cmt>OLD WRECK WITH GOOD TROLLING AND BOTTOM FISHING LIVE BOTTOM</cmt>
    <desc>OLD WRECK WITH GOOD TROLLING AND BOTTOM FISHING LIVE BOTTOM</desc>
    <sym>Fishing Area</sym>
    <extensions>
      <gpxx:WaypointExtension xmlns:gpxx="http://www.garmin.com/xmlschemas/GpxExtensions/v3">
        <gpxx:DisplayMode>SymbolOnly</gpxx:DisplayMode>
      </gpxx:WaypointExtension>
    </extensions>
  </wpt>

  <wpt lat="25.4493287" lon="-80.1790789">
    <time>2016-05-01T13:50:34Z</time>
    <name>ELLIOT PATCH4</name>
    <cmt>PATCH REEF BOTTOM FISH USE CHUM</cmt>
    <desc>PATCH REEF BOTTOM FISH USE CHUM</desc>
    <sym>Civil</sym>
    <extensions>
      <gpxx:WaypointExtension xmlns:gpxx="http://www.garmin.com/xmlschemas/GpxExtensions/v3">
        <gpxx:DisplayMode>SymbolOnly</gpxx:DisplayMode>
      </gpxx:WaypointExtension>
    </extensions>
  </wpt>

  <wpt lat="25.4497559" lon="-80.1600147">
    <time>2018-01-18T13:23:52Z</time>
    <name>ELLIOTPATCH</name>
    <cmt>ELLIOT PATCH REEFS</cmt>
    <desc>ELLIOT PATCH REEFS</desc>
    <sym>Pin, Blue</sym>
    <extensions>
      <gpxx:WaypointExtension xmlns:gpxx="http://www.garmin.com/xmlschemas/GpxExtensions/v3">
        <gpxx:DisplayMode>SymbolOnly</gpxx:DisplayMode>
      </gpxx:WaypointExtension>
    </extensions>
  </wpt>

  <wpt lat="25.4531000" lon="-80.1833100">
    <name>ELLIOTPATCH1</name>
    <cmt>PATCH REEF CHUM FOR SNAPPER GROUPER KINGS CERO</cmt>
    <desc>PATCH REEF CHUM FOR SNAPPER GROUPER KINGS CERO</desc>
    <sym>Civil</sym>
    <extensions>
      <gpxx:WaypointExtension xmlns:gpxx="http://www.garmin.com/xmlschemas/GpxExtensions/v3">
        <gpxx:DisplayMode>SymbolOnly</gpxx:DisplayMode>
      </gpxx:WaypointExtension>
    </extensions>
  </wpt>

  <wpt lat="25.4511413" lon="-80.1894016">
    <time>2016-05-01T13:55:55Z</time>
    <name>ELLIOTPATCH2</name>
    <cmt>PATCH REEF FOR BOTTOM FISH SNAPPER, GROUPER CHUM HEAVY</cmt>
    <desc>PATCH REEF FOR BOTTOM FISH SNAPPER, GROUPER CHUM HEAVY</desc>
    <sym>Civil</sym>
    <extensions>
      <gpxx:WaypointExtension xmlns:gpxx="http://www.garmin.com/xmlschemas/GpxExtensions/v3">
        <gpxx:DisplayMode>SymbolOnly</gpxx:DisplayMode>
      </gpxx:WaypointExtension>
    </extensions>
  </wpt>

  <wpt lat="25.4417006" lon="-80.1934394">
    <time>2016-05-01T13:55:45Z</time>
    <name>ELLIOTPATCH3</name>
    <cmt>PATCH REEF FOR BOTTOM FISH SNAPPER, GROUPER CHUM HEAVY</cmt>
    <desc>PATCH REEF FOR BOTTOM FISH SNAPPER, GROUPER CHUM HEAVY</desc>
    <sym>Civil</sym>
    <extensions>
      <gpxx:WaypointExtension xmlns:gpxx="http://www.garmin.com/xmlschemas/GpxExtensions/v3">
        <gpxx:DisplayMode>SymbolOnly</gpxx:DisplayMode>
      </gpxx:WaypointExtension>
    </extensions>
  </wpt>

  <wpt lat="25.4472916" lon="-80.1769664">
    <time>2016-05-01T13:50:39Z</time>
    <name>ELLIOTPATCH5</name>
    <cmt>PATCH REEF FOR BOTTOM FISH SNAPPER, GROUPER CHUM HEAVY</cmt>
    <desc>PATCH REEF FOR BOTTOM FISH SNAPPER, GROUPER CHUM HEAVY</desc>
    <sym>Civil</sym>
    <extensions>
      <gpxx:WaypointExtension xmlns:gpxx="http://www.garmin.com/xmlschemas/GpxExtensions/v3">
        <gpxx:DisplayMode>SymbolOnly</gpxx:DisplayMode>
      </gpxx:WaypointExtension>
    </extensions>
  </wpt>

  <wpt lat="25.4405834" lon="-80.1792135">
    <time>2016-05-01T13:55:30Z</time>
    <name>ELLIOTPATCH6</name>
    <cmt>PATCH REEF FOR BOTTOM FISH SNAPPER, GROUPER CHUM HEAVY</cmt>
    <desc>PATCH REEF FOR BOTTOM FISH SNAPPER, GROUPER CHUM HEAVY</desc>
    <sym>Civil</sym>
    <extensions>
      <gpxx:WaypointExtension xmlns:gpxx="http://www.garmin.com/xmlschemas/GpxExtensions/v3">
        <gpxx:DisplayMode>SymbolOnly</gpxx:DisplayMode>
      </gpxx:WaypointExtension>
    </extensions>
  </wpt>

  <wpt lat="26.0101000" lon="-80.0936170">
    <name>EMMIBOGGSWRK</name>
    <cmt>55 FT LCM BARGE ON BOTTOM</cmt>
    <desc>55 FT LCM BARGE ON BOTTOM</desc>
    <sym>Fishing Area</sym>
    <extensions>
      <gpxx:WaypointExtension xmlns:gpxx="http://www.garmin.com/xmlschemas/GpxExtensions/v3">
        <gpxx:DisplayMode>SymbolOnly</gpxx:DisplayMode>
      </gpxx:WaypointExtension>
    </extensions>
  </wpt>

  <wpt lat="25.6879330" lon="-80.0674670">
    <name>FERRYWRECK</name>
    <cmt>103 FT STEEL FERRY COBIA KINGS BONITO</cmt>
    <desc>103 FT STEEL FERRY COBIA KINGS BONITO</desc>
    <sym>Fishing Area</sym>
    <extensions>
      <gpxx:WaypointExtension xmlns:gpxx="http://www.garmin.com/xmlschemas/GpxExtensions/v3">
        <gpxx:DisplayMode>SymbolOnly</gpxx:DisplayMode>
      </gpxx:WaypointExtension>
    </extensions>
  </wpt>

  <wpt lat="25.8654330" lon="-80.0539830">
    <name>FIBERGLASSBOAT</name>
    <cmt>40 FOOT FIBERGLASS BOAT</cmt>
    <desc>40 FOOT FIBERGLASS BOAT</desc>
    <sym>Fishing Area</sym>
    <extensions>
      <gpxx:WaypointExtension xmlns:gpxx="http://www.garmin.com/xmlschemas/GpxExtensions/v3">
        <gpxx:DisplayMode>SymbolOnly</gpxx:DisplayMode>
      </gpxx:WaypointExtension>
    </extensions>
  </wpt>

  <wpt lat="25.7853830" lon="-80.0366000">
    <name>FIREBOAT</name>
    <cmt>COBIA KINGS BONITO AJ 110 FOOT STEEL SHIP</cmt>
    <desc>COBIA KINGS BONITO AJ 110 FOOT STEEL SHIP</desc>
    <sym>Fishing Area</sym>
    <extensions>
      <gpxx:WaypointExtension xmlns:gpxx="http://www.garmin.com/xmlschemas/GpxExtensions/v3">
        <gpxx:DisplayMode>SymbolOnly</gpxx:DisplayMode>
      </gpxx:WaypointExtension>
    </extensions>
  </wpt>

  <wpt lat="25.7670000" lon="-80.1268300">
    <name>FISHNGAME1</name>
    <cmt>reef area good for bottom fishing or trolling drfiting live bait</cmt>
    <desc>reef area good for bottom fishing or trolling drfiting live bait</desc>
    <sym>Fishing Area</sym>
    <extensions>
      <gpxx:WaypointExtension xmlns:gpxx="http://www.garmin.com/xmlschemas/GpxExtensions/v3">
        <gpxx:DisplayMode>SymbolOnly</gpxx:DisplayMode>
      </gpxx:WaypointExtension>
    </extensions>
  </wpt>

  <wpt lat="25.7640000" lon="-80.1266700">
    <name>FISHNGAME11</name>
    <cmt>GOOD FOR TROLL DRIFT OR BOTTOM FISH</cmt>
    <desc>GOOD FOR TROLL DRIFT OR BOTTOM FISH</desc>
    <sym>Fishing Area</sym>
    <extensions>
      <gpxx:WaypointExtension xmlns:gpxx="http://www.garmin.com/xmlschemas/GpxExtensions/v3">
        <gpxx:DisplayMode>SymbolOnly</gpxx:DisplayMode>
      </gpxx:WaypointExtension>
    </extensions>
  </wpt>

  <wpt lat="25.7668300" lon="-80.1280000">
    <name>FISHNGAME13</name>
    <cmt>GOOD FOR TROLL DRIFT OR BOTTOM FISH</cmt>
    <desc>GOOD FOR TROLL DRIFT OR BOTTOM FISH</desc>
    <sym>Fishing Area</sym>
    <extensions>
      <gpxx:WaypointExtension xmlns:gpxx="http://www.garmin.com/xmlschemas/GpxExtensions/v3">
        <gpxx:DisplayMode>SymbolOnly</gpxx:DisplayMode>
      </gpxx:WaypointExtension>
    </extensions>
  </wpt>

  <wpt lat="25.7678300" lon="-80.1270000">
    <name>FISHNGAME14</name>
    <cmt>GOOD FOR TROLL DRIFT OR BOTTOM FISH</cmt>
    <desc>GOOD FOR TROLL DRIFT OR BOTTOM FISH</desc>
    <sym>Fishing Area</sym>
    <extensions>
      <gpxx:WaypointExtension xmlns:gpxx="http://www.garmin.com/xmlschemas/GpxExtensions/v3">
        <gpxx:DisplayMode>SymbolOnly</gpxx:DisplayMode>
      </gpxx:WaypointExtension>
    </extensions>
  </wpt>

  <wpt lat="25.7653300" lon="-80.1278300">
    <name>FISHNGAME2</name>
    <cmt>reef area good for bottom fishing or trolling drfiting live bait</cmt>
    <desc>reef area good for bottom fishing or trolling drfiting live bait</desc>
    <sym>Fishing Area</sym>
    <extensions>
      <gpxx:WaypointExtension xmlns:gpxx="http://www.garmin.com/xmlschemas/GpxExtensions/v3">
        <gpxx:DisplayMode>SymbolOnly</gpxx:DisplayMode>
      </gpxx:WaypointExtension>
    </extensions>
  </wpt>

  <wpt lat="25.7660000" lon="-80.1278300">
    <name>FISHNGAME22</name>
    <cmt>TROLL OR DRIFT BOTTOM FISH HOLDS FISH</cmt>
    <desc>TROLL OR DRIFT BOTTOM FISH HOLDS FISH</desc>
    <sym>Fishing Area</sym>
    <extensions>
      <gpxx:WaypointExtension xmlns:gpxx="http://www.garmin.com/xmlschemas/GpxExtensions/v3">
        <gpxx:DisplayMode>SymbolOnly</gpxx:DisplayMode>
      </gpxx:WaypointExtension>
    </extensions>
  </wpt>

  <wpt lat="25.7651700" lon="-80.1266700">
    <name>FISHNGAME3</name>
    <cmt>reef area good for bottom fishing or trolling drfiting live bait</cmt>
    <desc>reef area good for bottom fishing or trolling drfiting live bait</desc>
    <sym>Fishing Area</sym>
    <extensions>
      <gpxx:WaypointExtension xmlns:gpxx="http://www.garmin.com/xmlschemas/GpxExtensions/v3">
        <gpxx:DisplayMode>SymbolOnly</gpxx:DisplayMode>
      </gpxx:WaypointExtension>
    </extensions>
  </wpt>

  <wpt lat="25.7685000" lon="-80.1273300">
    <name>FISHNGAME4</name>
    <cmt>reef area good for bottom fishing or trolling drfiting live bait</cmt>
    <desc>reef area good for bottom fishing or trolling drfiting live bait</desc>
    <sym>Fishing Area</sym>
    <extensions>
      <gpxx:WaypointExtension xmlns:gpxx="http://www.garmin.com/xmlschemas/GpxExtensions/v3">
        <gpxx:DisplayMode>SymbolOnly</gpxx:DisplayMode>
      </gpxx:WaypointExtension>
    </extensions>
  </wpt>

  <wpt lat="25.7646700" lon="-80.1276700">
    <name>FISHNGAME5</name>
    <cmt>reef area good for bottom fishing or trolling drfiting live bait</cmt>
    <desc>reef area good for bottom fishing or trolling drfiting live bait</desc>
    <sym>Fishing Area</sym>
    <extensions>
      <gpxx:WaypointExtension xmlns:gpxx="http://www.garmin.com/xmlschemas/GpxExtensions/v3">
        <gpxx:DisplayMode>SymbolOnly</gpxx:DisplayMode>
      </gpxx:WaypointExtension>
    </extensions>
  </wpt>

  <wpt lat="25.7661700" lon="-80.1268300">
    <name>FISHNGAME9</name>
    <cmt>GOOD SPOT ON THE TROLL OR BOTTOM FISH SCATTERED GOOD BOTTOM HOLDS FISH</cmt>
    <desc>GOOD SPOT ON THE TROLL OR BOTTOM FISH SCATTERED GOOD BOTTOM HOLDS FISH</desc>
    <sym>Fishing Area</sym>
    <extensions>
      <gpxx:WaypointExtension xmlns:gpxx="http://www.garmin.com/xmlschemas/GpxExtensions/v3">
        <gpxx:DisplayMode>SymbolOnly</gpxx:DisplayMode>
      </gpxx:WaypointExtension>
    </extensions>
  </wpt>

  <wpt lat="25.6998330" lon="-80.0825330">
    <name>FREIGHTER1</name>
    <cmt>135 FT FREIGHTER ON BOTTOM AJ BONITO GROUPER</cmt>
    <desc>135 FT FREIGHTER ON BOTTOM AJ BONITO GROUPER</desc>
    <sym>Fishing Area</sym>
    <extensions>
      <gpxx:WaypointExtension xmlns:gpxx="http://www.garmin.com/xmlschemas/GpxExtensions/v3">
        <gpxx:DisplayMode>SymbolOnly</gpxx:DisplayMode>
      </gpxx:WaypointExtension>
    </extensions>
  </wpt>

  <wpt lat="25.9522330" lon="-80.0651330">
    <name>FREIGHTER5</name>
    <cmt>AJ KINGS BONITO ON 257 FT STEEL FREIGHTER. HOLDS FISH ON BOTTOM</cmt>
    <desc>AJ KINGS BONITO ON 257 FT STEEL FREIGHTER. HOLDS FISH ON BOTTOM</desc>
    <sym>Fishing Area</sym>
    <extensions>
      <gpxx:WaypointExtension xmlns:gpxx="http://www.garmin.com/xmlschemas/GpxExtensions/v3">
        <gpxx:DisplayMode>SymbolOnly</gpxx:DisplayMode>
      </gpxx:WaypointExtension>
    </extensions>
  </wpt>

  <wpt lat="25.9093670" lon="-80.0899500">
    <name>FREIGHTER6</name>
    <cmt>150 FT STEEL FREIGHTER</cmt>
    <desc>150 FT STEEL FREIGHTER</desc>
    <sym>Fishing Area</sym>
    <extensions>
      <gpxx:WaypointExtension xmlns:gpxx="http://www.garmin.com/xmlschemas/GpxExtensions/v3">
        <gpxx:DisplayMode>SymbolOnly</gpxx:DisplayMode>
      </gpxx:WaypointExtension>
    </extensions>
  </wpt>

  <wpt lat="26.0066330" lon="-80.0931500">
    <name>FREIGHTER7</name>
    <cmt>85 FT FREIGHTER</cmt>
    <desc>85 FT FREIGHTER</desc>
    <sym>Fishing Area</sym>
    <extensions>
      <gpxx:WaypointExtension xmlns:gpxx="http://www.garmin.com/xmlschemas/GpxExtensions/v3">
        <gpxx:DisplayMode>SymbolOnly</gpxx:DisplayMode>
      </gpxx:WaypointExtension>
    </extensions>
  </wpt>

  <wpt lat="25.7039874" lon="-80.0105932">
    <time>2000-01-01T05:00:00Z</time>
    <name>GEJAWRECK</name>
    <cmt>WRECK WITH LIVE BOTTOM IN AREA</cmt>
    <desc>WRECK WITH LIVE BOTTOM IN AREA</desc>
    <sym>Fishing Area</sym>
    <extensions>
      <gpxx:WaypointExtension xmlns:gpxx="http://www.garmin.com/xmlschemas/GpxExtensions/v3">
        <gpxx:DisplayMode>SymbolOnly</gpxx:DisplayMode>
      </gpxx:WaypointExtension>
    </extensions>
  </wpt>

  <wpt lat="25.7072830" lon="-80.0811670">
    <name>GIMROCK BARGES</name>
    <cmt>195 FOOT LONG BARGE WITH SCRAP STEEL FROM ANOTHER BARGE INSIDE, DEPTH 165, CONFIRMED USING GPS</cmt>
    <desc>195 FOOT LONG BARGE WITH SCRAP STEEL FROM ANOTHER BARGE INSIDE, DEPTH 165, CONFIRMED USING GPS</desc>
    <sym>Fishing Area</sym>
    <extensions>
      <gpxx:WaypointExtension xmlns:gpxx="http://www.garmin.com/xmlschemas/GpxExtensions/v3">
        <gpxx:DisplayMode>SymbolOnly</gpxx:DisplayMode>
      </gpxx:WaypointExtension>
    </extensions>
  </wpt>

  <wpt lat="25.7070000" lon="-80.0750000">
    <name>GIMROCKBARGE</name>
    <cmt>STEEL DECK BARGE</cmt>
    <desc>STEEL DECK BARGE</desc>
    <sym>Fishing Area</sym>
    <extensions>
      <gpxx:WaypointExtension xmlns:gpxx="http://www.garmin.com/xmlschemas/GpxExtensions/v3">
        <gpxx:DisplayMode>SymbolOnly</gpxx:DisplayMode>
      </gpxx:WaypointExtension>
    </extensions>
  </wpt>

  <wpt lat="25.8205000" lon="-80.0845000">
    <name>GIMROCKBARGE1</name>
    <cmt>BONITA KINGS AJ BARGE 195 FT</cmt>
    <desc>BONITA KINGS AJ BARGE 195 FT</desc>
    <sym>Fishing Area</sym>
    <extensions>
      <gpxx:WaypointExtension xmlns:gpxx="http://www.garmin.com/xmlschemas/GpxExtensions/v3">
        <gpxx:DisplayMode>SymbolOnly</gpxx:DisplayMode>
      </gpxx:WaypointExtension>
    </extensions>
  </wpt>

  <wpt lat="25.9625830" lon="-80.0978670">
    <name>GOLDEN BEACH2</name>
    <cmt>1 ULTRA 4 PALLET AND 3 BAY REEFBALLS</cmt>
    <desc>1 ULTRA 4 PALLET AND 3 BAY REEFBALLS</desc>
    <sym>Fishing Area</sym>
    <extensions>
      <gpxx:WaypointExtension xmlns:gpxx="http://www.garmin.com/xmlschemas/GpxExtensions/v3">
        <gpxx:DisplayMode>SymbolOnly</gpxx:DisplayMode>
      </gpxx:WaypointExtension>
    </extensions>
  </wpt>

  <wpt lat="25.9627170" lon="-80.0977170">
    <name>GOLDENBCH8</name>
    <cmt>THREE PILES OF LIMESTONE BOULDERS AND 3 CONCRETE SLABS</cmt>
    <desc>THREE PILES OF LIMESTONE BOULDERS AND 3 CONCRETE SLABS</desc>
    <sym>Fishing Area</sym>
    <extensions>
      <gpxx:WaypointExtension xmlns:gpxx="http://www.garmin.com/xmlschemas/GpxExtensions/v3">
        <gpxx:DisplayMode>SymbolOnly</gpxx:DisplayMode>
      </gpxx:WaypointExtension>
    </extensions>
  </wpt>

  <wpt lat="25.9629830" lon="-80.0979500">
    <name>GOLDENBEACH1</name>
    <cmt>5 TONS REEFBALLS VARIOUS SIZES</cmt>
    <desc>5 TONS REEFBALLS VARIOUS SIZES</desc>
    <sym>Fishing Area</sym>
    <extensions>
      <gpxx:WaypointExtension xmlns:gpxx="http://www.garmin.com/xmlschemas/GpxExtensions/v3">
        <gpxx:DisplayMode>SymbolOnly</gpxx:DisplayMode>
      </gpxx:WaypointExtension>
    </extensions>
  </wpt>

  <wpt lat="25.9627830" lon="-80.0979500">
    <name>GOLDENBEACH6</name>
    <cmt>5 PALLET AND 5 BAY REEFBALLS</cmt>
    <desc>5 PALLET AND 5 BAY REEFBALLS</desc>
    <sym>Fishing Area</sym>
    <extensions>
      <gpxx:WaypointExtension xmlns:gpxx="http://www.garmin.com/xmlschemas/GpxExtensions/v3">
        <gpxx:DisplayMode>SymbolOnly</gpxx:DisplayMode>
      </gpxx:WaypointExtension>
    </extensions>
  </wpt>

  <wpt lat="25.9626830" lon="-80.0980170">
    <name>GOLDENBEACH7</name>
    <cmt>1 ULTRA AND 6 BAY REEFBALLS ON BOTTOM</cmt>
    <desc>1 ULTRA AND 6 BAY REEFBALLS ON BOTTOM</desc>
    <sym>Fishing Area</sym>
    <extensions>
      <gpxx:WaypointExtension xmlns:gpxx="http://www.garmin.com/xmlschemas/GpxExtensions/v3">
        <gpxx:DisplayMode>SymbolOnly</gpxx:DisplayMode>
      </gpxx:WaypointExtension>
    </extensions>
  </wpt>

  <wpt lat="25.9625830" lon="-80.0978330">
    <name>GOLDENBEACH8</name>
    <cmt>10 REEFBALLS VARIOUS SIZES</cmt>
    <desc>10 REEFBALLS VARIOUS SIZES</desc>
    <sym>Fishing Area</sym>
    <extensions>
      <gpxx:WaypointExtension xmlns:gpxx="http://www.garmin.com/xmlschemas/GpxExtensions/v3">
        <gpxx:DisplayMode>SymbolOnly</gpxx:DisplayMode>
      </gpxx:WaypointExtension>
    </extensions>
  </wpt>

  <wpt lat="25.9095800" lon="-80.0895000">
    <name>GORDONPASS1</name>
    <cmt>reef area good for bottom fishing or trolling drfiting live bait</cmt>
    <desc>reef area good for bottom fishing or trolling drfiting live bait</desc>
    <sym>Fishing Area</sym>
    <extensions>
      <gpxx:WaypointExtension xmlns:gpxx="http://www.garmin.com/xmlschemas/GpxExtensions/v3">
        <gpxx:DisplayMode>SymbolOnly</gpxx:DisplayMode>
      </gpxx:WaypointExtension>
    </extensions>
  </wpt>

  <wpt lat="26.0102500" lon="-80.0940670">
    <name>GRADYBARGE</name>
    <cmt>61 FT BARGE AND 150 TONS OF LIMESTONE HOLDS FISH</cmt>
    <desc>61 FT BARGE AND 150 TONS OF LIMESTONE HOLDS FISH</desc>
    <sym>Fishing Area</sym>
    <extensions>
      <gpxx:WaypointExtension xmlns:gpxx="http://www.garmin.com/xmlschemas/GpxExtensions/v3">
        <gpxx:DisplayMode>SymbolOnly</gpxx:DisplayMode>
      </gpxx:WaypointExtension>
    </extensions>
  </wpt>

  <wpt lat="25.9726504" lon="-80.0739420">
    <time>2018-01-18T13:21:12Z</time>
    <name>HALLANDALE</name>
    <cmt>HALLANDALE LEDGES</cmt>
    <desc>HALLANDALE LEDGES</desc>
    <sym>Pin, Blue</sym>
    <extensions>
      <gpxx:WaypointExtension xmlns:gpxx="http://www.garmin.com/xmlschemas/GpxExtensions/v3">
        <gpxx:DisplayMode>SymbolOnly</gpxx:DisplayMode>
      </gpxx:WaypointExtension>
    </extensions>
  </wpt>

  <wpt lat="26.0586890" lon="-80.1278250">
    <ele>0.0000000</ele>
    <name>HarbourTowne</name>
    <cmt>BOAT RAMP</cmt>
    <desc>BOAT RAMP</desc>
    <sym>Boat Ramp</sym>
    <extensions>
      <gpxx:WaypointExtension xmlns:gpxx="http://www.garmin.com/xmlschemas/GpxExtensions/v3">
        <gpxx:DisplayMode>SymbolOnly</gpxx:DisplayMode>
      </gpxx:WaypointExtension>
    </extensions>
  </wpt>

  <wpt lat="25.8908300" lon="-80.0773300">
    <name>HAULOVERCULVERTS</name>
    <cmt>CONCRETE CULVERT PIPES</cmt>
    <desc>CONCRETE CULVERT PIPES</desc>
    <sym>Fishing Area</sym>
    <extensions>
      <gpxx:WaypointExtension xmlns:gpxx="http://www.garmin.com/xmlschemas/GpxExtensions/v3">
        <gpxx:DisplayMode>SymbolOnly</gpxx:DisplayMode>
      </gpxx:WaypointExtension>
    </extensions>
  </wpt>

  <wpt lat="25.8895500" lon="-80.0769300">
    <name>HAULOVERMODULES</name>
    <cmt>HAULOVER MODULES ON BOTTOM</cmt>
    <desc>HAULOVER MODULES ON BOTTOM</desc>
    <sym>Fishing Area</sym>
    <extensions>
      <gpxx:WaypointExtension xmlns:gpxx="http://www.garmin.com/xmlschemas/GpxExtensions/v3">
        <gpxx:DisplayMode>SymbolOnly</gpxx:DisplayMode>
      </gpxx:WaypointExtension>
    </extensions>
  </wpt>

  <wpt lat="25.9168400" lon="-80.1237400">
    <ele>0.0000000</ele>
    <name>HauloverPark</name>
    <cmt>BOAT RAMP</cmt>
    <desc>BOAT RAMP</desc>
    <sym>Boat Ramp</sym>
    <extensions>
      <gpxx:WaypointExtension xmlns:gpxx="http://www.garmin.com/xmlschemas/GpxExtensions/v3">
        <gpxx:DisplayMode>SymbolOnly</gpxx:DisplayMode>
      </gpxx:WaypointExtension>
    </extensions>
  </wpt>

  <wpt lat="25.7095330" lon="-80.0753330">
    <name>HEMMINGWAYWRK</name>
    <cmt>STEEL SAILBOAT ON BOTTOM HERE, HOLDS GOLIOATH AND AJ</cmt>
    <desc>STEEL SAILBOAT ON BOTTOM HERE, HOLDS GOLIOATH AND AJ</desc>
    <sym>Fishing Area</sym>
    <extensions>
      <gpxx:WaypointExtension xmlns:gpxx="http://www.garmin.com/xmlschemas/GpxExtensions/v3">
        <gpxx:DisplayMode>SymbolOnly</gpxx:DisplayMode>
      </gpxx:WaypointExtension>
    </extensions>
  </wpt>

  <wpt lat="26.0199720" lon="-80.1195140">
    <ele>0.0000000</ele>
    <name>Holland Park</name>
    <cmt>BOAT RAMP</cmt>
    <desc>BOAT RAMP</desc>
    <sym>Boat Ramp</sym>
    <extensions>
      <gpxx:WaypointExtension xmlns:gpxx="http://www.garmin.com/xmlschemas/GpxExtensions/v3">
        <gpxx:DisplayMode>SymbolOnly</gpxx:DisplayMode>
      </gpxx:WaypointExtension>
    </extensions>
  </wpt>

  <wpt lat="26.0142310" lon="-80.1215470">
    <ele>0.0000000</ele>
    <name>Hollywood Marina</name>
    <cmt>BOAT RAMP</cmt>
    <desc>BOAT RAMP</desc>
    <sym>Boat Ramp</sym>
    <extensions>
      <gpxx:WaypointExtension xmlns:gpxx="http://www.garmin.com/xmlschemas/GpxExtensions/v3">
        <gpxx:DisplayMode>SymbolOnly</gpxx:DisplayMode>
      </gpxx:WaypointExtension>
    </extensions>
  </wpt>

  <wpt lat="25.6177670" lon="-80.0816670">
    <name>HOPPER BARGE</name>
    <cmt>150 FOOT STEEL HOPPER BARGE</cmt>
    <desc>150 FOOT STEEL HOPPER BARGE</desc>
    <sym>Fishing Area</sym>
    <extensions>
      <gpxx:WaypointExtension xmlns:gpxx="http://www.garmin.com/xmlschemas/GpxExtensions/v3">
        <gpxx:DisplayMode>SymbolOnly</gpxx:DisplayMode>
      </gpxx:WaypointExtension>
    </extensions>
  </wpt>

  <wpt lat="25.8129330" lon="-80.0892500">
    <name>HOPPERBARGE1</name>
    <cmt>LARGE HOPPER BARGE HOLDS FISH</cmt>
    <desc>LARGE HOPPER BARGE HOLDS FISH</desc>
    <sym>Fishing Area</sym>
    <extensions>
      <gpxx:WaypointExtension xmlns:gpxx="http://www.garmin.com/xmlschemas/GpxExtensions/v3">
        <gpxx:DisplayMode>SymbolOnly</gpxx:DisplayMode>
      </gpxx:WaypointExtension>
    </extensions>
  </wpt>

  <wpt lat="25.7603670" lon="-80.0471170">
    <name>HOPPERBARGE3</name>
    <cmt>175 FT STEEL HOPPER BARGE</cmt>
    <desc>175 FT STEEL HOPPER BARGE</desc>
    <sym>Fishing Area</sym>
    <extensions>
      <gpxx:WaypointExtension xmlns:gpxx="http://www.garmin.com/xmlschemas/GpxExtensions/v3">
        <gpxx:DisplayMode>SymbolOnly</gpxx:DisplayMode>
      </gpxx:WaypointExtension>
    </extensions>
  </wpt>

  <wpt lat="25.7024330" lon="-80.0850330">
    <name>HOPPERBARGE4</name>
    <cmt>210 FOOT HOPPER BARGE</cmt>
    <desc>210 FOOT HOPPER BARGE</desc>
    <sym>Fishing Area</sym>
    <extensions>
      <gpxx:WaypointExtension xmlns:gpxx="http://www.garmin.com/xmlschemas/GpxExtensions/v3">
        <gpxx:DisplayMode>SymbolOnly</gpxx:DisplayMode>
      </gpxx:WaypointExtension>
    </extensions>
  </wpt>

  <wpt lat="25.7656200" lon="-80.1277800">
    <name>HOSTSPOT16</name>
    <cmt>SCATTERED BOTTOM NEAR REEF AREA HOLDS FISH</cmt>
    <desc>SCATTERED BOTTOM NEAR REEF AREA HOLDS FISH</desc>
    <sym>Fishing Area</sym>
    <extensions>
      <gpxx:WaypointExtension xmlns:gpxx="http://www.garmin.com/xmlschemas/GpxExtensions/v3">
        <gpxx:DisplayMode>SymbolOnly</gpxx:DisplayMode>
      </gpxx:WaypointExtension>
    </extensions>
  </wpt>

  <wpt lat="25.7512700" lon="-80.1308600">
    <name>HOSTSPOT21</name>
    <cmt>SCATTERED CORAL AND ROCK BOTTOM HOLDS BAIT AND FISH</cmt>
    <desc>SCATTERED CORAL AND ROCK BOTTOM HOLDS BAIT AND FISH</desc>
    <sym>Fishing Area</sym>
    <extensions>
      <gpxx:WaypointExtension xmlns:gpxx="http://www.garmin.com/xmlschemas/GpxExtensions/v3">
        <gpxx:DisplayMode>SymbolOnly</gpxx:DisplayMode>
      </gpxx:WaypointExtension>
    </extensions>
  </wpt>

  <wpt lat="25.8589150" lon="-80.0834663">
    <time>2016-03-14T19:35:02Z</time>
    <name>HOTBOTTM1</name>
    <cmt>CHUM FOR SNAPPER GROUPER KINGS</cmt>
    <desc>CHUM FOR SNAPPER GROUPER KINGS</desc>
    <sym>Flag, Blue</sym>
    <extensions>
      <gpxx:WaypointExtension xmlns:gpxx="http://www.garmin.com/xmlschemas/GpxExtensions/v3">
        <gpxx:DisplayMode>SymbolOnly</gpxx:DisplayMode>
      </gpxx:WaypointExtension>
    </extensions>
  </wpt>

  <wpt lat="25.8703942" lon="-80.0926086">
    <time>2016-03-14T19:36:29Z</time>
    <name>HOTBOTTM3</name>
    <cmt>ANCHOR AND CHUM FOR SNAPPER, GROUPER, KINGS</cmt>
    <desc>ANCHOR AND CHUM FOR SNAPPER, GROUPER, KINGS</desc>
    <sym>Flag, Blue</sym>
    <extensions>
      <gpxx:WaypointExtension xmlns:gpxx="http://www.garmin.com/xmlschemas/GpxExtensions/v3">
        <gpxx:DisplayMode>SymbolOnly</gpxx:DisplayMode>
      </gpxx:WaypointExtension>
    </extensions>
  </wpt>

  <wpt lat="25.7247314" lon="-80.1191422">
    <time>2016-03-14T19:42:17Z</time>
    <name>HOTBOTTM6</name>
    <cmt>ANCHOR AND CHUM FOR SNAPPER, GROUPER, KINGS</cmt>
    <desc>ANCHOR AND CHUM FOR SNAPPER, GROUPER, KINGS</desc>
    <sym>Flag, Blue</sym>
    <extensions>
      <gpxx:WaypointExtension xmlns:gpxx="http://www.garmin.com/xmlschemas/GpxExtensions/v3">
        <gpxx:Depth>5.4864000</gpxx:Depth>
        <gpxx:DisplayMode>SymbolOnly</gpxx:DisplayMode>
      </gpxx:WaypointExtension>
    </extensions>
  </wpt>

  <wpt lat="25.8544043" lon="-80.0880198">
    <time>2016-03-14T19:35:59Z</time>
    <name>HOTBOTTOM2</name>
    <cmt>CHUM FOR SNAPPER GROUPER KINGS</cmt>
    <desc>CHUM FOR SNAPPER GROUPER KINGS</desc>
    <sym>Flag, Blue</sym>
    <extensions>
      <gpxx:WaypointExtension xmlns:gpxx="http://www.garmin.com/xmlschemas/GpxExtensions/v3">
        <gpxx:DisplayMode>SymbolOnly</gpxx:DisplayMode>
      </gpxx:WaypointExtension>
    </extensions>
  </wpt>

  <wpt lat="25.7410442" lon="-80.1212114">
    <time>2016-03-14T23:13:25Z</time>
    <name>HOTBOTTOM7</name>
    <cmt>CORAL AND ROCKY BOTTOM CHUM AND BOTTOM FISH</cmt>
    <desc>CORAL AND ROCKY BOTTOM CHUM AND BOTTOM FISH</desc>
    <sym>Flag, Blue</sym>
    <extensions>
      <gpxx:WaypointExtension xmlns:gpxx="http://www.garmin.com/xmlschemas/GpxExtensions/v3">
        <gpxx:DisplayMode>SymbolOnly</gpxx:DisplayMode>
      </gpxx:WaypointExtension>
    </extensions>
  </wpt>

  <wpt lat="25.7048526" lon="-80.0978804">
    <time>2016-03-15T00:04:09Z</time>
    <name>HOTBOTTOM8</name>
    <cmt>BOTTOM FISHING FOR MANGROVES GROUPER SNAPPER</cmt>
    <desc>BOTTOM FISHING FOR MANGROVES GROUPER SNAPPER</desc>
    <sym>Flag, Blue</sym>
    <extensions>
      <gpxx:WaypointExtension xmlns:gpxx="http://www.garmin.com/xmlschemas/GpxExtensions/v3">
        <gpxx:DisplayMode>SymbolOnly</gpxx:DisplayMode>
      </gpxx:WaypointExtension>
    </extensions>
  </wpt>

  <wpt lat="26.0350000" lon="-80.0920000">
    <time>2018-01-18T11:04:30Z</time>
    <name>HOTDANIA</name>
    <cmt>STRUCTURE HOLDS FISH</cmt>
    <desc>STRUCTURE HOLDS FISH</desc>
    <sym>Flag</sym>
    <extensions>
      <gpxx:WaypointExtension xmlns:gpxx="http://www.garmin.com/xmlschemas/GpxExtensions/v3">
        <gpxx:DisplayMode>SymbolOnly</gpxx:DisplayMode>
      </gpxx:WaypointExtension>
    </extensions>
  </wpt>

  <wpt lat="25.7398874" lon="-80.0877571">
    <time>2016-03-14T23:29:53Z</time>
    <name>HOTDROP3</name>
    <cmt>CHUM FISH FOR SNAPPER GROUPER</cmt>
    <desc>CHUM FISH FOR SNAPPER GROUPER</desc>
    <sym>Flag, Blue</sym>
    <extensions>
      <gpxx:WaypointExtension xmlns:gpxx="http://www.garmin.com/xmlschemas/GpxExtensions/v3">
        <gpxx:Depth>18.2880000</gpxx:Depth>
        <gpxx:DisplayMode>SymbolOnly</gpxx:DisplayMode>
      </gpxx:WaypointExtension>
    </extensions>
  </wpt>

  <wpt lat="26.0490000" lon="-80.0870000">
    <time>2018-01-18T11:01:07Z</time>
    <name>HOTHUMP</name>
    <cmt>HUGE RISE HOLDS FISH TOP AND BOTTOM</cmt>
    <desc>HUGE RISE HOLDS FISH TOP AND BOTTOM</desc>
    <sym>Flag</sym>
    <extensions>
      <gpxx:WaypointExtension xmlns:gpxx="http://www.garmin.com/xmlschemas/GpxExtensions/v3">
        <gpxx:DisplayMode>SymbolOnly</gpxx:DisplayMode>
      </gpxx:WaypointExtension>
    </extensions>
  </wpt>

  <wpt lat="26.0410000" lon="-80.0860000">
    <time>2018-01-18T10:59:28Z</time>
    <name>HOTLEDGE</name>
    <cmt>SERIES OF MINI LEDGES EXCELLENT BOTTOM FISHING TROLLING LIVE LINING</cmt>
    <desc>SERIES OF MINI LEDGES EXCELLENT BOTTOM FISHING TROLLING LIVE LINING</desc>
    <sym>Flag</sym>
    <extensions>
      <gpxx:WaypointExtension xmlns:gpxx="http://www.garmin.com/xmlschemas/GpxExtensions/v3">
        <gpxx:DisplayMode>SymbolOnly</gpxx:DisplayMode>
      </gpxx:WaypointExtension>
    </extensions>
  </wpt>

  <wpt lat="25.8656485" lon="-80.0865967">
    <time>2016-03-14T23:25:30Z</time>
    <name>HOTLEDGE2</name>
    <cmt>FISH EDGE OF DROP OFF FOR SAILS IN WINTER, AND BOTOM FISH YEAR ROUND</cmt>
    <desc>FISH EDGE OF DROP OFF FOR SAILS IN WINTER, AND BOTOM FISH YEAR ROUND</desc>
    <sym>Flag, Blue</sym>
    <extensions>
      <gpxx:WaypointExtension xmlns:gpxx="http://www.garmin.com/xmlschemas/GpxExtensions/v3">
        <gpxx:DisplayMode>SymbolOnly</gpxx:DisplayMode>
      </gpxx:WaypointExtension>
    </extensions>
  </wpt>

  <wpt lat="26.0380000" lon="-80.0930000">
    <time>2018-01-18T10:57:22Z</time>
    <name>HOTPATCH</name>
    <cmt>LEDGE CHUM BOTTOM FISH AND LIVE LINE</cmt>
    <desc>LEDGE CHUM BOTTOM FISH AND LIVE LINE</desc>
    <sym>Flag</sym>
    <extensions>
      <gpxx:WaypointExtension xmlns:gpxx="http://www.garmin.com/xmlschemas/GpxExtensions/v3">
        <gpxx:DisplayMode>SymbolOnly</gpxx:DisplayMode>
      </gpxx:WaypointExtension>
    </extensions>
  </wpt>

  <wpt lat="25.9186185" lon="-80.1041406">
    <time>2016-03-14T19:32:01Z</time>
    <name>HOTSPOT001</name>
    <cmt>TROLL FOR KINGFISH BONITO CUDAS WITH LIVE  BAIT OR BALLYHOO</cmt>
    <desc>TROLL FOR KINGFISH BONITO CUDAS WITH LIVE  BAIT OR BALLYHOO</desc>
    <sym>Flag, Blue</sym>
    <extensions>
      <gpxx:WaypointExtension xmlns:gpxx="http://www.garmin.com/xmlschemas/GpxExtensions/v3">
        <gpxx:Depth>9.1440000</gpxx:Depth>
        <gpxx:DisplayMode>SymbolOnly</gpxx:DisplayMode>
      </gpxx:WaypointExtension>
    </extensions>
  </wpt>

  <wpt lat="25.9086830" lon="-80.1041804">
    <time>2016-03-14T19:32:35Z</time>
    <name>HOTSPOT002</name>
    <cmt>TROLL FOR KINGFISH BONITO CUDAS WITH LIVE  BAIT OR BALLYHOO</cmt>
    <desc>TROLL FOR KINGFISH BONITO CUDAS WITH LIVE  BAIT OR BALLYHOO</desc>
    <sym>Flag, Blue</sym>
    <extensions>
      <gpxx:WaypointExtension xmlns:gpxx="http://www.garmin.com/xmlschemas/GpxExtensions/v3">
        <gpxx:Depth>9.1440000</gpxx:Depth>
        <gpxx:DisplayMode>SymbolOnly</gpxx:DisplayMode>
      </gpxx:WaypointExtension>
    </extensions>
  </wpt>

  <wpt lat="25.8903686" lon="-80.1090282">
    <time>2016-03-14T19:32:44Z</time>
    <name>HOTSPOT003</name>
    <cmt>TROLL FOR KINGFISH BONITO CUDAS WITH LIVE  BAIT OR BALLYHOO</cmt>
    <desc>TROLL FOR KINGFISH BONITO CUDAS WITH LIVE  BAIT OR BALLYHOO</desc>
    <sym>Flag, Blue</sym>
    <extensions>
      <gpxx:WaypointExtension xmlns:gpxx="http://www.garmin.com/xmlschemas/GpxExtensions/v3">
        <gpxx:Depth>5.4864000</gpxx:Depth>
        <gpxx:DisplayMode>SymbolOnly</gpxx:DisplayMode>
      </gpxx:WaypointExtension>
    </extensions>
  </wpt>

  <wpt lat="25.9462248" lon="-80.1038013">
    <time>2016-03-14T19:32:58Z</time>
    <name>HOTSPOT004</name>
    <cmt>TROLL FOR KINGFISH BONITO CUDAS WITH LIVE  BAIT OR BALLYHOO</cmt>
    <desc>TROLL FOR KINGFISH BONITO CUDAS WITH LIVE  BAIT OR BALLYHOO</desc>
    <sym>Flag, Blue</sym>
    <extensions>
      <gpxx:WaypointExtension xmlns:gpxx="http://www.garmin.com/xmlschemas/GpxExtensions/v3">
        <gpxx:Depth>9.1440000</gpxx:Depth>
        <gpxx:DisplayMode>SymbolOnly</gpxx:DisplayMode>
      </gpxx:WaypointExtension>
    </extensions>
  </wpt>

  <wpt lat="26.0155392" lon="-80.0864697">
    <time>2016-03-14T19:37:20Z</time>
    <name>HOTSPOT008</name>
    <cmt>CHUM FOR SNAPPER GROUPER KINGS BOTOM FISH</cmt>
    <desc>CHUM FOR SNAPPER GROUPER KINGS BOTOM FISH</desc>
    <sym>Flag, Blue</sym>
    <extensions>
      <gpxx:WaypointExtension xmlns:gpxx="http://www.garmin.com/xmlschemas/GpxExtensions/v3">
        <gpxx:DisplayMode>SymbolOnly</gpxx:DisplayMode>
      </gpxx:WaypointExtension>
    </extensions>
  </wpt>

  <wpt lat="26.0113038" lon="-80.1076702">
    <time>2016-03-14T19:37:38Z</time>
    <name>HOTSPOT009</name>
    <cmt>CHUM FISHING FOR SNAPPER AND OTHER</cmt>
    <desc>CHUM FISHING FOR SNAPPER AND OTHER</desc>
    <sym>Flag, Blue</sym>
    <extensions>
      <gpxx:WaypointExtension xmlns:gpxx="http://www.garmin.com/xmlschemas/GpxExtensions/v3">
        <gpxx:Depth>5.4864000</gpxx:Depth>
        <gpxx:DisplayMode>SymbolOnly</gpxx:DisplayMode>
      </gpxx:WaypointExtension>
    </extensions>
  </wpt>

  <wpt lat="26.0212040" lon="-80.1060219">
    <time>2016-03-14T19:37:56Z</time>
    <name>HOTSPOT010</name>
    <cmt>CHUM FISH FOR BOTTOM FISH AND BAIT</cmt>
    <desc>CHUM FISH FOR BOTTOM FISH AND BAIT</desc>
    <sym>Flag, Blue</sym>
    <extensions>
      <gpxx:WaypointExtension xmlns:gpxx="http://www.garmin.com/xmlschemas/GpxExtensions/v3">
        <gpxx:Depth>5.4864000</gpxx:Depth>
        <gpxx:DisplayMode>SymbolOnly</gpxx:DisplayMode>
      </gpxx:WaypointExtension>
    </extensions>
  </wpt>

  <wpt lat="25.7928916" lon="-80.0892306">
    <time>2016-03-14T19:39:12Z</time>
    <name>HOTSPOT011</name>
    <cmt>CHUM FISH FOR BOTTOM FISH AND BAIT</cmt>
    <desc>CHUM FISH FOR BOTTOM FISH AND BAIT</desc>
    <sym>Flag, Blue</sym>
    <extensions>
      <gpxx:WaypointExtension xmlns:gpxx="http://www.garmin.com/xmlschemas/GpxExtensions/v3">
        <gpxx:Depth>10.9728000</gpxx:Depth>
        <gpxx:DisplayMode>SymbolOnly</gpxx:DisplayMode>
      </gpxx:WaypointExtension>
    </extensions>
  </wpt>

  <wpt lat="25.7921794" lon="-80.0918319">
    <time>2016-03-14T19:39:28Z</time>
    <name>HOTSPOT012</name>
    <cmt>CHUM FISH FOR BOTTOM FISH AND BAIT</cmt>
    <desc>CHUM FISH FOR BOTTOM FISH AND BAIT</desc>
    <sym>Flag, Blue</sym>
    <extensions>
      <gpxx:WaypointExtension xmlns:gpxx="http://www.garmin.com/xmlschemas/GpxExtensions/v3">
        <gpxx:DisplayMode>SymbolOnly</gpxx:DisplayMode>
      </gpxx:WaypointExtension>
    </extensions>
  </wpt>

  <wpt lat="25.5439076" lon="-80.0957112">
    <time>2016-03-14T19:40:54Z</time>
    <name>HOTSPOT013</name>
    <cmt>FISH AND CHUM FOR SNAPPER AND BOTTOM OTHERS</cmt>
    <desc>FISH AND CHUM FOR SNAPPER AND BOTTOM OTHERS</desc>
    <sym>Flag, Blue</sym>
    <extensions>
      <gpxx:WaypointExtension xmlns:gpxx="http://www.garmin.com/xmlschemas/GpxExtensions/v3">
        <gpxx:Depth>18.2880000</gpxx:Depth>
        <gpxx:DisplayMode>SymbolOnly</gpxx:DisplayMode>
      </gpxx:WaypointExtension>
    </extensions>
  </wpt>

  <wpt lat="25.5657118" lon="-80.0938922">
    <time>2016-03-14T19:41:13Z</time>
    <name>HOTSPOT014</name>
    <cmt>CHUM FOR BOTTOM FISH</cmt>
    <desc>CHUM FOR BOTTOM FISH</desc>
    <sym>Flag, Blue</sym>
    <extensions>
      <gpxx:WaypointExtension xmlns:gpxx="http://www.garmin.com/xmlschemas/GpxExtensions/v3">
        <gpxx:Depth>18.2880000</gpxx:Depth>
        <gpxx:DisplayMode>SymbolOnly</gpxx:DisplayMode>
      </gpxx:WaypointExtension>
    </extensions>
  </wpt>

  <wpt lat="25.6541390" lon="-80.1039101">
    <time>2016-03-14T23:31:39Z</time>
    <name>HOTSPOT015</name>
    <cmt>BOTTOM FISH AND DRIFT LIVE BAIT</cmt>
    <desc>BOTTOM FISH AND DRIFT LIVE BAIT</desc>
    <sym>Flag, Blue</sym>
    <extensions>
      <gpxx:WaypointExtension xmlns:gpxx="http://www.garmin.com/xmlschemas/GpxExtensions/v3">
        <gpxx:Depth>5.4864000</gpxx:Depth>
        <gpxx:DisplayMode>SymbolOnly</gpxx:DisplayMode>
      </gpxx:WaypointExtension>
    </extensions>
  </wpt>

  <wpt lat="25.7002538" lon="-80.0968205">
    <time>2016-03-15T00:04:47Z</time>
    <name>HOTSPOT022</name>
    <cmt>BOTTOM FISH FOR VARIETY CHUM HEAVY</cmt>
    <desc>BOTTOM FISH FOR VARIETY CHUM HEAVY</desc>
    <sym>Flag, Blue</sym>
    <extensions>
      <gpxx:WaypointExtension xmlns:gpxx="http://www.garmin.com/xmlschemas/GpxExtensions/v3">
        <gpxx:Depth>9.1440000</gpxx:Depth>
        <gpxx:DisplayMode>SymbolOnly</gpxx:DisplayMode>
      </gpxx:WaypointExtension>
    </extensions>
  </wpt>

  <wpt lat="25.8120500" lon="-80.0896500">
    <name>HOTSPOT12</name>
    <cmt>SCATTERED BOTTOM NEAR REEF AREA HOLDS FISH</cmt>
    <desc>SCATTERED BOTTOM NEAR REEF AREA HOLDS FISH</desc>
    <sym>Fishing Area</sym>
    <extensions>
      <gpxx:WaypointExtension xmlns:gpxx="http://www.garmin.com/xmlschemas/GpxExtensions/v3">
        <gpxx:DisplayMode>SymbolOnly</gpxx:DisplayMode>
      </gpxx:WaypointExtension>
    </extensions>
  </wpt>

  <wpt lat="25.8161400" lon="-80.0811900">
    <name>HOTSPOT13</name>
    <cmt>SCATTERED BOTTOM NEAR REEF AREA HOLDS FISH</cmt>
    <desc>SCATTERED BOTTOM NEAR REEF AREA HOLDS FISH</desc>
    <sym>Fishing Area</sym>
    <extensions>
      <gpxx:WaypointExtension xmlns:gpxx="http://www.garmin.com/xmlschemas/GpxExtensions/v3">
        <gpxx:DisplayMode>SymbolOnly</gpxx:DisplayMode>
      </gpxx:WaypointExtension>
    </extensions>
  </wpt>

  <wpt lat="25.7494500" lon="-80.1279500">
    <name>HOTSPOT14</name>
    <cmt>HOLDS FISH AND BAIT</cmt>
    <desc>HOLDS FISH AND BAIT</desc>
    <sym>Fishing Area</sym>
    <extensions>
      <gpxx:WaypointExtension xmlns:gpxx="http://www.garmin.com/xmlschemas/GpxExtensions/v3">
        <gpxx:DisplayMode>SymbolOnly</gpxx:DisplayMode>
      </gpxx:WaypointExtension>
    </extensions>
  </wpt>

  <wpt lat="25.8111800" lon="-80.0910900">
    <name>HOTSPOT15</name>
    <cmt>HOLDS FISH</cmt>
    <desc>HOLDS FISH</desc>
    <sym>Fishing Area</sym>
    <extensions>
      <gpxx:WaypointExtension xmlns:gpxx="http://www.garmin.com/xmlschemas/GpxExtensions/v3">
        <gpxx:DisplayMode>SymbolOnly</gpxx:DisplayMode>
      </gpxx:WaypointExtension>
    </extensions>
  </wpt>

  <wpt lat="25.8902000" lon="-80.0846700">
    <name>HOTSPOT16</name>
    <cmt>SCATTERED BOTTOM



 HOLDS FISH</cmt>
    <desc>SCATTERED BOTTOM



 HOLDS FISH</desc>
    <sym>Fishing Area</sym>
    <extensions>
      <gpxx:WaypointExtension xmlns:gpxx="http://www.garmin.com/xmlschemas/GpxExtensions/v3">
        <gpxx:DisplayMode>SymbolOnly</gpxx:DisplayMode>
      </gpxx:WaypointExtension>
    </extensions>
  </wpt>

  <wpt lat="25.8130700" lon="-80.0895600">
    <name>HOTSPOT17</name>
    <cmt>MINI LEGDES AND HOLES HOLDS FISH</cmt>
    <desc>MINI LEGDES AND HOLES HOLDS FISH</desc>
    <sym>Fishing Area</sym>
    <extensions>
      <gpxx:WaypointExtension xmlns:gpxx="http://www.garmin.com/xmlschemas/GpxExtensions/v3">
        <gpxx:DisplayMode>SymbolOnly</gpxx:DisplayMode>
      </gpxx:WaypointExtension>
    </extensions>
  </wpt>

  <wpt lat="25.9081900" lon="-80.0905000">
    <name>HOTSPOT18</name>
    <cmt>MINI LEGDES AND HOLES HOLDS FISH</cmt>
    <desc>MINI LEGDES AND HOLES HOLDS FISH</desc>
    <sym>Fishing Area</sym>
    <extensions>
      <gpxx:WaypointExtension xmlns:gpxx="http://www.garmin.com/xmlschemas/GpxExtensions/v3">
        <gpxx:DisplayMode>SymbolOnly</gpxx:DisplayMode>
      </gpxx:WaypointExtension>
    </extensions>
  </wpt>

  <wpt lat="25.7661700" lon="-80.1278500">
    <name>HOTSPOT19</name>
    <cmt>MINI LEGDES AND HOLES HOLDS FISH</cmt>
    <desc>MINI LEGDES AND HOLES HOLDS FISH</desc>
    <sym>Fishing Area</sym>
    <extensions>
      <gpxx:WaypointExtension xmlns:gpxx="http://www.garmin.com/xmlschemas/GpxExtensions/v3">
        <gpxx:DisplayMode>SymbolOnly</gpxx:DisplayMode>
      </gpxx:WaypointExtension>
    </extensions>
  </wpt>

  <wpt lat="25.8127600" lon="-80.0903300">
    <name>HOTSPOT22</name>
    <cmt>MINI LEGDES AND HOLES HOLDS FISH</cmt>
    <desc>MINI LEGDES AND HOLES HOLDS FISH</desc>
    <sym>Fishing Area</sym>
    <extensions>
      <gpxx:WaypointExtension xmlns:gpxx="http://www.garmin.com/xmlschemas/GpxExtensions/v3">
        <gpxx:DisplayMode>SymbolOnly</gpxx:DisplayMode>
      </gpxx:WaypointExtension>
    </extensions>
  </wpt>

  <wpt lat="25.9086500" lon="-80.0907200">
    <name>HOTSPOT23</name>
    <cmt>MINI LEGDES AND HOLES HOLDS FISH</cmt>
    <desc>MINI LEGDES AND HOLES HOLDS FISH</desc>
    <sym>Fishing Area</sym>
    <extensions>
      <gpxx:WaypointExtension xmlns:gpxx="http://www.garmin.com/xmlschemas/GpxExtensions/v3">
        <gpxx:DisplayMode>SymbolOnly</gpxx:DisplayMode>
      </gpxx:WaypointExtension>
    </extensions>
  </wpt>

  <wpt lat="25.7450500" lon="-80.1257100">
    <name>HOTSPOT24</name>
    <cmt>SCATTERED BOTTOM HOLDS FISH</cmt>
    <desc>SCATTERED BOTTOM HOLDS FISH</desc>
    <sym>Fishing Area</sym>
    <extensions>
      <gpxx:WaypointExtension xmlns:gpxx="http://www.garmin.com/xmlschemas/GpxExtensions/v3">
        <gpxx:DisplayMode>SymbolOnly</gpxx:DisplayMode>
      </gpxx:WaypointExtension>
    </extensions>
  </wpt>

  <wpt lat="25.7689000" lon="-80.1281700">
    <name>HOTSPOT25</name>
    <cmt>SCATTERED BOTTOM HOLDS FISH</cmt>
    <desc>SCATTERED BOTTOM HOLDS FISH</desc>
    <sym>Fishing Area</sym>
    <extensions>
      <gpxx:WaypointExtension xmlns:gpxx="http://www.garmin.com/xmlschemas/GpxExtensions/v3">
        <gpxx:DisplayMode>SymbolOnly</gpxx:DisplayMode>
      </gpxx:WaypointExtension>
    </extensions>
  </wpt>

  <wpt lat="25.7678200" lon="-80.1278100">
    <name>HOTSPOT27</name>
    <cmt>GOOD SPOT TO TROLL DRIFT OR BOTTOM FISH</cmt>
    <desc>GOOD SPOT TO TROLL DRIFT OR BOTTOM FISH</desc>
    <sym>Fishing Area</sym>
    <extensions>
      <gpxx:WaypointExtension xmlns:gpxx="http://www.garmin.com/xmlschemas/GpxExtensions/v3">
        <gpxx:DisplayMode>SymbolOnly</gpxx:DisplayMode>
      </gpxx:WaypointExtension>
    </extensions>
  </wpt>

  <wpt lat="25.9096800" lon="-80.0902000">
    <name>HOTSPOT29</name>
    <cmt>GOOD SPOT TO TROLL DRIFT OR BOTTOM FISH</cmt>
    <desc>GOOD SPOT TO TROLL DRIFT OR BOTTOM FISH</desc>
    <sym>Fishing Area</sym>
    <extensions>
      <gpxx:WaypointExtension xmlns:gpxx="http://www.garmin.com/xmlschemas/GpxExtensions/v3">
        <gpxx:DisplayMode>SymbolOnly</gpxx:DisplayMode>
      </gpxx:WaypointExtension>
    </extensions>
  </wpt>

  <wpt lat="25.7561200" lon="-80.1235400">
    <name>HOTSPOT30</name>
    <cmt>GOOD SPOT TO TROLL DRIFT OR BOTTOM FISH</cmt>
    <desc>GOOD SPOT TO TROLL DRIFT OR BOTTOM FISH</desc>
    <sym>Fishing Area</sym>
    <extensions>
      <gpxx:WaypointExtension xmlns:gpxx="http://www.garmin.com/xmlschemas/GpxExtensions/v3">
        <gpxx:DisplayMode>SymbolOnly</gpxx:DisplayMode>
      </gpxx:WaypointExtension>
    </extensions>
  </wpt>

  <wpt lat="25.7521400" lon="-80.1308600">
    <name>HOTSPOT31</name>
    <cmt>CHUM FOR BAIT OR TROLL OR BOTTOM FISH SCATTERED GOOD BOTTOM HOLDS FISH</cmt>
    <desc>CHUM FOR BAIT OR TROLL OR BOTTOM FISH SCATTERED GOOD BOTTOM HOLDS FISH</desc>
    <sym>Fishing Area</sym>
    <extensions>
      <gpxx:WaypointExtension xmlns:gpxx="http://www.garmin.com/xmlschemas/GpxExtensions/v3">
        <gpxx:DisplayMode>SymbolOnly</gpxx:DisplayMode>
      </gpxx:WaypointExtension>
    </extensions>
  </wpt>

  <wpt lat="25.8097600" lon="-80.0908300">
    <name>HOTSPOT32</name>
    <cmt>BOTTOM FISH OR LIVE LINE DRIFT SCATTERED GOOD BOTTOM</cmt>
    <desc>BOTTOM FISH OR LIVE LINE DRIFT SCATTERED GOOD BOTTOM</desc>
    <sym>Fishing Area</sym>
    <extensions>
      <gpxx:WaypointExtension xmlns:gpxx="http://www.garmin.com/xmlschemas/GpxExtensions/v3">
        <gpxx:DisplayMode>SymbolOnly</gpxx:DisplayMode>
      </gpxx:WaypointExtension>
    </extensions>
  </wpt>

  <wpt lat="25.7578900" lon="-80.1233900">
    <name>HOTSPOT33</name>
    <cmt>BOTTOM FISH OR LIVE LINE DRIFT SCATTERED GOOD BOTTOM</cmt>
    <desc>BOTTOM FISH OR LIVE LINE DRIFT SCATTERED GOOD BOTTOM</desc>
    <sym>Fishing Area</sym>
    <extensions>
      <gpxx:WaypointExtension xmlns:gpxx="http://www.garmin.com/xmlschemas/GpxExtensions/v3">
        <gpxx:DisplayMode>SymbolOnly</gpxx:DisplayMode>
      </gpxx:WaypointExtension>
    </extensions>
  </wpt>

  <wpt lat="25.8225300" lon="-80.0843000">
    <name>HOTSPOT34</name>
    <cmt>BOTTOM FISH OR LIVE LINE DRIFT SCATTERED GOOD BOTTOM</cmt>
    <desc>BOTTOM FISH OR LIVE LINE DRIFT SCATTERED GOOD BOTTOM</desc>
    <sym>Fishing Area</sym>
    <extensions>
      <gpxx:WaypointExtension xmlns:gpxx="http://www.garmin.com/xmlschemas/GpxExtensions/v3">
        <gpxx:DisplayMode>SymbolOnly</gpxx:DisplayMode>
      </gpxx:WaypointExtension>
    </extensions>
  </wpt>

  <wpt lat="25.7508500" lon="-80.1027800">
    <name>HOTSPOT35</name>
    <cmt>BOTTOM FISH OR LIVE LINE DRIFT SCATTERED GOOD BOTTOM</cmt>
    <desc>BOTTOM FISH OR LIVE LINE DRIFT SCATTERED GOOD BOTTOM</desc>
    <sym>Fishing Area</sym>
    <extensions>
      <gpxx:WaypointExtension xmlns:gpxx="http://www.garmin.com/xmlschemas/GpxExtensions/v3">
        <gpxx:DisplayMode>SymbolOnly</gpxx:DisplayMode>
      </gpxx:WaypointExtension>
    </extensions>
  </wpt>

  <wpt lat="25.8131800" lon="-80.0894700">
    <name>HOTSPOT41</name>
    <cmt>BOTTOM FISH OR LIVE LINE DRIFT SCATTERED GOOD BOTTOM</cmt>
    <desc>BOTTOM FISH OR LIVE LINE DRIFT SCATTERED GOOD BOTTOM</desc>
    <sym>Fishing Area</sym>
    <extensions>
      <gpxx:WaypointExtension xmlns:gpxx="http://www.garmin.com/xmlschemas/GpxExtensions/v3">
        <gpxx:DisplayMode>SymbolOnly</gpxx:DisplayMode>
      </gpxx:WaypointExtension>
    </extensions>
  </wpt>

  <wpt lat="25.8253500" lon="-80.0722000">
    <name>HOTSPOT42</name>
    <cmt>BOTTOM FISH OR LIVE LINE DRIFT SCATTERED GOOD BOTTOM</cmt>
    <desc>BOTTOM FISH OR LIVE LINE DRIFT SCATTERED GOOD BOTTOM</desc>
    <sym>Fishing Area</sym>
    <extensions>
      <gpxx:WaypointExtension xmlns:gpxx="http://www.garmin.com/xmlschemas/GpxExtensions/v3">
        <gpxx:DisplayMode>SymbolOnly</gpxx:DisplayMode>
      </gpxx:WaypointExtension>
    </extensions>
  </wpt>

  <wpt lat="25.8055200" lon="-80.0683700">
    <name>HOTSPOT45</name>
    <cmt>BOTTOM FISH OR LIVE LINE DRIFT SCATTERED GOOD BOTTOM</cmt>
    <desc>BOTTOM FISH OR LIVE LINE DRIFT SCATTERED GOOD BOTTOM</desc>
    <sym>Fishing Area</sym>
    <extensions>
      <gpxx:WaypointExtension xmlns:gpxx="http://www.garmin.com/xmlschemas/GpxExtensions/v3">
        <gpxx:DisplayMode>SymbolOnly</gpxx:DisplayMode>
      </gpxx:WaypointExtension>
    </extensions>
  </wpt>

  <wpt lat="25.8106200" lon="-80.0659000">
    <name>HOTSPOT46</name>
    <cmt>BOTTOM FISH OR LIVE LINE DRIFT SCATTERED GOOD BOTTOM</cmt>
    <desc>BOTTOM FISH OR LIVE LINE DRIFT SCATTERED GOOD BOTTOM</desc>
    <sym>Fishing Area</sym>
    <extensions>
      <gpxx:WaypointExtension xmlns:gpxx="http://www.garmin.com/xmlschemas/GpxExtensions/v3">
        <gpxx:DisplayMode>SymbolOnly</gpxx:DisplayMode>
      </gpxx:WaypointExtension>
    </extensions>
  </wpt>

  <wpt lat="25.8096700" lon="-80.0905000">
    <name>HOTSPOT48</name>
    <cmt>BOTTOM FISH OR LIVE LINE DRIFT SCATTERED GOOD BOTTOM</cmt>
    <desc>BOTTOM FISH OR LIVE LINE DRIFT SCATTERED GOOD BOTTOM</desc>
    <sym>Fishing Area</sym>
    <extensions>
      <gpxx:WaypointExtension xmlns:gpxx="http://www.garmin.com/xmlschemas/GpxExtensions/v3">
        <gpxx:DisplayMode>SymbolOnly</gpxx:DisplayMode>
      </gpxx:WaypointExtension>
    </extensions>
  </wpt>

  <wpt lat="25.8097500" lon="-80.0907800">
    <name>HOTSPOT49</name>
    <cmt>DRIFT OR BOTTOM FISH LIVE AND CUT BAIT</cmt>
    <desc>DRIFT OR BOTTOM FISH LIVE AND CUT BAIT</desc>
    <sym>Fishing Area</sym>
    <extensions>
      <gpxx:WaypointExtension xmlns:gpxx="http://www.garmin.com/xmlschemas/GpxExtensions/v3">
        <gpxx:DisplayMode>SymbolOnly</gpxx:DisplayMode>
      </gpxx:WaypointExtension>
    </extensions>
  </wpt>

  <wpt lat="25.8129300" lon="-80.0911700">
    <name>HOTSPOT51</name>
    <cmt>DRIFT OR BOTTOM FISH LIVE AND CUT BAIT</cmt>
    <desc>DRIFT OR BOTTOM FISH LIVE AND CUT BAIT</desc>
    <sym>Fishing Area</sym>
    <extensions>
      <gpxx:WaypointExtension xmlns:gpxx="http://www.garmin.com/xmlschemas/GpxExtensions/v3">
        <gpxx:DisplayMode>SymbolOnly</gpxx:DisplayMode>
      </gpxx:WaypointExtension>
    </extensions>
  </wpt>

  <wpt lat="25.8016300" lon="-80.0855200">
    <name>HOTSPOT53</name>
    <cmt>DRIFT OR BOTTOM FISH LIVE AND CUT BAIT</cmt>
    <desc>DRIFT OR BOTTOM FISH LIVE AND CUT BAIT</desc>
    <sym>Fishing Area</sym>
    <extensions>
      <gpxx:WaypointExtension xmlns:gpxx="http://www.garmin.com/xmlschemas/GpxExtensions/v3">
        <gpxx:DisplayMode>SymbolOnly</gpxx:DisplayMode>
      </gpxx:WaypointExtension>
    </extensions>
  </wpt>

  <wpt lat="25.8129200" lon="-80.0891800">
    <name>HOTSPOT54</name>
    <cmt>DRIFT OR BOTTOM FISH LIVE AND CUT BAIT</cmt>
    <desc>DRIFT OR BOTTOM FISH LIVE AND CUT BAIT</desc>
    <sym>Fishing Area</sym>
    <extensions>
      <gpxx:WaypointExtension xmlns:gpxx="http://www.garmin.com/xmlschemas/GpxExtensions/v3">
        <gpxx:DisplayMode>SymbolOnly</gpxx:DisplayMode>
      </gpxx:WaypointExtension>
    </extensions>
  </wpt>

  <wpt lat="25.8030300" lon="-80.0834500">
    <name>HOTSPOT57</name>
    <cmt>DRIFT OR BOTTOM FISH LIVE AND CUT BAIT</cmt>
    <desc>DRIFT OR BOTTOM FISH LIVE AND CUT BAIT</desc>
    <sym>Fishing Area</sym>
    <extensions>
      <gpxx:WaypointExtension xmlns:gpxx="http://www.garmin.com/xmlschemas/GpxExtensions/v3">
        <gpxx:DisplayMode>SymbolOnly</gpxx:DisplayMode>
      </gpxx:WaypointExtension>
    </extensions>
  </wpt>

  <wpt lat="25.6690670" lon="-80.0702670">
    <name>HOUSEBOAT</name>
    <cmt>40 FT STEEL BOAT</cmt>
    <desc>40 FT STEEL BOAT</desc>
    <sym>Fishing Area</sym>
    <extensions>
      <gpxx:WaypointExtension xmlns:gpxx="http://www.garmin.com/xmlschemas/GpxExtensions/v3">
        <gpxx:DisplayMode>SymbolOnly</gpxx:DisplayMode>
      </gpxx:WaypointExtension>
    </extensions>
  </wpt>

  <wpt lat="25.7963500" lon="-80.0799000">
    <name>I BEAMS</name>
    <cmt>I BEAMS GIRDERS</cmt>
    <desc>I BEAMS GIRDERS</desc>
    <sym>Fishing Area</sym>
    <extensions>
      <gpxx:WaypointExtension xmlns:gpxx="http://www.garmin.com/xmlschemas/GpxExtensions/v3">
        <gpxx:DisplayMode>SymbolOnly</gpxx:DisplayMode>
      </gpxx:WaypointExtension>
    </extensions>
  </wpt>

  <wpt lat="26.0812390" lon="-80.1125970">
    <ele>0.0000000</ele>
    <name>JohnloydPark</name>
    <cmt>BOAT RAMP</cmt>
    <desc>BOAT RAMP</desc>
    <sym>Boat Ramp</sym>
    <extensions>
      <gpxx:WaypointExtension xmlns:gpxx="http://www.garmin.com/xmlschemas/GpxExtensions/v3">
        <gpxx:DisplayMode>SymbolOnly</gpxx:DisplayMode>
      </gpxx:WaypointExtension>
    </extensions>
  </wpt>

  <wpt lat="25.7688700" lon="-80.1282000">
    <name>JOSEQUERVO</name>
    <cmt>WRECK</cmt>
    <desc>WRECK</desc>
    <sym>Fishing Area</sym>
    <extensions>
      <gpxx:WaypointExtension xmlns:gpxx="http://www.garmin.com/xmlschemas/GpxExtensions/v3">
        <gpxx:DisplayMode>SymbolOnly</gpxx:DisplayMode>
      </gpxx:WaypointExtension>
    </extensions>
  </wpt>

  <wpt lat="25.8128500" lon="-80.0890800">
    <name>KARLEENWRECK</name>
    <cmt>WRECK INSIDE ANCHORAGE</cmt>
    <desc>WRECK INSIDE ANCHORAGE</desc>
    <sym>Fishing Area</sym>
    <extensions>
      <gpxx:WaypointExtension xmlns:gpxx="http://www.garmin.com/xmlschemas/GpxExtensions/v3">
        <gpxx:DisplayMode>SymbolOnly</gpxx:DisplayMode>
      </gpxx:WaypointExtension>
    </extensions>
  </wpt>

  <wpt lat="25.8128500" lon="-80.0890833">
    <ele>-15.5448000</ele>
    <name>KARLINWRK</name>
    <cmt>OLD WRECK REMAINS</cmt>
    <desc>OLD WRECK REMAINS</desc>
    <link href="http://www.divespots.com/scuba/spotID-25/view.divespot"/>
    <sym>Fishing Area</sym>
    <extensions>
      <gpxx:WaypointExtension xmlns:gpxx="http://www.garmin.com/xmlschemas/GpxExtensions/v3">
        <gpxx:DisplayMode>SymbolOnly</gpxx:DisplayMode>
      </gpxx:WaypointExtension>
    </extensions>
  </wpt>

  <wpt lat="25.4253912" lon="-80.1247646">
    <time>2000-01-01T05:00:00Z</time>
    <name>KINGFISH1</name>
    <cmt>TOURNAMENT KINGFISH SPOT</cmt>
    <desc>TOURNAMENT KINGFISH SPOT</desc>
    <sym>Fishing Area</sym>
    <extensions>
      <gpxx:WaypointExtension xmlns:gpxx="http://www.garmin.com/xmlschemas/GpxExtensions/v3">
        <gpxx:DisplayMode>SymbolOnly</gpxx:DisplayMode>
      </gpxx:WaypointExtension>
    </extensions>
  </wpt>

  <wpt lat="25.4246499" lon="-80.1243667">
    <ele>-6.0960000</ele>
    <name>KINGFISH2</name>
    <cmt>GOOD KINGFISH SPOT</cmt>
    <desc>GOOD KINGFISH SPOT</desc>
    <link href="http://www.divespots.com/scuba/spotID-313/view.divespot"/>
    <sym>Fishing Area</sym>
    <extensions>
      <gpxx:WaypointExtension xmlns:gpxx="http://www.garmin.com/xmlschemas/GpxExtensions/v3">
        <gpxx:DisplayMode>SymbolOnly</gpxx:DisplayMode>
      </gpxx:WaypointExtension>
    </extensions>
  </wpt>

  <wpt lat="25.6677830" lon="-80.0835000">
    <name>LAKELANDWRECK</name>
    <cmt>200 FT STEEL SHIP</cmt>
    <desc>200 FT STEEL SHIP</desc>
    <sym>Fishing Area</sym>
    <extensions>
      <gpxx:WaypointExtension xmlns:gpxx="http://www.garmin.com/xmlschemas/GpxExtensions/v3">
        <gpxx:DisplayMode>SymbolOnly</gpxx:DisplayMode>
      </gpxx:WaypointExtension>
    </extensions>
  </wpt>

  <wpt lat="25.7844830" lon="-80.0498830">
    <name>LANDINGCRAFT2</name>
    <cmt>150 FT STEEL LANDING CRAFT</cmt>
    <desc>150 FT STEEL LANDING CRAFT</desc>
    <sym>Fishing Area</sym>
    <extensions>
      <gpxx:WaypointExtension xmlns:gpxx="http://www.garmin.com/xmlschemas/GpxExtensions/v3">
        <gpxx:DisplayMode>SymbolOnly</gpxx:DisplayMode>
      </gpxx:WaypointExtension>
    </extensions>
  </wpt>

  <wpt lat="25.7759500" lon="-80.0740670">
    <name>LANDSENDWRECKS</name>
    <cmt>WRECKS ON BOTTOM HOLDS BOTTOM FISH AND BAIT</cmt>
    <desc>WRECKS ON BOTTOM HOLDS BOTTOM FISH AND BAIT</desc>
    <sym>Fishing Area</sym>
    <extensions>
      <gpxx:WaypointExtension xmlns:gpxx="http://www.garmin.com/xmlschemas/GpxExtensions/v3">
        <gpxx:DisplayMode>SymbolOnly</gpxx:DisplayMode>
      </gpxx:WaypointExtension>
    </extensions>
  </wpt>

  <wpt lat="25.8116700" lon="-80.0908300">
    <name>LARSONBARGE</name>
    <cmt>65 FT STEEL BARGE WRECK</cmt>
    <desc>65 FT STEEL BARGE WRECK</desc>
    <sym>Fishing Area</sym>
    <extensions>
      <gpxx:WaypointExtension xmlns:gpxx="http://www.garmin.com/xmlschemas/GpxExtensions/v3">
        <gpxx:DisplayMode>SymbolOnly</gpxx:DisplayMode>
      </gpxx:WaypointExtension>
    </extensions>
  </wpt>

  <wpt lat="25.5461900" lon="-80.0987100">
    <name>LEDBURYREEF2</name>
    <cmt>CHUM FOR SNAPPER GROUPER KINGS</cmt>
    <desc>CHUM FOR SNAPPER GROUPER KINGS</desc>
    <sym>Civil</sym>
    <extensions>
      <gpxx:WaypointExtension xmlns:gpxx="http://www.garmin.com/xmlschemas/GpxExtensions/v3">
        <gpxx:DisplayMode>SymbolOnly</gpxx:DisplayMode>
      </gpxx:WaypointExtension>
    </extensions>
  </wpt>

  <wpt lat="26.0610482" lon="-80.0973535">
    <time>2018-01-18T11:13:11Z</time>
    <name>LEDGE W</name>
    <cmt>LEDGE TOP EXCELLENT BOTTOM FISHING LIVE LINING</cmt>
    <desc>LEDGE TOP EXCELLENT BOTTOM FISHING LIVE LINING</desc>
    <sym>Flag</sym>
    <extensions>
      <gpxx:WaypointExtension xmlns:gpxx="http://www.garmin.com/xmlschemas/GpxExtensions/v3">
        <gpxx:Depth>9.1440000</gpxx:Depth>
        <gpxx:DisplayMode>SymbolOnly</gpxx:DisplayMode>
      </gpxx:WaypointExtension>
    </extensions>
  </wpt>

  <wpt lat="26.0150000" lon="-80.1010000">
    <time>2018-01-18T22:31:14Z</time>
    <name>LEDGE003</name>
    <cmt>ledge for bottom fishing good</cmt>
    <desc>ledge for bottom fishing good</desc>
    <sym>Flag</sym>
    <extensions>
      <gpxx:WaypointExtension xmlns:gpxx="http://www.garmin.com/xmlschemas/GpxExtensions/v3">
        <gpxx:DisplayMode>SymbolOnly</gpxx:DisplayMode>
      </gpxx:WaypointExtension>
    </extensions>
  </wpt>

  <wpt lat="26.0250000" lon="-80.0940000">
    <time>2018-01-18T22:33:28Z</time>
    <name>LEDGE004</name>
    <cmt>good coral ditch holds bottom fish chum heavy</cmt>
    <desc>good coral ditch holds bottom fish chum heavy</desc>
    <sym>Flag</sym>
    <extensions>
      <gpxx:WaypointExtension xmlns:gpxx="http://www.garmin.com/xmlschemas/GpxExtensions/v3">
        <gpxx:DisplayMode>SymbolOnly</gpxx:DisplayMode>
      </gpxx:WaypointExtension>
    </extensions>
  </wpt>

  <wpt lat="26.0190000" lon="-80.1000000">
    <time>2018-01-18T22:37:00Z</time>
    <name>LEDGE005</name>
    <cmt>drainage pipe with ledges around it</cmt>
    <desc>drainage pipe with ledges around it</desc>
    <sym>Flag</sym>
    <extensions>
      <gpxx:WaypointExtension xmlns:gpxx="http://www.garmin.com/xmlschemas/GpxExtensions/v3">
        <gpxx:DisplayMode>SymbolOnly</gpxx:DisplayMode>
      </gpxx:WaypointExtension>
    </extensions>
  </wpt>

  <wpt lat="26.0100000" lon="-80.1010000">
    <time>2018-01-18T22:39:10Z</time>
    <name>LEDGE006</name>
    <cmt>ledge very good</cmt>
    <desc>ledge very good</desc>
    <sym>Flag</sym>
    <extensions>
      <gpxx:WaypointExtension xmlns:gpxx="http://www.garmin.com/xmlschemas/GpxExtensions/v3">
        <gpxx:DisplayMode>SymbolOnly</gpxx:DisplayMode>
      </gpxx:WaypointExtension>
    </extensions>
  </wpt>

  <wpt lat="25.9990000" lon="-80.0960000">
    <time>2018-01-18T22:40:34Z</time>
    <name>LEDGE007</name>
    <cmt>good ledge bottom fish</cmt>
    <desc>good ledge bottom fish</desc>
    <sym>Flag</sym>
    <extensions>
      <gpxx:WaypointExtension xmlns:gpxx="http://www.garmin.com/xmlschemas/GpxExtensions/v3">
        <gpxx:DisplayMode>SymbolOnly</gpxx:DisplayMode>
      </gpxx:WaypointExtension>
    </extensions>
  </wpt>

  <wpt lat="25.9970000" lon="-80.1020000">
    <time>2018-01-18T22:41:23Z</time>
    <name>LEDGE008</name>
    <cmt>cut ledge good bottom fishing</cmt>
    <desc>cut ledge good bottom fishing</desc>
    <sym>Flag</sym>
    <extensions>
      <gpxx:WaypointExtension xmlns:gpxx="http://www.garmin.com/xmlschemas/GpxExtensions/v3">
        <gpxx:DisplayMode>SymbolOnly</gpxx:DisplayMode>
      </gpxx:WaypointExtension>
    </extensions>
  </wpt>

  <wpt lat="25.9930000" lon="-80.1020000">
    <time>2018-01-18T22:42:00Z</time>
    <name>LEDGE009</name>
    <cmt>ledge series excellent</cmt>
    <desc>ledge series excellent</desc>
    <sym>Flag</sym>
    <extensions>
      <gpxx:WaypointExtension xmlns:gpxx="http://www.garmin.com/xmlschemas/GpxExtensions/v3">
        <gpxx:DisplayMode>SymbolOnly</gpxx:DisplayMode>
      </gpxx:WaypointExtension>
    </extensions>
  </wpt>

  <wpt lat="25.9860000" lon="-80.1020000">
    <time>2018-01-18T22:42:48Z</time>
    <name>LEDGE010</name>
    <cmt>rock mound good</cmt>
    <desc>rock mound good</desc>
    <sym>Flag</sym>
    <extensions>
      <gpxx:WaypointExtension xmlns:gpxx="http://www.garmin.com/xmlschemas/GpxExtensions/v3">
        <gpxx:DisplayMode>SymbolOnly</gpxx:DisplayMode>
      </gpxx:WaypointExtension>
    </extensions>
  </wpt>

  <wpt lat="25.9840000" lon="-80.0940000">
    <time>2018-01-18T22:44:23Z</time>
    <name>LEDGE011</name>
    <cmt>dip ledge with mounds excellent fishing</cmt>
    <desc>dip ledge with mounds excellent fishing</desc>
    <sym>Flag</sym>
    <extensions>
      <gpxx:WaypointExtension xmlns:gpxx="http://www.garmin.com/xmlschemas/GpxExtensions/v3">
        <gpxx:DisplayMode>SymbolOnly</gpxx:DisplayMode>
      </gpxx:WaypointExtension>
    </extensions>
  </wpt>

  <wpt lat="25.9860000" lon="-80.0940000">
    <time>2018-01-18T22:45:28Z</time>
    <name>LEDGE012</name>
    <cmt>end of the drop out ledge good fishing</cmt>
    <desc>end of the drop out ledge good fishing</desc>
    <sym>Flag</sym>
    <extensions>
      <gpxx:WaypointExtension xmlns:gpxx="http://www.garmin.com/xmlschemas/GpxExtensions/v3">
        <gpxx:DisplayMode>SymbolOnly</gpxx:DisplayMode>
      </gpxx:WaypointExtension>
    </extensions>
  </wpt>

  <wpt lat="25.9740000" lon="-80.1030000">
    <time>2018-01-18T22:47:21Z</time>
    <name>LEDGE014</name>
    <cmt>hole with ledge good bottom fish</cmt>
    <desc>hole with ledge good bottom fish</desc>
    <sym>Flag</sym>
    <extensions>
      <gpxx:WaypointExtension xmlns:gpxx="http://www.garmin.com/xmlschemas/GpxExtensions/v3">
        <gpxx:DisplayMode>SymbolOnly</gpxx:DisplayMode>
      </gpxx:WaypointExtension>
    </extensions>
  </wpt>

  <wpt lat="25.9487827" lon="-80.0922087">
    <time>2018-01-18T22:49:13Z</time>
    <name>LEDGE015</name>
    <cmt>ledge series snapper grouper and other bottom fish</cmt>
    <desc>ledge series snapper grouper and other bottom fish</desc>
    <sym>Flag</sym>
    <extensions>
      <gpxx:WaypointExtension xmlns:gpxx="http://www.garmin.com/xmlschemas/GpxExtensions/v3">
        <gpxx:DisplayMode>SymbolOnly</gpxx:DisplayMode>
      </gpxx:WaypointExtension>
    </extensions>
  </wpt>

  <wpt lat="25.9364364" lon="-80.0971504">
    <time>2018-01-18T22:49:50Z</time>
    <name>LEDGE016</name>
    <cmt>ledge series snapper grouper and other bottom fish</cmt>
    <desc>ledge series snapper grouper and other bottom fish</desc>
    <sym>Flag</sym>
    <extensions>
      <gpxx:WaypointExtension xmlns:gpxx="http://www.garmin.com/xmlschemas/GpxExtensions/v3">
        <gpxx:DisplayMode>SymbolOnly</gpxx:DisplayMode>
      </gpxx:WaypointExtension>
    </extensions>
  </wpt>

  <wpt lat="26.0616156" lon="-80.0869676">
    <time>2018-01-18T11:14:02Z</time>
    <name>LEDGE017</name>
    <cmt>LEDGE POINT EXCELLENT BOTTOM FISHING TROLLING LIVE LINING</cmt>
    <desc>LEDGE POINT EXCELLENT BOTTOM FISHING TROLLING LIVE LINING</desc>
    <sym>Flag</sym>
    <extensions>
      <gpxx:WaypointExtension xmlns:gpxx="http://www.garmin.com/xmlschemas/GpxExtensions/v3">
        <gpxx:Depth>18.2880000</gpxx:Depth>
        <gpxx:DisplayMode>SymbolOnly</gpxx:DisplayMode>
      </gpxx:WaypointExtension>
    </extensions>
  </wpt>

  <wpt lat="26.0555792" lon="-80.0918984">
    <time>2018-01-18T11:14:45Z</time>
    <name>LEDGE018</name>
    <cmt>LEDGE SERIES WITH GOOD BOTTOM FISHING TROLLING LIVE LINING</cmt>
    <desc>LEDGE SERIES WITH GOOD BOTTOM FISHING TROLLING LIVE LINING</desc>
    <sym>Flag</sym>
    <extensions>
      <gpxx:WaypointExtension xmlns:gpxx="http://www.garmin.com/xmlschemas/GpxExtensions/v3">
        <gpxx:Depth>18.2880000</gpxx:Depth>
        <gpxx:DisplayMode>SymbolOnly</gpxx:DisplayMode>
      </gpxx:WaypointExtension>
    </extensions>
  </wpt>

  <wpt lat="26.0654287" lon="-80.0864466">
    <time>2018-01-18T11:16:12Z</time>
    <name>LEDGE019</name>
    <cmt>LEDGE SERIES WITH GOOD BOTTOM FISHING TROLLING LIVE LINING</cmt>
    <desc>LEDGE SERIES WITH GOOD BOTTOM FISHING TROLLING LIVE LINING</desc>
    <sym>Flag</sym>
    <extensions>
      <gpxx:WaypointExtension xmlns:gpxx="http://www.garmin.com/xmlschemas/GpxExtensions/v3">
        <gpxx:DisplayMode>SymbolOnly</gpxx:DisplayMode>
      </gpxx:WaypointExtension>
    </extensions>
  </wpt>

  <wpt lat="26.0740000" lon="-80.0920000">
    <time>2018-01-18T11:17:12Z</time>
    <name>LEDGE020</name>
    <cmt>DROP LEDGE AND PATCH SUPERB FISHING</cmt>
    <desc>DROP LEDGE AND PATCH SUPERB FISHING</desc>
    <sym>Flag</sym>
    <extensions>
      <gpxx:WaypointExtension xmlns:gpxx="http://www.garmin.com/xmlschemas/GpxExtensions/v3">
        <gpxx:DisplayMode>SymbolOnly</gpxx:DisplayMode>
      </gpxx:WaypointExtension>
    </extensions>
  </wpt>

  <wpt lat="26.0750000" lon="-80.0860000">
    <time>2018-01-18T11:18:20Z</time>
    <name>LEDGE021</name>
    <cmt>LEDGE SERIES WITH GOOD BOTTOM FISHING TROLLING LIVE LINING</cmt>
    <desc>LEDGE SERIES WITH GOOD BOTTOM FISHING TROLLING LIVE LINING</desc>
    <sym>Flag</sym>
    <extensions>
      <gpxx:WaypointExtension xmlns:gpxx="http://www.garmin.com/xmlschemas/GpxExtensions/v3">
        <gpxx:DisplayMode>SymbolOnly</gpxx:DisplayMode>
      </gpxx:WaypointExtension>
    </extensions>
  </wpt>

  <wpt lat="26.0792913" lon="-80.0799812">
    <time>2018-01-18T11:18:44Z</time>
    <name>LEDGE022</name>
    <cmt>LEDGE GROUPER</cmt>
    <desc>LEDGE GROUPER</desc>
    <sym>Flag</sym>
    <extensions>
      <gpxx:WaypointExtension xmlns:gpxx="http://www.garmin.com/xmlschemas/GpxExtensions/v3">
        <gpxx:DisplayMode>SymbolOnly</gpxx:DisplayMode>
      </gpxx:WaypointExtension>
    </extensions>
  </wpt>

  <wpt lat="25.9440263" lon="-80.0882554">
    <time>2018-01-18T22:49:58Z</time>
    <name>LEDGE023</name>
    <cmt>ledge series snapper grouper and other bottom fish</cmt>
    <desc>ledge series snapper grouper and other bottom fish</desc>
    <sym>Flag</sym>
    <extensions>
      <gpxx:WaypointExtension xmlns:gpxx="http://www.garmin.com/xmlschemas/GpxExtensions/v3">
        <gpxx:DisplayMode>SymbolOnly</gpxx:DisplayMode>
      </gpxx:WaypointExtension>
    </extensions>
  </wpt>

  <wpt lat="26.0743904" lon="-80.0834757">
    <time>2018-01-18T11:19:41Z</time>
    <name>LEDGE024</name>
    <cmt>BOTTOM FISH OR LIVE LINE FOR VARIETY TOP AND BOTTOM</cmt>
    <desc>BOTTOM FISH OR LIVE LINE FOR VARIETY TOP AND BOTTOM</desc>
    <sym>Flag</sym>
    <extensions>
      <gpxx:WaypointExtension xmlns:gpxx="http://www.garmin.com/xmlschemas/GpxExtensions/v3">
        <gpxx:DisplayMode>SymbolOnly</gpxx:DisplayMode>
      </gpxx:WaypointExtension>
    </extensions>
  </wpt>

  <wpt lat="26.0814394" lon="-80.0838527">
    <time>2018-01-18T11:20:52Z</time>
    <name>LEDGE025</name>
    <cmt>BOTTOM FISH OR LIVE LINE FOR VARIETY TOP AND BOTTOM</cmt>
    <desc>BOTTOM FISH OR LIVE LINE FOR VARIETY TOP AND BOTTOM</desc>
    <sym>Flag</sym>
    <extensions>
      <gpxx:WaypointExtension xmlns:gpxx="http://www.garmin.com/xmlschemas/GpxExtensions/v3">
        <gpxx:DisplayMode>SymbolOnly</gpxx:DisplayMode>
      </gpxx:WaypointExtension>
    </extensions>
  </wpt>

  <wpt lat="26.0770000" lon="-80.0800000">
    <time>2018-01-18T11:45:15Z</time>
    <name>LEDGE026</name>
    <cmt>MINI LEDGES GOOD BOTTOM FISHING</cmt>
    <desc>MINI LEDGES GOOD BOTTOM FISHING</desc>
    <sym>Flag</sym>
    <extensions>
      <gpxx:WaypointExtension xmlns:gpxx="http://www.garmin.com/xmlschemas/GpxExtensions/v3">
        <gpxx:DisplayMode>SymbolOnly</gpxx:DisplayMode>
      </gpxx:WaypointExtension>
    </extensions>
  </wpt>

  <wpt lat="26.0760000" lon="-80.0800000">
    <time>2018-01-18T11:46:41Z</time>
    <name>LEDGE027</name>
    <cmt>ROCKY LEDGES GOOD BOTTOM</cmt>
    <desc>ROCKY LEDGES GOOD BOTTOM</desc>
    <sym>Flag</sym>
    <extensions>
      <gpxx:WaypointExtension xmlns:gpxx="http://www.garmin.com/xmlschemas/GpxExtensions/v3">
        <gpxx:DisplayMode>SymbolOnly</gpxx:DisplayMode>
      </gpxx:WaypointExtension>
    </extensions>
  </wpt>

  <wpt lat="26.0650656" lon="-80.0742627">
    <time>2018-01-18T12:48:43Z</time>
    <name>LEDGE028</name>
    <cmt>DRIFT OR BOTTOM FISH ALONG LEDGE SLOPE</cmt>
    <desc>DRIFT OR BOTTOM FISH ALONG LEDGE SLOPE</desc>
    <sym>Flag</sym>
    <extensions>
      <gpxx:WaypointExtension xmlns:gpxx="http://www.garmin.com/xmlschemas/GpxExtensions/v3">
        <gpxx:DisplayMode>SymbolOnly</gpxx:DisplayMode>
      </gpxx:WaypointExtension>
    </extensions>
  </wpt>

  <wpt lat="26.0607715" lon="-80.0806693">
    <time>2018-01-18T12:49:23Z</time>
    <name>LEDGE029</name>
    <cmt>DEEP SLOPING LEDGE DRIFT BOTTOM FISH AND LIVE LINE</cmt>
    <desc>DEEP SLOPING LEDGE DRIFT BOTTOM FISH AND LIVE LINE</desc>
    <sym>Flag</sym>
    <extensions>
      <gpxx:WaypointExtension xmlns:gpxx="http://www.garmin.com/xmlschemas/GpxExtensions/v3">
        <gpxx:DisplayMode>SymbolOnly</gpxx:DisplayMode>
      </gpxx:WaypointExtension>
    </extensions>
  </wpt>

  <wpt lat="26.0856203" lon="-80.0852840">
    <time>2018-01-18T12:51:19Z</time>
    <name>LEDGE030</name>
    <cmt>DRIFT BOTTOM FISH AND LIVE LINE</cmt>
    <desc>DRIFT BOTTOM FISH AND LIVE LINE</desc>
    <sym>Flag</sym>
    <extensions>
      <gpxx:WaypointExtension xmlns:gpxx="http://www.garmin.com/xmlschemas/GpxExtensions/v3">
        <gpxx:DisplayMode>SymbolOnly</gpxx:DisplayMode>
      </gpxx:WaypointExtension>
    </extensions>
  </wpt>

  <wpt lat="25.9544498" lon="-80.0883789">
    <time>2018-01-18T22:50:06Z</time>
    <name>LEDGE031</name>
    <cmt>ledge series snapper grouper and other bottom fish</cmt>
    <desc>ledge series snapper grouper and other bottom fish</desc>
    <sym>Flag</sym>
    <extensions>
      <gpxx:WaypointExtension xmlns:gpxx="http://www.garmin.com/xmlschemas/GpxExtensions/v3">
        <gpxx:DisplayMode>SymbolOnly</gpxx:DisplayMode>
      </gpxx:WaypointExtension>
    </extensions>
  </wpt>

  <wpt lat="25.9584977" lon="-80.0986328">
    <time>2018-01-18T22:50:15Z</time>
    <name>LEDGE032</name>
    <cmt>ledge series snapper grouper and other bottom fish</cmt>
    <desc>ledge series snapper grouper and other bottom fish</desc>
    <sym>Flag</sym>
    <extensions>
      <gpxx:WaypointExtension xmlns:gpxx="http://www.garmin.com/xmlschemas/GpxExtensions/v3">
        <gpxx:DisplayMode>SymbolOnly</gpxx:DisplayMode>
      </gpxx:WaypointExtension>
    </extensions>
  </wpt>

  <wpt lat="25.9314487" lon="-80.0877875">
    <time>2018-01-18T22:50:53Z</time>
    <name>LEDGE033</name>
    <cmt>ledge series snapper grouper and other bottom fish</cmt>
    <desc>ledge series snapper grouper and other bottom fish</desc>
    <sym>Flag</sym>
    <extensions>
      <gpxx:WaypointExtension xmlns:gpxx="http://www.garmin.com/xmlschemas/GpxExtensions/v3">
        <gpxx:DisplayMode>SymbolOnly</gpxx:DisplayMode>
      </gpxx:WaypointExtension>
    </extensions>
  </wpt>

  <wpt lat="25.9228613" lon="-80.0876817">
    <time>2018-01-18T22:51:04Z</time>
    <name>LEDGE034</name>
    <cmt>ledge series snapper grouper and other bottom fish</cmt>
    <desc>ledge series snapper grouper and other bottom fish</desc>
    <sym>Flag</sym>
    <extensions>
      <gpxx:WaypointExtension xmlns:gpxx="http://www.garmin.com/xmlschemas/GpxExtensions/v3">
        <gpxx:DisplayMode>SymbolOnly</gpxx:DisplayMode>
      </gpxx:WaypointExtension>
    </extensions>
  </wpt>

  <wpt lat="25.9282824" lon="-80.1056957">
    <time>2018-01-18T22:51:31Z</time>
    <name>LEDGE035</name>
    <cmt>ledge series snapper grouper and other bottom fish</cmt>
    <desc>ledge series snapper grouper and other bottom fish</desc>
    <sym>Flag</sym>
    <extensions>
      <gpxx:WaypointExtension xmlns:gpxx="http://www.garmin.com/xmlschemas/GpxExtensions/v3">
        <gpxx:Depth>9.1440000</gpxx:Depth>
        <gpxx:DisplayMode>SymbolOnly</gpxx:DisplayMode>
      </gpxx:WaypointExtension>
    </extensions>
  </wpt>

  <wpt lat="25.8886840" lon="-80.1004946">
    <time>2018-01-18T22:52:28Z</time>
    <name>LEDGE036</name>
    <cmt>ledge series snapper grouper and other bottom fish</cmt>
    <desc>ledge series snapper grouper and other bottom fish</desc>
    <sym>Flag</sym>
    <extensions>
      <gpxx:WaypointExtension xmlns:gpxx="http://www.garmin.com/xmlschemas/GpxExtensions/v3">
        <gpxx:DisplayMode>SymbolOnly</gpxx:DisplayMode>
      </gpxx:WaypointExtension>
    </extensions>
  </wpt>

  <wpt lat="25.8708584" lon="-80.0992769">
    <time>2018-01-18T22:53:40Z</time>
    <name>LEDGE038</name>
    <cmt>ledge series snapper grouper and other bottom fish</cmt>
    <desc>ledge series snapper grouper and other bottom fish</desc>
    <sym>Flag</sym>
    <extensions>
      <gpxx:WaypointExtension xmlns:gpxx="http://www.garmin.com/xmlschemas/GpxExtensions/v3">
        <gpxx:DisplayMode>SymbolOnly</gpxx:DisplayMode>
      </gpxx:WaypointExtension>
    </extensions>
  </wpt>

  <wpt lat="25.8682561" lon="-80.1022419">
    <time>2018-01-18T22:53:51Z</time>
    <name>LEDGE039</name>
    <cmt>ledge series snapper grouper and other bottom fish</cmt>
    <desc>ledge series snapper grouper and other bottom fish</desc>
    <sym>Flag</sym>
    <extensions>
      <gpxx:WaypointExtension xmlns:gpxx="http://www.garmin.com/xmlschemas/GpxExtensions/v3">
        <gpxx:DisplayMode>SymbolOnly</gpxx:DisplayMode>
      </gpxx:WaypointExtension>
    </extensions>
  </wpt>

  <wpt lat="25.9770000" lon="-80.0750000">
    <time>2018-01-18T13:12:57Z</time>
    <name>LEDGE043</name>
    <cmt>NICE LEDGE HOLDS FISH</cmt>
    <desc>NICE LEDGE HOLDS FISH</desc>
    <sym>Flag</sym>
    <extensions>
      <gpxx:WaypointExtension xmlns:gpxx="http://www.garmin.com/xmlschemas/GpxExtensions/v3">
        <gpxx:DisplayMode>SymbolOnly</gpxx:DisplayMode>
      </gpxx:WaypointExtension>
    </extensions>
  </wpt>

  <wpt lat="25.9780000" lon="-80.0570000">
    <time>2018-01-18T13:14:02Z</time>
    <name>LEDGE044</name>
    <cmt>GOOD PLATEAU LEDGE HOLDS BOTTOM FISH</cmt>
    <desc>GOOD PLATEAU LEDGE HOLDS BOTTOM FISH</desc>
    <sym>Flag</sym>
    <extensions>
      <gpxx:WaypointExtension xmlns:gpxx="http://www.garmin.com/xmlschemas/GpxExtensions/v3">
        <gpxx:DisplayMode>SymbolOnly</gpxx:DisplayMode>
      </gpxx:WaypointExtension>
    </extensions>
  </wpt>

  <wpt lat="25.9720000" lon="-80.0660000">
    <time>2018-01-18T13:15:05Z</time>
    <name>LEDGE045</name>
    <cmt>DIP AND MINI LEDGE GOOD FISHING</cmt>
    <desc>DIP AND MINI LEDGE GOOD FISHING</desc>
    <sym>Flag</sym>
    <extensions>
      <gpxx:WaypointExtension xmlns:gpxx="http://www.garmin.com/xmlschemas/GpxExtensions/v3">
        <gpxx:DisplayMode>SymbolOnly</gpxx:DisplayMode>
      </gpxx:WaypointExtension>
    </extensions>
  </wpt>

  <wpt lat="25.7522834" lon="-80.1081500">
    <time>2018-01-18T10:02:49Z</time>
    <name>LEDGEPOINT</name>
    <cmt>BAIT AND FISH EDGE OF THE CORAL POINT</cmt>
    <desc>BAIT AND FISH EDGE OF THE CORAL POINT</desc>
    <sym>Flag</sym>
    <extensions>
      <gpxx:WaypointExtension xmlns:gpxx="http://www.garmin.com/xmlschemas/GpxExtensions/v3">
        <gpxx:DisplayMode>SymbolOnly</gpxx:DisplayMode>
      </gpxx:WaypointExtension>
    </extensions>
  </wpt>

  <wpt lat="25.8353670" lon="-80.1803110">
    <ele>0.0000000</ele>
    <name>LegionPark</name>
    <cmt>BOAT RAMP</cmt>
    <desc>BOAT RAMP</desc>
    <sym>Boat Ramp</sym>
    <extensions>
      <gpxx:WaypointExtension xmlns:gpxx="http://www.garmin.com/xmlschemas/GpxExtensions/v3">
        <gpxx:DisplayMode>SymbolOnly</gpxx:DisplayMode>
      </gpxx:WaypointExtension>
    </extensions>
  </wpt>

  <wpt lat="25.7780330" lon="-80.0728670">
    <name>LEON'SBARGE</name>
    <cmt>100 FOOT BARGE</cmt>
    <desc>100 FOOT BARGE</desc>
    <sym>Fishing Area</sym>
    <extensions>
      <gpxx:WaypointExtension xmlns:gpxx="http://www.garmin.com/xmlschemas/GpxExtensions/v3">
        <gpxx:DisplayMode>SymbolOnly</gpxx:DisplayMode>
      </gpxx:WaypointExtension>
    </extensions>
  </wpt>

  <wpt lat="25.8563500" lon="-80.0432330">
    <name>LIBERTYSHIP</name>
    <cmt>450 FT STEEL SHIP</cmt>
    <desc>450 FT STEEL SHIP</desc>
    <sym>Fishing Area</sym>
    <extensions>
      <gpxx:WaypointExtension xmlns:gpxx="http://www.garmin.com/xmlschemas/GpxExtensions/v3">
        <gpxx:DisplayMode>SymbolOnly</gpxx:DisplayMode>
      </gpxx:WaypointExtension>
    </extensions>
  </wpt>

  <wpt lat="25.9072170" lon="-80.1338830">
    <name>LIMEBOULDERS1</name>
    <cmt>LIMESTONE BOULDERS</cmt>
    <desc>LIMESTONE BOULDERS</desc>
    <sym>Fishing Area</sym>
    <extensions>
      <gpxx:WaypointExtension xmlns:gpxx="http://www.garmin.com/xmlschemas/GpxExtensions/v3">
        <gpxx:DisplayMode>SymbolOnly</gpxx:DisplayMode>
      </gpxx:WaypointExtension>
    </extensions>
  </wpt>

  <wpt lat="25.8130000" lon="-80.0893300">
    <name>LIMESTONEBTM1</name>
    <cmt>ROCK LIMESTONE BOTTOM</cmt>
    <desc>ROCK LIMESTONE BOTTOM</desc>
    <sym>Fishing Area</sym>
    <extensions>
      <gpxx:WaypointExtension xmlns:gpxx="http://www.garmin.com/xmlschemas/GpxExtensions/v3">
        <gpxx:DisplayMode>SymbolOnly</gpxx:DisplayMode>
      </gpxx:WaypointExtension>
    </extensions>
  </wpt>

  <wpt lat="25.9483330" lon="-80.1294330">
    <name>LIMESTONEDUMP</name>
    <cmt>LIMESTONE WRECKS</cmt>
    <desc>LIMESTONE WRECKS</desc>
    <sym>Fishing Area</sym>
    <extensions>
      <gpxx:WaypointExtension xmlns:gpxx="http://www.garmin.com/xmlschemas/GpxExtensions/v3">
        <gpxx:DisplayMode>SymbolOnly</gpxx:DisplayMode>
      </gpxx:WaypointExtension>
    </extensions>
  </wpt>

  <wpt lat="25.6345465" lon="-80.1217104">
    <time>2000-01-01T05:00:00Z</time>
    <name>LIVE BOTOM 45</name>
    <cmt>SCATTERED GOOD BOTTOM</cmt>
    <desc>SCATTERED GOOD BOTTOM</desc>
    <sym>Flag</sym>
    <extensions>
      <gpxx:WaypointExtension xmlns:gpxx="http://www.garmin.com/xmlschemas/GpxExtensions/v3">
        <gpxx:DisplayMode>SymbolOnly</gpxx:DisplayMode>
      </gpxx:WaypointExtension>
    </extensions>
  </wpt>

  <wpt lat="25.7787068" lon="-80.0897676">
    <time>2000-01-01T05:00:00Z</time>
    <name>LIVE BOTTOM 11</name>
    <cmt>SCATTERED LIVE BOTTOM GOOD FISHING</cmt>
    <desc>SCATTERED LIVE BOTTOM GOOD FISHING</desc>
    <sym>Flag</sym>
    <extensions>
      <gpxx:WaypointExtension xmlns:gpxx="http://www.garmin.com/xmlschemas/GpxExtensions/v3">
        <gpxx:DisplayMode>SymbolOnly</gpxx:DisplayMode>
      </gpxx:WaypointExtension>
    </extensions>
  </wpt>

  <wpt lat="25.7837086" lon="-80.0497671">
    <time>2000-01-01T05:00:00Z</time>
    <name>LIVE BOTTOM 22</name>
    <cmt>LIVE BOTTOM AREA</cmt>
    <desc>LIVE BOTTOM AREA</desc>
    <sym>Flag</sym>
    <extensions>
      <gpxx:WaypointExtension xmlns:gpxx="http://www.garmin.com/xmlschemas/GpxExtensions/v3">
        <gpxx:DisplayMode>SymbolOnly</gpxx:DisplayMode>
      </gpxx:WaypointExtension>
    </extensions>
  </wpt>

  <wpt lat="25.7688618" lon="-80.1226902">
    <time>2012-10-02T14:14:29Z</time>
    <name>LIVE BOTTOM 23</name>
    <cmt>SMALL AREA OF LIVE BOTTOM  HOLDS BAIT ON FLOOD TIDE</cmt>
    <desc>SMALL AREA OF LIVE BOTTOM  HOLDS BAIT ON FLOOD TIDE</desc>
    <sym>Flag</sym>
    <extensions>
      <gpxx:WaypointExtension xmlns:gpxx="http://www.garmin.com/xmlschemas/GpxExtensions/v3">
        <gpxx:DisplayMode>SymbolOnly</gpxx:DisplayMode>
      </gpxx:WaypointExtension>
    </extensions>
  </wpt>

  <wpt lat="25.5243754" lon="-80.1411600">
    <time>2012-10-02T14:26:02Z</time>
    <name>LIVE BOTTOM 233</name>
    <cmt>BOTTOM FISHING AND TROLLING</cmt>
    <desc>BOTTOM FISHING AND TROLLING</desc>
    <sym>Flag</sym>
    <extensions>
      <gpxx:WaypointExtension xmlns:gpxx="http://www.garmin.com/xmlschemas/GpxExtensions/v3">
        <gpxx:Depth>3.6576000</gpxx:Depth>
        <gpxx:DisplayMode>SymbolOnly</gpxx:DisplayMode>
      </gpxx:WaypointExtension>
    </extensions>
  </wpt>

  <wpt lat="25.6999996" lon="-80.0833359">
    <time>2000-01-01T05:00:00Z</time>
    <name>LIVE BOTTOM 39</name>
    <cmt>SCATTERED GOOD LIVE BOTTOM</cmt>
    <desc>SCATTERED GOOD LIVE BOTTOM</desc>
    <sym>Flag</sym>
    <extensions>
      <gpxx:WaypointExtension xmlns:gpxx="http://www.garmin.com/xmlschemas/GpxExtensions/v3">
        <gpxx:DisplayMode>SymbolOnly</gpxx:DisplayMode>
      </gpxx:WaypointExtension>
    </extensions>
  </wpt>

  <wpt lat="25.7899545" lon="-80.1041311">
    <time>2000-01-01T05:00:00Z</time>
    <name>LIVEBOTTOM34</name>
    <cmt>LIVE BOTTOM AND ROCKS</cmt>
    <desc>LIVE BOTTOM AND ROCKS</desc>
    <sym>Flag</sym>
    <extensions>
      <gpxx:WaypointExtension xmlns:gpxx="http://www.garmin.com/xmlschemas/GpxExtensions/v3">
        <gpxx:DisplayMode>SymbolOnly</gpxx:DisplayMode>
      </gpxx:WaypointExtension>
    </extensions>
  </wpt>

  <wpt lat="25.4438333" lon="-80.1199999">
    <time>2016-05-21T14:08:14Z</time>
    <name>LONGREEF</name>
    <cmt>reef patch chum heavily</cmt>
    <desc>reef patch chum heavily</desc>
    <link href="http://www.divespots.com/scuba/spotID-16/view.divespot"/>
    <sym>Fishing Area</sym>
    <extensions>
      <gpxx:WaypointExtension xmlns:gpxx="http://www.garmin.com/xmlschemas/GpxExtensions/v3">
        <gpxx:DisplayMode>SymbolOnly</gpxx:DisplayMode>
      </gpxx:WaypointExtension>
    </extensions>
  </wpt>

  <wpt lat="25.4437199" lon="-80.1197611">
    <time>2000-01-01T05:00:00Z</time>
    <name>LUGANAWRK</name>
    <cmt>OLD WRECK REMAINS</cmt>
    <desc>OLD WRECK REMAINS</desc>
    <sym>Fishing Area</sym>
    <extensions>
      <gpxx:WaypointExtension xmlns:gpxx="http://www.garmin.com/xmlschemas/GpxExtensions/v3">
        <gpxx:DisplayMode>SymbolOnly</gpxx:DisplayMode>
      </gpxx:WaypointExtension>
    </extensions>
  </wpt>

  <wpt lat="25.7730584" lon="-80.0854889">
    <time>2018-01-18T10:05:38Z</time>
    <name>M BOTTOM1</name>
    <cmt>CHUM BOTTOM FISH AND LIVE LINE</cmt>
    <desc>CHUM BOTTOM FISH AND LIVE LINE</desc>
    <sym>Flag</sym>
    <extensions>
      <gpxx:WaypointExtension xmlns:gpxx="http://www.garmin.com/xmlschemas/GpxExtensions/v3">
        <gpxx:DisplayMode>SymbolOnly</gpxx:DisplayMode>
      </gpxx:WaypointExtension>
    </extensions>
  </wpt>

  <wpt lat="25.7858531" lon="-80.0859654">
    <time>2018-01-18T10:07:33Z</time>
    <name>M BOTTOM2</name>
    <cmt>CHUM BOTTOM FISH AND LIVE LINE</cmt>
    <desc>CHUM BOTTOM FISH AND LIVE LINE</desc>
    <sym>Flag</sym>
    <extensions>
      <gpxx:WaypointExtension xmlns:gpxx="http://www.garmin.com/xmlschemas/GpxExtensions/v3">
        <gpxx:DisplayMode>SymbolOnly</gpxx:DisplayMode>
      </gpxx:WaypointExtension>
    </extensions>
  </wpt>

  <wpt lat="25.7905376" lon="-80.0858066">
    <time>2018-01-18T10:07:56Z</time>
    <name>M BOTTOM3</name>
    <cmt>CHUM BOTTOM FISH AND LIVE LINE</cmt>
    <desc>CHUM BOTTOM FISH AND LIVE LINE</desc>
    <sym>Flag</sym>
    <extensions>
      <gpxx:WaypointExtension xmlns:gpxx="http://www.garmin.com/xmlschemas/GpxExtensions/v3">
        <gpxx:DisplayMode>SymbolOnly</gpxx:DisplayMode>
      </gpxx:WaypointExtension>
    </extensions>
  </wpt>

  <wpt lat="25.8010000" lon="-80.1130000">
    <time>2018-01-18T10:45:06Z</time>
    <name>M PATCH8</name>
    <cmt>SMALL PATCH CHUM BOTTOM FISH AND LIVE LINE</cmt>
    <desc>SMALL PATCH CHUM BOTTOM FISH AND LIVE LINE</desc>
    <sym>Flag</sym>
    <extensions>
      <gpxx:WaypointExtension xmlns:gpxx="http://www.garmin.com/xmlschemas/GpxExtensions/v3">
        <gpxx:DisplayMode>SymbolOnly</gpxx:DisplayMode>
      </gpxx:WaypointExtension>
    </extensions>
  </wpt>

  <wpt lat="25.4437199" lon="-80.1214319">
    <time>2000-01-01T05:00:00Z</time>
    <name>MANDALAYWRK</name>
    <cmt>OLD WRECK REMAINS</cmt>
    <desc>OLD WRECK REMAINS</desc>
    <sym>Fishing Area</sym>
    <extensions>
      <gpxx:WaypointExtension xmlns:gpxx="http://www.garmin.com/xmlschemas/GpxExtensions/v3">
        <gpxx:DisplayMode>SymbolOnly</gpxx:DisplayMode>
      </gpxx:WaypointExtension>
    </extensions>
  </wpt>

  <wpt lat="25.8609247" lon="-80.1076251">
    <time>2018-01-18T13:22:01Z</time>
    <name>MIAMI PATCH1</name>
    <cmt>NORTH MIAMI PATCH REEF AREA</cmt>
    <desc>NORTH MIAMI PATCH REEF AREA</desc>
    <sym>Pin, Blue</sym>
    <extensions>
      <gpxx:WaypointExtension xmlns:gpxx="http://www.garmin.com/xmlschemas/GpxExtensions/v3">
        <gpxx:Depth>5.4864000</gpxx:Depth>
        <gpxx:DisplayMode>SymbolOnly</gpxx:DisplayMode>
      </gpxx:WaypointExtension>
    </extensions>
  </wpt>

  <wpt lat="25.6980000" lon="-80.0870000">
    <time>2016-05-21T03:37:28Z</time>
    <name>MIAMISPIRIT</name>
    <cmt>SPIRIT OF MIAMI WRECK LITTLE REMAINS</cmt>
    <desc>SPIRIT OF MIAMI WRECK LITTLE REMAINS</desc>
    <link href="http://www.divespots.com/scuba/spotID-11/view.divespot"/>
    <sym>Fishing Area</sym>
    <extensions>
      <gpxx:WaypointExtension xmlns:gpxx="http://www.garmin.com/xmlschemas/GpxExtensions/v3">
        <gpxx:DisplayMode>SymbolOnly</gpxx:DisplayMode>
      </gpxx:WaypointExtension>
    </extensions>
  </wpt>

  <wpt lat="25.6993830" lon="-80.0827000">
    <name>MIGUANA FREIGHTER</name>
    <cmt>100 FT FREIGHTER SEIZED BY US CUSTOMS, ONE OF THREE SUNK THIS DAY, DEPTH 138, CONFIRMED USING DGPS</cmt>
    <desc>100 FT FREIGHTER SEIZED BY US CUSTOMS, ONE OF THREE SUNK THIS DAY, DEPTH 138, CONFIRMED USING DGPS</desc>
    <sym>Fishing Area</sym>
    <extensions>
      <gpxx:WaypointExtension xmlns:gpxx="http://www.garmin.com/xmlschemas/GpxExtensions/v3">
        <gpxx:DisplayMode>SymbolOnly</gpxx:DisplayMode>
      </gpxx:WaypointExtension>
    </extensions>
  </wpt>

  <wpt lat="25.3837233" lon="-80.0497671">
    <time>2000-01-01T05:00:00Z</time>
    <name>MIMIVAWRECK</name>
    <cmt>WRECK AND LIVE BOTTOM OUTCROPPINGS IN DEEP WATER</cmt>
    <desc>WRECK AND LIVE BOTTOM OUTCROPPINGS IN DEEP WATER</desc>
    <sym>Fishing Area</sym>
    <extensions>
      <gpxx:WaypointExtension xmlns:gpxx="http://www.garmin.com/xmlschemas/GpxExtensions/v3">
        <gpxx:DisplayMode>SymbolOnly</gpxx:DisplayMode>
      </gpxx:WaypointExtension>
    </extensions>
  </wpt>

  <wpt lat="25.8067500" lon="-80.0529000">
    <name>MINE SWEEPER</name>
    <cmt>177 FT WOOD NAVAL MINE SWEEPER, DEPTH 180, CONFIRMED USING LORAN</cmt>
    <desc>177 FT WOOD NAVAL MINE SWEEPER, DEPTH 180, CONFIRMED USING LORAN</desc>
    <sym>Fishing Area</sym>
    <extensions>
      <gpxx:WaypointExtension xmlns:gpxx="http://www.garmin.com/xmlschemas/GpxExtensions/v3">
        <gpxx:DisplayMode>SymbolOnly</gpxx:DisplayMode>
      </gpxx:WaypointExtension>
    </extensions>
  </wpt>

  <wpt lat="25.8359700" lon="-80.0820700">
    <name>MINESWEEPER1</name>
    <cmt>OLD MINE SWEEPER WRECK ON BOTTOM, DRIFT LIVE BAIT</cmt>
    <desc>OLD MINE SWEEPER WRECK ON BOTTOM, DRIFT LIVE BAIT</desc>
    <sym>Fishing Area</sym>
    <extensions>
      <gpxx:WaypointExtension xmlns:gpxx="http://www.garmin.com/xmlschemas/GpxExtensions/v3">
        <gpxx:DisplayMode>SymbolOnly</gpxx:DisplayMode>
      </gpxx:WaypointExtension>
    </extensions>
  </wpt>

  <wpt lat="26.0360000" lon="-80.0860000">
    <time>2018-01-18T11:02:53Z</time>
    <name>MINI LEDGES</name>
    <cmt>MINI LEDGES SUPERB FISHING TOP AND BOTTOM</cmt>
    <desc>MINI LEDGES SUPERB FISHING TOP AND BOTTOM</desc>
    <sym>Flag</sym>
    <extensions>
      <gpxx:WaypointExtension xmlns:gpxx="http://www.garmin.com/xmlschemas/GpxExtensions/v3">
        <gpxx:DisplayMode>SymbolOnly</gpxx:DisplayMode>
      </gpxx:WaypointExtension>
    </extensions>
  </wpt>

  <wpt lat="26.0500000" lon="-80.0860000">
    <time>2018-01-18T11:08:40Z</time>
    <name>MINI LEDGES1</name>
    <cmt>SERIES OF MINI LEDGES EXCELLENT BOTTOM FISHING TROLLING LIVE LINING</cmt>
    <desc>SERIES OF MINI LEDGES EXCELLENT BOTTOM FISHING TROLLING LIVE LINING</desc>
    <sym>Flag</sym>
    <extensions>
      <gpxx:WaypointExtension xmlns:gpxx="http://www.garmin.com/xmlschemas/GpxExtensions/v3">
        <gpxx:DisplayMode>SymbolOnly</gpxx:DisplayMode>
      </gpxx:WaypointExtension>
    </extensions>
  </wpt>

  <wpt lat="26.0570000" lon="-80.0910000">
    <time>2018-01-18T11:09:50Z</time>
    <name>MINILEDGE2</name>
    <cmt>LEDGE AND EXCELLENT BOTTOM FISHING TROLLING LIVE LINING</cmt>
    <desc>LEDGE AND EXCELLENT BOTTOM FISHING TROLLING LIVE LINING</desc>
    <sym>Flag</sym>
    <extensions>
      <gpxx:WaypointExtension xmlns:gpxx="http://www.garmin.com/xmlschemas/GpxExtensions/v3">
        <gpxx:DisplayMode>SymbolOnly</gpxx:DisplayMode>
      </gpxx:WaypointExtension>
    </extensions>
  </wpt>

  <wpt lat="25.6699000" lon="-80.0726330">
    <name>MIRACLES EXPRESS</name>
    <cmt>100 FOOT STEEL SHIP MIRACLES EXPRESS' "</cmt>
    <desc>100 FOOT STEEL SHIP MIRACLES EXPRESS' "</desc>
    <sym>Fishing Area</sym>
    <extensions>
      <gpxx:WaypointExtension xmlns:gpxx="http://www.garmin.com/xmlschemas/GpxExtensions/v3">
        <gpxx:DisplayMode>SymbolOnly</gpxx:DisplayMode>
      </gpxx:WaypointExtension>
    </extensions>
  </wpt>

  <wpt lat="26.0100830" lon="-80.0917000">
    <name>MISS DANIA BEACH</name>
    <cmt>126 FT FREIGHTER</cmt>
    <desc>126 FT FREIGHTER</desc>
    <sym>Fishing Area</sym>
    <extensions>
      <gpxx:WaypointExtension xmlns:gpxx="http://www.garmin.com/xmlschemas/GpxExtensions/v3">
        <gpxx:DisplayMode>SymbolOnly</gpxx:DisplayMode>
      </gpxx:WaypointExtension>
    </extensions>
  </wpt>

  <wpt lat="25.6888830" lon="-80.0762170">
    <name>MISS LUCY</name>
    <cmt>40 FT STEEL TUGBOAT</cmt>
    <desc>40 FT STEEL TUGBOAT</desc>
    <sym>Fishing Area</sym>
    <extensions>
      <gpxx:WaypointExtension xmlns:gpxx="http://www.garmin.com/xmlschemas/GpxExtensions/v3">
        <gpxx:DisplayMode>SymbolOnly</gpxx:DisplayMode>
      </gpxx:WaypointExtension>
    </extensions>
  </wpt>

  <wpt lat="25.7795330" lon="-80.0722330">
    <name>MISSKARLLINE</name>
    <cmt>85 FT SHIP MISS KARLINE</cmt>
    <desc>85 FT SHIP MISS KARLINE</desc>
    <sym>Fishing Area</sym>
    <extensions>
      <gpxx:WaypointExtension xmlns:gpxx="http://www.garmin.com/xmlschemas/GpxExtensions/v3">
        <gpxx:DisplayMode>SymbolOnly</gpxx:DisplayMode>
      </gpxx:WaypointExtension>
    </extensions>
  </wpt>

  <wpt lat="25.9078670" lon="-80.0897670">
    <name>MITIGATIONREEF1</name>
    <cmt>40 MOSTKOFF MODULES ON BOTTOM, HOLDS FISH</cmt>
    <desc>40 MOSTKOFF MODULES ON BOTTOM, HOLDS FISH</desc>
    <sym>Fishing Area</sym>
    <extensions>
      <gpxx:WaypointExtension xmlns:gpxx="http://www.garmin.com/xmlschemas/GpxExtensions/v3">
        <gpxx:DisplayMode>SymbolOnly</gpxx:DisplayMode>
      </gpxx:WaypointExtension>
    </extensions>
  </wpt>

  <wpt lat="25.7508500" lon="-80.0960000">
    <name>MITIGATIONREEF2</name>
    <cmt> 120K TONS OF LIMESTONE</cmt>
    <desc> 120K TONS OF LIMESTONE</desc>
    <sym>Fishing Area</sym>
    <extensions>
      <gpxx:WaypointExtension xmlns:gpxx="http://www.garmin.com/xmlschemas/GpxExtensions/v3">
        <gpxx:DisplayMode>SymbolOnly</gpxx:DisplayMode>
      </gpxx:WaypointExtension>
    </extensions>
  </wpt>

  <wpt lat="25.6673000" lon="-80.0705170">
    <name>MIXING DRUMS</name>
    <cmt> 20 STEEL CONCRETE MIXING DRUMS, DEPTH 84 FT</cmt>
    <desc> 20 STEEL CONCRETE MIXING DRUMS, DEPTH 84 FT</desc>
    <sym>Fishing Area</sym>
    <extensions>
      <gpxx:WaypointExtension xmlns:gpxx="http://www.garmin.com/xmlschemas/GpxExtensions/v3">
        <gpxx:DisplayMode>SymbolOnly</gpxx:DisplayMode>
      </gpxx:WaypointExtension>
    </extensions>
  </wpt>

  <wpt lat="25.6233330" lon="-80.0816670">
    <name>MOBY ONE</name>
    <cmt> 75 FOOT WOODEN SHRIMP BOAT THE MOBY ONE, DEPTH 97, RELIEF 11</cmt>
    <desc> 75 FOOT WOODEN SHRIMP BOAT THE MOBY ONE, DEPTH 97, RELIEF 11</desc>
    <sym>Fishing Area</sym>
    <extensions>
      <gpxx:WaypointExtension xmlns:gpxx="http://www.garmin.com/xmlschemas/GpxExtensions/v3">
        <gpxx:DisplayMode>SymbolOnly</gpxx:DisplayMode>
      </gpxx:WaypointExtension>
    </extensions>
  </wpt>

  <wpt lat="25.9027500" lon="-80.0898830">
    <name>MODULESREEF</name>
    <cmt>176 DERM CONCRETE MODULES</cmt>
    <desc>176 DERM CONCRETE MODULES</desc>
    <sym>Fishing Area</sym>
    <extensions>
      <gpxx:WaypointExtension xmlns:gpxx="http://www.garmin.com/xmlschemas/GpxExtensions/v3">
        <gpxx:DisplayMode>SymbolOnly</gpxx:DisplayMode>
      </gpxx:WaypointExtension>
    </extensions>
  </wpt>

  <wpt lat="25.8232400" lon="-80.1784600">
    <ele>0.0000000</ele>
    <name>Morningside Park</name>
    <cmt>BOAT RAMP</cmt>
    <desc>BOAT RAMP</desc>
    <sym>Boat Ramp</sym>
    <extensions>
      <gpxx:WaypointExtension xmlns:gpxx="http://www.garmin.com/xmlschemas/GpxExtensions/v3">
        <gpxx:DisplayMode>SymbolOnly</gpxx:DisplayMode>
      </gpxx:WaypointExtension>
    </extensions>
  </wpt>

  <wpt lat="25.8110000" lon="-80.0733800">
    <name>MWBARGEWRECK</name>
    <cmt>WRECK INSUDE ANCHIRAGE AREA</cmt>
    <desc>WRECK INSUDE ANCHIRAGE AREA</desc>
    <sym>Fishing Area</sym>
    <extensions>
      <gpxx:WaypointExtension xmlns:gpxx="http://www.garmin.com/xmlschemas/GpxExtensions/v3">
        <gpxx:DisplayMode>SymbolOnly</gpxx:DisplayMode>
      </gpxx:WaypointExtension>
    </extensions>
  </wpt>

  <wpt lat="25.7109293" lon="-80.0808746">
    <time>2000-01-01T05:00:00Z</time>
    <name>MYSTIC ISLE</name>
    <cmt>PERMIT AJ COBIA WRECK AND LIVE BOTTOM</cmt>
    <desc>PERMIT AJ COBIA WRECK AND LIVE BOTTOM</desc>
    <sym>Fishing Area</sym>
    <extensions>
      <gpxx:WaypointExtension xmlns:gpxx="http://www.garmin.com/xmlschemas/GpxExtensions/v3">
        <gpxx:DisplayMode>SymbolOnly</gpxx:DisplayMode>
      </gpxx:WaypointExtension>
    </extensions>
  </wpt>

  <wpt lat="25.9105999" lon="-80.0842500">
    <time>2016-05-21T03:56:55Z</time>
    <name>NARWALWRK</name>
    <cmt>140 FT WRECK ON BOTTOM, HOLDS FISH</cmt>
    <desc>140 FT WRECK ON BOTTOM, HOLDS FISH</desc>
    <link href="http://www.divespots.com/scuba/spotID-17/view.divespot"/>
    <sym>Fishing Area</sym>
    <extensions>
      <gpxx:WaypointExtension xmlns:gpxx="http://www.garmin.com/xmlschemas/GpxExtensions/v3">
        <gpxx:DisplayMode>SymbolOnly</gpxx:DisplayMode>
      </gpxx:WaypointExtension>
    </extensions>
  </wpt>

  <wpt lat="25.9087170" lon="-80.0901000">
    <name>NAVYTUG</name>
    <cmt>120 NAVY STEEL TUGBOAT C-ONE</cmt>
    <desc>120 NAVY STEEL TUGBOAT C-ONE</desc>
    <sym>Fishing Area</sym>
    <extensions>
      <gpxx:WaypointExtension xmlns:gpxx="http://www.garmin.com/xmlschemas/GpxExtensions/v3">
        <gpxx:DisplayMode>SymbolOnly</gpxx:DisplayMode>
      </gpxx:WaypointExtension>
    </extensions>
  </wpt>

  <wpt lat="25.7005830" lon="-80.0899670">
    <name>NEPTUNEREEF</name>
    <cmt>1000 TONS BRONZE AND CONCRETE SCULPTURES</cmt>
    <desc>1000 TONS BRONZE AND CONCRETE SCULPTURES</desc>
    <sym>Fishing Area</sym>
    <extensions>
      <gpxx:WaypointExtension xmlns:gpxx="http://www.garmin.com/xmlschemas/GpxExtensions/v3">
        <gpxx:DisplayMode>SymbolOnly</gpxx:DisplayMode>
      </gpxx:WaypointExtension>
    </extensions>
  </wpt>

  <wpt lat="25.8498001" lon="-80.0501633">
    <time>2012-10-02T14:28:01Z</time>
    <name>NORMANDY</name>
    <cmt>SCATTERED BOTTOM</cmt>
    <desc>SCATTERED BOTTOM</desc>
    <sym>Flag</sym>
    <extensions>
      <gpxx:WaypointExtension xmlns:gpxx="http://www.garmin.com/xmlschemas/GpxExtensions/v3">
        <gpxx:DisplayMode>SymbolOnly</gpxx:DisplayMode>
      </gpxx:WaypointExtension>
    </extensions>
  </wpt>

  <wpt lat="25.8336639" lon="-80.0829506">
    <time>2012-10-02T14:27:47Z</time>
    <name>NORMANDY WRECK</name>
    <cmt>WRECK</cmt>
    <desc>WRECK</desc>
    <sym>Fishing Area</sym>
    <extensions>
      <gpxx:WaypointExtension xmlns:gpxx="http://www.garmin.com/xmlschemas/GpxExtensions/v3">
        <gpxx:DisplayMode>SymbolOnly</gpxx:DisplayMode>
      </gpxx:WaypointExtension>
    </extensions>
  </wpt>

  <wpt lat="26.0100170" lon="-80.0937330">
    <name>NSWCARRAYS</name>
    <cmt>STEEL ARRAYS AND SCRAP PIECES</cmt>
    <desc>STEEL ARRAYS AND SCRAP PIECES</desc>
    <sym>Fishing Area</sym>
    <extensions>
      <gpxx:WaypointExtension xmlns:gpxx="http://www.garmin.com/xmlschemas/GpxExtensions/v3">
        <gpxx:DisplayMode>SymbolOnly</gpxx:DisplayMode>
      </gpxx:WaypointExtension>
    </extensions>
  </wpt>

  <wpt lat="26.0480910" lon="-80.0628458">
    <time>2018-01-18T12:56:46Z</time>
    <name>OLDBUOY</name>
    <cmt>PHINS AND OTHER PELAGICS ON AND NEAR</cmt>
    <desc>PHINS AND OTHER PELAGICS ON AND NEAR</desc>
    <sym>Flag</sym>
    <extensions>
      <gpxx:WaypointExtension xmlns:gpxx="http://www.garmin.com/xmlschemas/GpxExtensions/v3">
        <gpxx:DisplayMode>SymbolOnly</gpxx:DisplayMode>
      </gpxx:WaypointExtension>
    </extensions>
  </wpt>

  <wpt lat="25.9000000" lon="-80.0716700">
    <name>OLDWRECK2</name>
    <cmt>old wreck remains on bottom</cmt>
    <desc>old wreck remains on bottom</desc>
    <sym>Fishing Area</sym>
    <extensions>
      <gpxx:WaypointExtension xmlns:gpxx="http://www.garmin.com/xmlschemas/GpxExtensions/v3">
        <gpxx:DisplayMode>SymbolOnly</gpxx:DisplayMode>
      </gpxx:WaypointExtension>
    </extensions>
  </wpt>

  <wpt lat="25.8120400" lon="-80.0899800">
    <name>OLDWRECK5</name>
    <cmt>old wreck in general area btm fish drift troll</cmt>
    <desc>old wreck in general area btm fish drift troll</desc>
    <sym>Fishing Area</sym>
    <extensions>
      <gpxx:WaypointExtension xmlns:gpxx="http://www.garmin.com/xmlschemas/GpxExtensions/v3">
        <gpxx:DisplayMode>SymbolOnly</gpxx:DisplayMode>
      </gpxx:WaypointExtension>
    </extensions>
  </wpt>

  <wpt lat="25.9025667" lon="-80.0783833">
    <time>2016-05-21T00:49:34Z</time>
    <name>OLDWRECK8</name>
    <cmt>old wreck in general area holds fish btm fish drift troll</cmt>
    <desc>old wreck in general area holds fish btm fish drift troll</desc>
    <sym>Fishing Area</sym>
    <extensions>
      <gpxx:WaypointExtension xmlns:gpxx="http://www.garmin.com/xmlschemas/GpxExtensions/v3">
        <gpxx:DisplayMode>SymbolOnly</gpxx:DisplayMode>
      </gpxx:WaypointExtension>
    </extensions>
  </wpt>

  <wpt lat="25.6909999" lon="-80.0863333">
    <ele>-28.9560000</ele>
    <name>ORIONWRECK</name>
    <cmt>WRECK IN 1OO FT</cmt>
    <desc>WRECK IN 1OO FT</desc>
    <sym>Fishing Area</sym>
    <extensions>
      <gpxx:WaypointExtension xmlns:gpxx="http://www.garmin.com/xmlschemas/GpxExtensions/v3">
        <gpxx:DisplayMode>SymbolOnly</gpxx:DisplayMode>
      </gpxx:WaypointExtension>
    </extensions>
  </wpt>

  <wpt lat="25.6970000" lon="-80.0872170">
    <name>PARKERBARGE</name>
    <cmt>AJ AND BONITO 120 FEET DECK BARGE</cmt>
    <desc>AJ AND BONITO 120 FEET DECK BARGE</desc>
    <sym>Fishing Area</sym>
    <extensions>
      <gpxx:WaypointExtension xmlns:gpxx="http://www.garmin.com/xmlschemas/GpxExtensions/v3">
        <gpxx:DisplayMode>SymbolOnly</gpxx:DisplayMode>
      </gpxx:WaypointExtension>
    </extensions>
  </wpt>

  <wpt lat="25.8186670" lon="-80.0816170">
    <name>PASCBARGE</name>
    <cmt>STEEL DECK BARGE</cmt>
    <desc>STEEL DECK BARGE</desc>
    <sym>Fishing Area</sym>
    <extensions>
      <gpxx:WaypointExtension xmlns:gpxx="http://www.garmin.com/xmlschemas/GpxExtensions/v3">
        <gpxx:DisplayMode>SymbolOnly</gpxx:DisplayMode>
      </gpxx:WaypointExtension>
    </extensions>
  </wpt>

  <wpt lat="25.3881400" lon="-80.1719700">
    <name>PATCHREEF1</name>
    <cmt>patch reef bottom fishing with cut bait chum fish top and bottom</cmt>
    <desc>patch reef bottom fishing with cut bait chum fish top and bottom</desc>
    <sym>Fishing Area</sym>
    <extensions>
      <gpxx:WaypointExtension xmlns:gpxx="http://www.garmin.com/xmlschemas/GpxExtensions/v3">
        <gpxx:DisplayMode>SymbolOnly</gpxx:DisplayMode>
      </gpxx:WaypointExtension>
    </extensions>
  </wpt>

  <wpt lat="25.4577300" lon="-80.1811700">
    <name>PATCHREEF10</name>
    <cmt>patch reef bottom fishing with cut bait chum fish top and bottom</cmt>
    <desc>patch reef bottom fishing with cut bait chum fish top and bottom</desc>
    <sym>Civil</sym>
    <extensions>
      <gpxx:WaypointExtension xmlns:gpxx="http://www.garmin.com/xmlschemas/GpxExtensions/v3">
        <gpxx:DisplayMode>SymbolOnly</gpxx:DisplayMode>
      </gpxx:WaypointExtension>
    </extensions>
  </wpt>

  <wpt lat="25.4467001" lon="-80.1692918">
    <time>2016-05-01T13:51:03Z</time>
    <name>PATCHREEF11</name>
    <cmt>patch reef bottom fishing with cut bait chum fish top and bottom</cmt>
    <desc>patch reef bottom fishing with cut bait chum fish top and bottom</desc>
    <sym>Civil</sym>
    <extensions>
      <gpxx:WaypointExtension xmlns:gpxx="http://www.garmin.com/xmlschemas/GpxExtensions/v3">
        <gpxx:DisplayMode>SymbolOnly</gpxx:DisplayMode>
      </gpxx:WaypointExtension>
    </extensions>
  </wpt>

  <wpt lat="25.3905000" lon="-80.1752100">
    <name>PATCHREEF12</name>
    <cmt>patch reef bottom fishing with cut bait chum fish top and bottom</cmt>
    <desc>patch reef bottom fishing with cut bait chum fish top and bottom</desc>
    <sym>Fishing Area</sym>
    <extensions>
      <gpxx:WaypointExtension xmlns:gpxx="http://www.garmin.com/xmlschemas/GpxExtensions/v3">
        <gpxx:DisplayMode>SymbolOnly</gpxx:DisplayMode>
      </gpxx:WaypointExtension>
    </extensions>
  </wpt>

  <wpt lat="25.5528700" lon="-80.1138600">
    <name>PATCHREEF13</name>
    <cmt>patch reef bottom fishing with cut bait chum fish top and bottom</cmt>
    <desc>patch reef bottom fishing with cut bait chum fish top and bottom</desc>
    <sym>Civil</sym>
    <extensions>
      <gpxx:WaypointExtension xmlns:gpxx="http://www.garmin.com/xmlschemas/GpxExtensions/v3">
        <gpxx:DisplayMode>SymbolOnly</gpxx:DisplayMode>
      </gpxx:WaypointExtension>
    </extensions>
  </wpt>

  <wpt lat="25.4550700" lon="-80.1722800">
    <name>PATCHREEF14</name>
    <cmt>patch reef bottom fishing with cut bait chum fish top and bottom</cmt>
    <desc>patch reef bottom fishing with cut bait chum fish top and bottom</desc>
    <sym>Civil</sym>
    <extensions>
      <gpxx:WaypointExtension xmlns:gpxx="http://www.garmin.com/xmlschemas/GpxExtensions/v3">
        <gpxx:DisplayMode>SymbolOnly</gpxx:DisplayMode>
      </gpxx:WaypointExtension>
    </extensions>
  </wpt>

  <wpt lat="25.5536400" lon="-80.1134600">
    <name>PATCHREEF15</name>
    <cmt>patch reef bottom fishing with cut bait chum fish top and bottom</cmt>
    <desc>patch reef bottom fishing with cut bait chum fish top and bottom</desc>
    <sym>Civil</sym>
    <extensions>
      <gpxx:WaypointExtension xmlns:gpxx="http://www.garmin.com/xmlschemas/GpxExtensions/v3">
        <gpxx:DisplayMode>SymbolOnly</gpxx:DisplayMode>
      </gpxx:WaypointExtension>
    </extensions>
  </wpt>

  <wpt lat="25.3904000" lon="-80.1720400">
    <name>PATCHREEF16</name>
    <cmt>patch reef bottom fishing with cut bait chum fish top and bottom</cmt>
    <desc>patch reef bottom fishing with cut bait chum fish top and bottom</desc>
    <sym>Fishing Area</sym>
    <extensions>
      <gpxx:WaypointExtension xmlns:gpxx="http://www.garmin.com/xmlschemas/GpxExtensions/v3">
        <gpxx:DisplayMode>SymbolOnly</gpxx:DisplayMode>
      </gpxx:WaypointExtension>
    </extensions>
  </wpt>

  <wpt lat="25.3891100" lon="-80.1750400">
    <name>PATCHREEF17</name>
    <cmt>ANCHOR AND CHUM FOR SNAPPER, GROUPER, KINGS</cmt>
    <desc>ANCHOR AND CHUM FOR SNAPPER, GROUPER, KINGS</desc>
    <sym>Fishing Area</sym>
    <extensions>
      <gpxx:WaypointExtension xmlns:gpxx="http://www.garmin.com/xmlschemas/GpxExtensions/v3">
        <gpxx:DisplayMode>SymbolOnly</gpxx:DisplayMode>
      </gpxx:WaypointExtension>
    </extensions>
  </wpt>

  <wpt lat="25.3898000" lon="-80.1744500">
    <name>PATCHREEF18</name>
    <cmt>ANCHOR AND CHUM FOR SNAPPER, GROUPER, KINGS</cmt>
    <desc>ANCHOR AND CHUM FOR SNAPPER, GROUPER, KINGS</desc>
    <sym>Fishing Area</sym>
    <extensions>
      <gpxx:WaypointExtension xmlns:gpxx="http://www.garmin.com/xmlschemas/GpxExtensions/v3">
        <gpxx:DisplayMode>SymbolOnly</gpxx:DisplayMode>
      </gpxx:WaypointExtension>
    </extensions>
  </wpt>

  <wpt lat="25.3892500" lon="-80.1716500">
    <name>PATCHREEF19</name>
    <cmt>ANCHOR AND CHUM FOR SNAPPER, GROUPER, KINGS</cmt>
    <desc>ANCHOR AND CHUM FOR SNAPPER, GROUPER, KINGS</desc>
    <sym>Fishing Area</sym>
    <extensions>
      <gpxx:WaypointExtension xmlns:gpxx="http://www.garmin.com/xmlschemas/GpxExtensions/v3">
        <gpxx:DisplayMode>SymbolOnly</gpxx:DisplayMode>
      </gpxx:WaypointExtension>
    </extensions>
  </wpt>

  <wpt lat="25.4283900" lon="-80.1901100">
    <name>PATCHREEF2</name>
    <cmt>patch reef, bottom fishing with cut bait, chum heavily, fish top and bottom</cmt>
    <desc>patch reef, bottom fishing with cut bait, chum heavily, fish top and bottom</desc>
    <sym>Civil</sym>
    <extensions>
      <gpxx:WaypointExtension xmlns:gpxx="http://www.garmin.com/xmlschemas/GpxExtensions/v3">
        <gpxx:DisplayMode>SymbolOnly</gpxx:DisplayMode>
      </gpxx:WaypointExtension>
    </extensions>
  </wpt>

  <wpt lat="25.3897600" lon="-80.1728700">
    <name>PATCHREEF20</name>
    <cmt>ANCHOR AND CHUM FOR SNAPPER, GROUPER, KINGS</cmt>
    <desc>ANCHOR AND CHUM FOR SNAPPER, GROUPER, KINGS</desc>
    <sym>Fishing Area</sym>
    <extensions>
      <gpxx:WaypointExtension xmlns:gpxx="http://www.garmin.com/xmlschemas/GpxExtensions/v3">
        <gpxx:DisplayMode>SymbolOnly</gpxx:DisplayMode>
      </gpxx:WaypointExtension>
    </extensions>
  </wpt>

  <wpt lat="25.3893400" lon="-80.1767800">
    <name>PATCHREEF21</name>
    <cmt>ANCHOR AND CHUM FOR SNAPPER, GROUPER, KINGS</cmt>
    <desc>ANCHOR AND CHUM FOR SNAPPER, GROUPER, KINGS</desc>
    <sym>Fishing Area</sym>
    <extensions>
      <gpxx:WaypointExtension xmlns:gpxx="http://www.garmin.com/xmlschemas/GpxExtensions/v3">
        <gpxx:DisplayMode>SymbolOnly</gpxx:DisplayMode>
      </gpxx:WaypointExtension>
    </extensions>
  </wpt>

  <wpt lat="25.3901100" lon="-80.1731800">
    <name>PATCHREEF22</name>
    <cmt>ANCHOR AND CHUM FOR SNAPPER, GROUPER, KINGS</cmt>
    <desc>ANCHOR AND CHUM FOR SNAPPER, GROUPER, KINGS</desc>
    <sym>Fishing Area</sym>
    <extensions>
      <gpxx:WaypointExtension xmlns:gpxx="http://www.garmin.com/xmlschemas/GpxExtensions/v3">
        <gpxx:DisplayMode>SymbolOnly</gpxx:DisplayMode>
      </gpxx:WaypointExtension>
    </extensions>
  </wpt>

  <wpt lat="25.3889800" lon="-80.1736400">
    <name>PATCHREEF23</name>
    <cmt>ANCHOR AND CHUM FOR SNAPPER, GROUPER, KINGS</cmt>
    <desc>ANCHOR AND CHUM FOR SNAPPER, GROUPER, KINGS</desc>
    <sym>Fishing Area</sym>
    <extensions>
      <gpxx:WaypointExtension xmlns:gpxx="http://www.garmin.com/xmlschemas/GpxExtensions/v3">
        <gpxx:DisplayMode>SymbolOnly</gpxx:DisplayMode>
      </gpxx:WaypointExtension>
    </extensions>
  </wpt>

  <wpt lat="25.3887700" lon="-80.1724000">
    <name>PATCHREEF25</name>
    <cmt>ANCHOR AND CHUM FOR SNAPPER, GROUPER, KINGS</cmt>
    <desc>ANCHOR AND CHUM FOR SNAPPER, GROUPER, KINGS</desc>
    <sym>Fishing Area</sym>
    <extensions>
      <gpxx:WaypointExtension xmlns:gpxx="http://www.garmin.com/xmlschemas/GpxExtensions/v3">
        <gpxx:DisplayMode>SymbolOnly</gpxx:DisplayMode>
      </gpxx:WaypointExtension>
    </extensions>
  </wpt>

  <wpt lat="25.3910600" lon="-80.1758100">
    <name>PATCHREEF3</name>
    <cmt>patch reef bottom fishing with cut bait chum fish top and bottom</cmt>
    <desc>patch reef bottom fishing with cut bait chum fish top and bottom</desc>
    <sym>Fishing Area</sym>
    <extensions>
      <gpxx:WaypointExtension xmlns:gpxx="http://www.garmin.com/xmlschemas/GpxExtensions/v3">
        <gpxx:DisplayMode>SymbolOnly</gpxx:DisplayMode>
      </gpxx:WaypointExtension>
    </extensions>
  </wpt>

  <wpt lat="25.3905500" lon="-80.1710900">
    <name>PATCHREEF4</name>
    <cmt>patch reef bottom fishing with cut bait chum fish top and bottom</cmt>
    <desc>patch reef bottom fishing with cut bait chum fish top and bottom</desc>
    <sym>Fishing Area</sym>
    <extensions>
      <gpxx:WaypointExtension xmlns:gpxx="http://www.garmin.com/xmlschemas/GpxExtensions/v3">
        <gpxx:DisplayMode>SymbolOnly</gpxx:DisplayMode>
      </gpxx:WaypointExtension>
    </extensions>
  </wpt>

  <wpt lat="25.3906400" lon="-80.1739100">
    <name>PATCHREEF5</name>
    <cmt>patch reef bottom fishing with cut bait chum fish top and bottom</cmt>
    <desc>patch reef bottom fishing with cut bait chum fish top and bottom</desc>
    <sym>Fishing Area</sym>
    <extensions>
      <gpxx:WaypointExtension xmlns:gpxx="http://www.garmin.com/xmlschemas/GpxExtensions/v3">
        <gpxx:DisplayMode>SymbolOnly</gpxx:DisplayMode>
      </gpxx:WaypointExtension>
    </extensions>
  </wpt>

  <wpt lat="25.4364217" lon="-80.1884389">
    <time>2016-05-01T13:55:39Z</time>
    <name>PATCHREEF6</name>
    <cmt>patch reef bottom fishing with cut bait chum fish top and bottom</cmt>
    <desc>patch reef bottom fishing with cut bait chum fish top and bottom</desc>
    <sym>Civil</sym>
    <extensions>
      <gpxx:WaypointExtension xmlns:gpxx="http://www.garmin.com/xmlschemas/GpxExtensions/v3">
        <gpxx:DisplayMode>SymbolOnly</gpxx:DisplayMode>
      </gpxx:WaypointExtension>
    </extensions>
  </wpt>

  <wpt lat="25.4438745" lon="-80.1704417">
    <time>2016-05-01T13:50:52Z</time>
    <name>PATCHREEF7</name>
    <cmt>patch reef bottom fishing with cut bait chum fish top and bottom</cmt>
    <desc>patch reef bottom fishing with cut bait chum fish top and bottom</desc>
    <sym>Civil</sym>
    <extensions>
      <gpxx:WaypointExtension xmlns:gpxx="http://www.garmin.com/xmlschemas/GpxExtensions/v3">
        <gpxx:DisplayMode>SymbolOnly</gpxx:DisplayMode>
      </gpxx:WaypointExtension>
    </extensions>
  </wpt>

  <wpt lat="25.3905400" lon="-80.1735800">
    <name>PATCHREEF8</name>
    <cmt>patch reef bottom fishing with cut bait chum fish top and bottom</cmt>
    <desc>patch reef bottom fishing with cut bait chum fish top and bottom</desc>
    <sym>Fishing Area</sym>
    <extensions>
      <gpxx:WaypointExtension xmlns:gpxx="http://www.garmin.com/xmlschemas/GpxExtensions/v3">
        <gpxx:DisplayMode>SymbolOnly</gpxx:DisplayMode>
      </gpxx:WaypointExtension>
    </extensions>
  </wpt>

  <wpt lat="25.4405450" lon="-80.1693989">
    <time>2016-05-01T13:51:16Z</time>
    <name>PATCHREEF9</name>
    <cmt>reef patch chum heavily fish with squid cutbait sliverides shrimp live baits</cmt>
    <desc>reef patch chum heavily fish with squid cutbait sliverides shrimp live baits</desc>
    <sym>Civil</sym>
    <extensions>
      <gpxx:WaypointExtension xmlns:gpxx="http://www.garmin.com/xmlschemas/GpxExtensions/v3">
        <gpxx:DisplayMode>SymbolOnly</gpxx:DisplayMode>
      </gpxx:WaypointExtension>
    </extensions>
  </wpt>

  <wpt lat="25.8046170" lon="-80.0780000">
    <name>PATRICIAWRECK</name>
    <cmt>65 FT STEEL TUG GOOD</cmt>
    <desc>65 FT STEEL TUG GOOD</desc>
    <sym>Fishing Area</sym>
    <extensions>
      <gpxx:WaypointExtension xmlns:gpxx="http://www.garmin.com/xmlschemas/GpxExtensions/v3">
        <gpxx:DisplayMode>SymbolOnly</gpxx:DisplayMode>
      </gpxx:WaypointExtension>
    </extensions>
  </wpt>

  <wpt lat="25.8474940" lon="-80.1680560">
    <ele>0.0000000</ele>
    <name>PelicanHarbor</name>
    <cmt>BOAT RAMP</cmt>
    <desc>BOAT RAMP</desc>
    <sym>Boat Ramp</sym>
    <extensions>
      <gpxx:WaypointExtension xmlns:gpxx="http://www.garmin.com/xmlschemas/GpxExtensions/v3">
        <gpxx:DisplayMode>SymbolOnly</gpxx:DisplayMode>
      </gpxx:WaypointExtension>
    </extensions>
  </wpt>

  <wpt lat="25.8348800" lon="-80.0856700">
    <name>PFLEUGERREEF1</name>
    <cmt>reef area good for bottom fishing or trolling/drfiting live bait</cmt>
    <desc>reef area good for bottom fishing or trolling/drfiting live bait</desc>
    <sym>Fishing Area</sym>
    <extensions>
      <gpxx:WaypointExtension xmlns:gpxx="http://www.garmin.com/xmlschemas/GpxExtensions/v3">
        <gpxx:DisplayMode>SymbolOnly</gpxx:DisplayMode>
      </gpxx:WaypointExtension>
    </extensions>
  </wpt>

  <wpt lat="25.8202300" lon="-80.0935000">
    <name>PFLUEGEREEF2</name>
    <cmt>reef area good for bottom fishing or trolling/drfiting live bait</cmt>
    <desc>reef area good for bottom fishing or trolling/drfiting live bait</desc>
    <sym>Fishing Area</sym>
    <extensions>
      <gpxx:WaypointExtension xmlns:gpxx="http://www.garmin.com/xmlschemas/GpxExtensions/v3">
        <gpxx:DisplayMode>SymbolOnly</gpxx:DisplayMode>
      </gpxx:WaypointExtension>
    </extensions>
  </wpt>

  <wpt lat="25.8213300" lon="-80.0825700">
    <name>PFLUEGEREEF4</name>
    <cmt>reef area good for bottom fishing or trolling/drfiting live bait</cmt>
    <desc>reef area good for bottom fishing or trolling/drfiting live bait</desc>
    <sym>Fishing Area</sym>
    <extensions>
      <gpxx:WaypointExtension xmlns:gpxx="http://www.garmin.com/xmlschemas/GpxExtensions/v3">
        <gpxx:DisplayMode>SymbolOnly</gpxx:DisplayMode>
      </gpxx:WaypointExtension>
    </extensions>
  </wpt>

  <wpt lat="25.8220300" lon="-80.0850000">
    <name>PFLUEGEREEF7</name>
    <cmt>reef area good for bottom fishing or trolling/drfiting live bait</cmt>
    <desc>reef area good for bottom fishing or trolling/drfiting live bait</desc>
    <sym>Fishing Area</sym>
    <extensions>
      <gpxx:WaypointExtension xmlns:gpxx="http://www.garmin.com/xmlschemas/GpxExtensions/v3">
        <gpxx:DisplayMode>SymbolOnly</gpxx:DisplayMode>
      </gpxx:WaypointExtension>
    </extensions>
  </wpt>

  <wpt lat="25.8205700" lon="-80.0843700">
    <name>PFLUEGERREEF1</name>
    <cmt>110 FT WRECK ON PFLUGER REEF</cmt>
    <desc>110 FT WRECK ON PFLUGER REEF</desc>
    <sym>Fishing Area</sym>
    <extensions>
      <gpxx:WaypointExtension xmlns:gpxx="http://www.garmin.com/xmlschemas/GpxExtensions/v3">
        <gpxx:DisplayMode>SymbolOnly</gpxx:DisplayMode>
      </gpxx:WaypointExtension>
    </extensions>
  </wpt>

  <wpt lat="25.8217000" lon="-80.0824700">
    <name>PFLUEGERREEF2</name>
    <cmt>135 FT WRECK</cmt>
    <desc>135 FT WRECK</desc>
    <sym>Fishing Area</sym>
    <extensions>
      <gpxx:WaypointExtension xmlns:gpxx="http://www.garmin.com/xmlschemas/GpxExtensions/v3">
        <gpxx:DisplayMode>SymbolOnly</gpxx:DisplayMode>
      </gpxx:WaypointExtension>
    </extensions>
  </wpt>

  <wpt lat="25.8078500" lon="-80.0609500">
    <name>PFLUEGERREEF3</name>
    <cmt>GOOD SCATTERED BOTTOM FISHING</cmt>
    <desc>GOOD SCATTERED BOTTOM FISHING</desc>
    <sym>Fishing Area</sym>
    <extensions>
      <gpxx:WaypointExtension xmlns:gpxx="http://www.garmin.com/xmlschemas/GpxExtensions/v3">
        <gpxx:DisplayMode>SymbolOnly</gpxx:DisplayMode>
      </gpxx:WaypointExtension>
    </extensions>
  </wpt>

  <wpt lat="26.0865464" lon="-80.0529449">
    <time>2018-01-18T12:54:23Z</time>
    <name>PHINS 1</name>
    <cmt>NEAR FULL MOON DOLPHIN OFTEN FOUND IN GENERAL AREA</cmt>
    <desc>NEAR FULL MOON DOLPHIN OFTEN FOUND IN GENERAL AREA</desc>
    <sym>Flag</sym>
    <extensions>
      <gpxx:WaypointExtension xmlns:gpxx="http://www.garmin.com/xmlschemas/GpxExtensions/v3">
        <gpxx:DisplayMode>SymbolOnly</gpxx:DisplayMode>
      </gpxx:WaypointExtension>
    </extensions>
  </wpt>

  <wpt lat="26.0595120" lon="-80.0446500">
    <time>2018-01-18T12:55:59Z</time>
    <name>PHINS2</name>
    <cmt>DOPLPHIN NEAR FULL MOON</cmt>
    <desc>DOPLPHIN NEAR FULL MOON</desc>
    <sym>Flag</sym>
    <extensions>
      <gpxx:WaypointExtension xmlns:gpxx="http://www.garmin.com/xmlschemas/GpxExtensions/v3">
        <gpxx:DisplayMode>SymbolOnly</gpxx:DisplayMode>
      </gpxx:WaypointExtension>
    </extensions>
  </wpt>

  <wpt lat="25.7277669" lon="-80.0101295">
    <time>2018-01-18T13:06:54Z</time>
    <name>PHINS3</name>
    <cmt>GOOD AREA TO LOOK FOR DOLPHIN</cmt>
    <desc>GOOD AREA TO LOOK FOR DOLPHIN</desc>
    <sym>Flag</sym>
    <extensions>
      <gpxx:WaypointExtension xmlns:gpxx="http://www.garmin.com/xmlschemas/GpxExtensions/v3">
        <gpxx:DisplayMode>SymbolOnly</gpxx:DisplayMode>
      </gpxx:WaypointExtension>
    </extensions>
  </wpt>

  <wpt lat="25.9370000" lon="-80.0860000">
    <time>2018-01-18T13:18:41Z</time>
    <name>PINNACLE 3</name>
    <cmt>PINNACLE CHECK FOR BOTTOM FISH GOOD</cmt>
    <desc>PINNACLE CHECK FOR BOTTOM FISH GOOD</desc>
    <sym>Flag</sym>
    <extensions>
      <gpxx:WaypointExtension xmlns:gpxx="http://www.garmin.com/xmlschemas/GpxExtensions/v3">
        <gpxx:DisplayMode>SymbolOnly</gpxx:DisplayMode>
      </gpxx:WaypointExtension>
    </extensions>
  </wpt>

  <wpt lat="25.7170489" lon="-80.1164285">
    <time>2000-01-01T05:00:00Z</time>
    <name>POLAR WRECK</name>
    <cmt>WRECK AND SOME LIVE BOTTOM</cmt>
    <desc>WRECK AND SOME LIVE BOTTOM</desc>
    <sym>Fishing Area</sym>
    <extensions>
      <gpxx:WaypointExtension xmlns:gpxx="http://www.garmin.com/xmlschemas/GpxExtensions/v3">
        <gpxx:DisplayMode>SymbolOnly</gpxx:DisplayMode>
      </gpxx:WaypointExtension>
    </extensions>
  </wpt>

  <wpt lat="25.8136700" lon="-80.0911600">
    <name>POLICEBARGE</name>
    <cmt>POLICE BARGE WRECK ON BOTTOM</cmt>
    <desc>POLICE BARGE WRECK ON BOTTOM</desc>
    <sym>Fishing Area</sym>
    <extensions>
      <gpxx:WaypointExtension xmlns:gpxx="http://www.garmin.com/xmlschemas/GpxExtensions/v3">
        <gpxx:DisplayMode>SymbolOnly</gpxx:DisplayMode>
      </gpxx:WaypointExtension>
    </extensions>
  </wpt>

  <wpt lat="25.7780830" lon="-80.0441000">
    <name>PONTOONDOCKS</name>
    <cmt>STEEL PONTOON DRY DOCKS</cmt>
    <desc>STEEL PONTOON DRY DOCKS</desc>
    <sym>Fishing Area</sym>
    <extensions>
      <gpxx:WaypointExtension xmlns:gpxx="http://www.garmin.com/xmlschemas/GpxExtensions/v3">
        <gpxx:DisplayMode>SymbolOnly</gpxx:DisplayMode>
      </gpxx:WaypointExtension>
    </extensions>
  </wpt>

  <wpt lat="25.7054670" lon="-80.0873330">
    <name>PROTEUSWRECK</name>
    <cmt>220 FT STEEL SHIP ON BOTTOM DRIFT SPEED JIG</cmt>
    <desc>220 FT STEEL SHIP ON BOTTOM DRIFT SPEED JIG</desc>
    <sym>Fishing Area</sym>
    <extensions>
      <gpxx:WaypointExtension xmlns:gpxx="http://www.garmin.com/xmlschemas/GpxExtensions/v3">
        <gpxx:DisplayMode>SymbolOnly</gpxx:DisplayMode>
      </gpxx:WaypointExtension>
    </extensions>
  </wpt>

  <wpt lat="25.8123833" lon="-80.0893834">
    <time>2016-05-21T03:46:16Z</time>
    <name>RADIOPYRAMIDS</name>
    <cmt>RADIO TOWER SECTIONS AND PILES</cmt>
    <desc>RADIO TOWER SECTIONS AND PILES</desc>
    <sym>Fishing Area</sym>
    <extensions>
      <gpxx:WaypointExtension xmlns:gpxx="http://www.garmin.com/xmlschemas/GpxExtensions/v3">
        <gpxx:DisplayMode>SymbolOnly</gpxx:DisplayMode>
      </gpxx:WaypointExtension>
    </extensions>
  </wpt>

  <wpt lat="25.8123499" lon="-80.0894333">
    <ele>-15.2400000</ele>
    <name>RADIOSPOT</name>
    <cmt>Radio Tower Pyramids</cmt>
    <desc>Radio Tower Pyramids</desc>
    <link href="http://www.divespots.com/scuba/spotID-22/view.divespot"/>
    <sym>Fishing Area</sym>
    <extensions>
      <gpxx:WaypointExtension xmlns:gpxx="http://www.garmin.com/xmlschemas/GpxExtensions/v3">
        <gpxx:DisplayMode>SymbolOnly</gpxx:DisplayMode>
      </gpxx:WaypointExtension>
    </extensions>
  </wpt>

  <wpt lat="25.8113000" lon="-80.0897500">
    <name>RADIOTOWERS</name>
    <cmt>19 PCS OF 20 FT LONG RADIO TOWER</cmt>
    <desc>19 PCS OF 20 FT LONG RADIO TOWER</desc>
    <sym>Fishing Area</sym>
    <extensions>
      <gpxx:WaypointExtension xmlns:gpxx="http://www.garmin.com/xmlschemas/GpxExtensions/v3">
        <gpxx:DisplayMode>SymbolOnly</gpxx:DisplayMode>
      </gpxx:WaypointExtension>
    </extensions>
  </wpt>

  <wpt lat="25.8202000" lon="-80.0793830">
    <name>RAYCHELWRECK</name>
    <cmt>164 SHIP ON BOTTOM</cmt>
    <desc>164 SHIP ON BOTTOM</desc>
    <sym>Fishing Area</sym>
    <extensions>
      <gpxx:WaypointExtension xmlns:gpxx="http://www.garmin.com/xmlschemas/GpxExtensions/v3">
        <gpxx:DisplayMode>SymbolOnly</gpxx:DisplayMode>
      </gpxx:WaypointExtension>
    </extensions>
  </wpt>

  <wpt lat="25.9624000" lon="-80.0979000">
    <name>REEFBALLS1</name>
    <cmt> 9 TONS ULTRABALLS HOLDS BAIT AND FISH</cmt>
    <desc> 9 TONS ULTRABALLS HOLDS BAIT AND FISH</desc>
    <sym>Fishing Area</sym>
    <extensions>
      <gpxx:WaypointExtension xmlns:gpxx="http://www.garmin.com/xmlschemas/GpxExtensions/v3">
        <gpxx:DisplayMode>SymbolOnly</gpxx:DisplayMode>
      </gpxx:WaypointExtension>
    </extensions>
  </wpt>

  <wpt lat="25.9073170" lon="-80.1334830">
    <name>REEFBALLS2</name>
    <cmt>3 TONS REEFBALLS</cmt>
    <desc>3 TONS REEFBALLS</desc>
    <sym>Fishing Area</sym>
    <extensions>
      <gpxx:WaypointExtension xmlns:gpxx="http://www.garmin.com/xmlschemas/GpxExtensions/v3">
        <gpxx:DisplayMode>SymbolOnly</gpxx:DisplayMode>
      </gpxx:WaypointExtension>
    </extensions>
  </wpt>

  <wpt lat="25.9064170" lon="-80.1333330">
    <name>REEFBALLS8</name>
    <cmt> THREE SETS OF REEFBALLS</cmt>
    <desc> THREE SETS OF REEFBALLS</desc>
    <sym>Fishing Area</sym>
    <extensions>
      <gpxx:WaypointExtension xmlns:gpxx="http://www.garmin.com/xmlschemas/GpxExtensions/v3">
        <gpxx:DisplayMode>SymbolOnly</gpxx:DisplayMode>
      </gpxx:WaypointExtension>
    </extensions>
  </wpt>

  <wpt lat="25.9626170" lon="-80.0978500">
    <name>REEFBALLS9</name>
    <cmt>4 TONS 6 BAY REEFBALLS</cmt>
    <desc>4 TONS 6 BAY REEFBALLS</desc>
    <sym>Fishing Area</sym>
    <extensions>
      <gpxx:WaypointExtension xmlns:gpxx="http://www.garmin.com/xmlschemas/GpxExtensions/v3">
        <gpxx:DisplayMode>SymbolOnly</gpxx:DisplayMode>
      </gpxx:WaypointExtension>
    </extensions>
  </wpt>

  <wpt lat="25.5370485" lon="-80.1030981">
    <time>2000-01-01T05:00:00Z</time>
    <name>REEFLIVE</name>
    <cmt>REEF AND LIVE BOTTOM AREA</cmt>
    <desc>REEF AND LIVE BOTTOM AREA</desc>
    <sym>Fishing Area</sym>
    <extensions>
      <gpxx:WaypointExtension xmlns:gpxx="http://www.garmin.com/xmlschemas/GpxExtensions/v3">
        <gpxx:DisplayMode>SymbolOnly</gpxx:DisplayMode>
      </gpxx:WaypointExtension>
    </extensions>
  </wpt>

  <wpt lat="25.7080330" lon="-80.0772170">
    <name>REXBEARWRECK</name>
    <cmt>REX BEAR WRECK GOLIATH GROUPER</cmt>
    <desc>REX BEAR WRECK GOLIATH GROUPER</desc>
    <sym>Fishing Area</sym>
    <extensions>
      <gpxx:WaypointExtension xmlns:gpxx="http://www.garmin.com/xmlschemas/GpxExtensions/v3">
        <gpxx:DisplayMode>SymbolOnly</gpxx:DisplayMode>
      </gpxx:WaypointExtension>
    </extensions>
  </wpt>

  <wpt lat="25.7983553" lon="-80.0883615">
    <time>2012-10-02T14:22:19Z</time>
    <name>RICK PILES BOTTOM</name>
    <cmt>ROCKY LIVE BOTTOM</cmt>
    <desc>ROCKY LIVE BOTTOM</desc>
    <sym>Fishing Area</sym>
    <extensions>
      <gpxx:WaypointExtension xmlns:gpxx="http://www.garmin.com/xmlschemas/GpxExtensions/v3">
        <gpxx:DisplayMode>SymbolOnly</gpxx:DisplayMode>
      </gpxx:WaypointExtension>
    </extensions>
  </wpt>

  <wpt lat="25.7027666" lon="-80.0872000">
    <time>2016-05-21T03:50:52Z</time>
    <name>RIOMIAMIWRK</name>
    <cmt>RIO MIAMI WRECK</cmt>
    <desc>RIO MIAMI WRECK</desc>
    <sym>Fishing Area</sym>
    <extensions>
      <gpxx:WaypointExtension xmlns:gpxx="http://www.garmin.com/xmlschemas/GpxExtensions/v3">
        <gpxx:DisplayMode>SymbolOnly</gpxx:DisplayMode>
      </gpxx:WaypointExtension>
    </extensions>
  </wpt>

  <wpt lat="25.7966636" lon="-80.0900011">
    <time>2000-01-01T05:00:00Z</time>
    <name>ROCK BOTTOM 44</name>
    <cmt>ROCKY LIVE BOTTOM</cmt>
    <desc>ROCKY LIVE BOTTOM</desc>
    <sym>Flag</sym>
    <extensions>
      <gpxx:WaypointExtension xmlns:gpxx="http://www.garmin.com/xmlschemas/GpxExtensions/v3">
        <gpxx:DisplayMode>SymbolOnly</gpxx:DisplayMode>
      </gpxx:WaypointExtension>
    </extensions>
  </wpt>

  <wpt lat="25.7216549" lon="-80.0999451">
    <time>2012-10-02T14:13:36Z</time>
    <name>ROCK PILE 12</name>
    <cmt>ROCK PILE WITH LIVE BOTTOM NEAR</cmt>
    <desc>ROCK PILE WITH LIVE BOTTOM NEAR</desc>
    <sym>Flag</sym>
    <extensions>
      <gpxx:WaypointExtension xmlns:gpxx="http://www.garmin.com/xmlschemas/GpxExtensions/v3">
        <gpxx:DisplayMode>SymbolOnly</gpxx:DisplayMode>
      </gpxx:WaypointExtension>
    </extensions>
  </wpt>

  <wpt lat="25.7295418" lon="-80.0878917">
    <time>2012-10-02T14:12:49Z</time>
    <name>ROCKY ROADS</name>
    <cmt>SERIES OF LIVE BOTTOM AND OUTCROPPINGS SMALL LEDGE</cmt>
    <desc>SERIES OF LIVE BOTTOM AND OUTCROPPINGS SMALL LEDGE</desc>
    <sym>Flag</sym>
    <extensions>
      <gpxx:WaypointExtension xmlns:gpxx="http://www.garmin.com/xmlschemas/GpxExtensions/v3">
        <gpxx:Depth>18.2880000</gpxx:Depth>
        <gpxx:DisplayMode>SymbolOnly</gpxx:DisplayMode>
      </gpxx:WaypointExtension>
    </extensions>
  </wpt>

  <wpt lat="25.9041700" lon="-80.0850000">
    <name>ROSSMERRYWRK</name>
    <cmt>200 FT LONG STEEL SHIP. HOLDS FISH</cmt>
    <desc>200 FT LONG STEEL SHIP. HOLDS FISH</desc>
    <sym>Fishing Area</sym>
    <extensions>
      <gpxx:WaypointExtension xmlns:gpxx="http://www.garmin.com/xmlschemas/GpxExtensions/v3">
        <gpxx:DisplayMode>SymbolOnly</gpxx:DisplayMode>
      </gpxx:WaypointExtension>
    </extensions>
  </wpt>

  <wpt lat="25.8765167" lon="-80.0876680">
    <time>2012-10-02T14:28:44Z</time>
    <name>SAIL RIPS</name>
    <cmt>RIPS AND BREAKS -GOOD TROLLING FOR PELAGICS</cmt>
    <desc>RIPS AND BREAKS -GOOD TROLLING FOR PELAGICS</desc>
    <sym>Flag</sym>
    <extensions>
      <gpxx:WaypointExtension xmlns:gpxx="http://www.garmin.com/xmlschemas/GpxExtensions/v3">
        <gpxx:Depth>18.2880000</gpxx:Depth>
        <gpxx:DisplayMode>SymbolOnly</gpxx:DisplayMode>
      </gpxx:WaypointExtension>
    </extensions>
  </wpt>

  <wpt lat="25.6532348" lon="-80.0895885">
    <time>2012-10-02T14:21:01Z</time>
    <name>SAILFISH 001</name>
    <cmt>SAILS AND KINGS</cmt>
    <desc>SAILS AND KINGS</desc>
    <sym>Fishing Area</sym>
    <extensions>
      <gpxx:WaypointExtension xmlns:gpxx="http://www.garmin.com/xmlschemas/GpxExtensions/v3">
        <gpxx:Depth>18.2880000</gpxx:Depth>
        <gpxx:DisplayMode>SymbolOnly</gpxx:DisplayMode>
      </gpxx:WaypointExtension>
    </extensions>
  </wpt>

  <wpt lat="25.5511225" lon="-80.0951641">
    <time>2012-10-02T14:38:30Z</time>
    <name>SAILFISH 223</name>
    <cmt>SAILS AND KINGS</cmt>
    <desc>SAILS AND KINGS</desc>
    <sym>Fishing Area</sym>
    <extensions>
      <gpxx:WaypointExtension xmlns:gpxx="http://www.garmin.com/xmlschemas/GpxExtensions/v3">
        <gpxx:Depth>18.2880000</gpxx:Depth>
        <gpxx:DisplayMode>SymbolOnly</gpxx:DisplayMode>
      </gpxx:WaypointExtension>
    </extensions>
  </wpt>

  <wpt lat="25.5811990" lon="-80.0836774">
    <time>2016-03-14T23:46:23Z</time>
    <name>SAILFISH3</name>
    <cmt>WINTER SAILFISH CHASING BALLYHOO</cmt>
    <desc>WINTER SAILFISH CHASING BALLYHOO</desc>
    <sym>Fishing Area</sym>
    <extensions>
      <gpxx:WaypointExtension xmlns:gpxx="http://www.garmin.com/xmlschemas/GpxExtensions/v3">
        <gpxx:DisplayMode>SymbolOnly</gpxx:DisplayMode>
      </gpxx:WaypointExtension>
    </extensions>
  </wpt>

  <wpt lat="25.6057581" lon="-80.0896980">
    <time>2016-03-14T23:47:25Z</time>
    <name>SAILFISH4</name>
    <cmt>WINTER SAILFISH CHASING BALLYHOO</cmt>
    <desc>WINTER SAILFISH CHASING BALLYHOO</desc>
    <sym>Fishing Area</sym>
    <extensions>
      <gpxx:WaypointExtension xmlns:gpxx="http://www.garmin.com/xmlschemas/GpxExtensions/v3">
        <gpxx:DisplayMode>SymbolOnly</gpxx:DisplayMode>
      </gpxx:WaypointExtension>
    </extensions>
  </wpt>

  <wpt lat="25.6430583" lon="-80.0852506">
    <time>2016-03-14T23:47:39Z</time>
    <name>SAILFISH6</name>
    <cmt>WINTER SAILFISH CHASING BALLYHOO</cmt>
    <desc>WINTER SAILFISH CHASING BALLYHOO</desc>
    <sym>Fishing Area</sym>
    <extensions>
      <gpxx:WaypointExtension xmlns:gpxx="http://www.garmin.com/xmlschemas/GpxExtensions/v3">
        <gpxx:DisplayMode>SymbolOnly</gpxx:DisplayMode>
      </gpxx:WaypointExtension>
    </extensions>
  </wpt>

  <wpt lat="25.6703381" lon="-80.0874996">
    <time>2012-10-02T14:21:14Z</time>
    <name>SAILS KINGS 22</name>
    <cmt>SAILFISH AND KINGS</cmt>
    <desc>SAILFISH AND KINGS</desc>
    <sym>Fishing Area</sym>
    <extensions>
      <gpxx:WaypointExtension xmlns:gpxx="http://www.garmin.com/xmlschemas/GpxExtensions/v3">
        <gpxx:Depth>18.2880000</gpxx:Depth>
        <gpxx:DisplayMode>SymbolOnly</gpxx:DisplayMode>
      </gpxx:WaypointExtension>
    </extensions>
  </wpt>

  <wpt lat="25.7250911" lon="-80.0885045">
    <time>2012-10-02T14:21:39Z</time>
    <name>SAILSKINGS 32</name>
    <cmt>SAILS AND KINGFISH</cmt>
    <desc>SAILS AND KINGFISH</desc>
    <sym>Fishing Area</sym>
    <extensions>
      <gpxx:WaypointExtension xmlns:gpxx="http://www.garmin.com/xmlschemas/GpxExtensions/v3">
        <gpxx:Depth>18.2880000</gpxx:Depth>
        <gpxx:DisplayMode>SymbolOnly</gpxx:DisplayMode>
      </gpxx:WaypointExtension>
    </extensions>
  </wpt>

  <wpt lat="25.8302000" lon="-80.0680670">
    <name>SANRAPHAELWRK</name>
    <cmt>200 FOOT STEEL SHIP HOLDS FISH</cmt>
    <desc>200 FOOT STEEL SHIP HOLDS FISH</desc>
    <sym>Fishing Area</sym>
    <extensions>
      <gpxx:WaypointExtension xmlns:gpxx="http://www.garmin.com/xmlschemas/GpxExtensions/v3">
        <gpxx:DisplayMode>SymbolOnly</gpxx:DisplayMode>
      </gpxx:WaypointExtension>
    </extensions>
  </wpt>

  <wpt lat="25.8222552" lon="-80.0755635">
    <time>2016-05-21T03:48:37Z</time>
    <name>SCRAPILE2</name>
    <cmt>SCRAP META STTEL FROM CRANE BOOMS</cmt>
    <desc>SCRAP META STTEL FROM CRANE BOOMS</desc>
    <sym>Fishing Area</sym>
    <extensions>
      <gpxx:WaypointExtension xmlns:gpxx="http://www.garmin.com/xmlschemas/GpxExtensions/v3">
        <gpxx:DisplayMode>SymbolOnly</gpxx:DisplayMode>
      </gpxx:WaypointExtension>
    </extensions>
  </wpt>

  <wpt lat="25.7734330" lon="-80.0733830">
    <name>SHAMROCKWRK</name>
    <cmt>120 STEEL SHIP HOLDS FISH TOP AND BOTTOM</cmt>
    <desc>120 STEEL SHIP HOLDS FISH TOP AND BOTTOM</desc>
    <sym>Fishing Area</sym>
    <extensions>
      <gpxx:WaypointExtension xmlns:gpxx="http://www.garmin.com/xmlschemas/GpxExtensions/v3">
        <gpxx:DisplayMode>SymbolOnly</gpxx:DisplayMode>
      </gpxx:WaypointExtension>
    </extensions>
  </wpt>

  <wpt lat="25.6681670" lon="-80.0703830">
    <name>SHERI-LYNWRECK</name>
    <cmt>235 ft STEEL SHIP MARKS UP 12 FT HOLDS FISH</cmt>
    <desc>235 ft STEEL SHIP MARKS UP 12 FT HOLDS FISH</desc>
    <sym>Fishing Area</sym>
    <extensions>
      <gpxx:WaypointExtension xmlns:gpxx="http://www.garmin.com/xmlschemas/GpxExtensions/v3">
        <gpxx:DisplayMode>SymbolOnly</gpxx:DisplayMode>
      </gpxx:WaypointExtension>
    </extensions>
  </wpt>

  <wpt lat="25.7091330" lon="-80.0751500">
    <name>SHIPWRECK1</name>
    <cmt>138 FT SHIP ON BOTTOM BTM FISH AND TROLL</cmt>
    <desc>138 FT SHIP ON BOTTOM BTM FISH AND TROLL</desc>
    <sym>Fishing Area</sym>
    <extensions>
      <gpxx:WaypointExtension xmlns:gpxx="http://www.garmin.com/xmlschemas/GpxExtensions/v3">
        <gpxx:DisplayMode>SymbolOnly</gpxx:DisplayMode>
      </gpxx:WaypointExtension>
    </extensions>
  </wpt>

  <wpt lat="26.0076500" lon="-80.0937170">
    <name>SITE EBARGES</name>
    <cmt>2 STEEL BARGES SANK HERE HOLDS FISH</cmt>
    <desc>2 STEEL BARGES SANK HERE HOLDS FISH</desc>
    <sym>Fishing Area</sym>
    <extensions>
      <gpxx:WaypointExtension xmlns:gpxx="http://www.garmin.com/xmlschemas/GpxExtensions/v3">
        <gpxx:DisplayMode>SymbolOnly</gpxx:DisplayMode>
      </gpxx:WaypointExtension>
    </extensions>
  </wpt>

  <wpt lat="26.0076500" lon="-80.0936670">
    <name>SITE EPALLET</name>
    <cmt>12 BALLS ON BOTTOM</cmt>
    <desc>12 BALLS ON BOTTOM</desc>
    <sym>Fishing Area</sym>
    <extensions>
      <gpxx:WaypointExtension xmlns:gpxx="http://www.garmin.com/xmlschemas/GpxExtensions/v3">
        <gpxx:DisplayMode>SymbolOnly</gpxx:DisplayMode>
      </gpxx:WaypointExtension>
    </extensions>
  </wpt>

  <wpt lat="25.6886170" lon="-80.0919500">
    <name>SMZBUOYREEF1</name>
    <cmt>PILES OF 3 TO 6 FOOT BOULDERS</cmt>
    <desc>PILES OF 3 TO 6 FOOT BOULDERS</desc>
    <sym>Fishing Area</sym>
    <extensions>
      <gpxx:WaypointExtension xmlns:gpxx="http://www.garmin.com/xmlschemas/GpxExtensions/v3">
        <gpxx:DisplayMode>SymbolOnly</gpxx:DisplayMode>
      </gpxx:WaypointExtension>
    </extensions>
  </wpt>

  <wpt lat="25.7002830" lon="-80.0919670">
    <name>SMZBUOYREEF2</name>
    <cmt>PILES OF 3 TO 6 FOOT BOULDERS</cmt>
    <desc>PILES OF 3 TO 6 FOOT BOULDERS</desc>
    <sym>Fishing Area</sym>
    <extensions>
      <gpxx:WaypointExtension xmlns:gpxx="http://www.garmin.com/xmlschemas/GpxExtensions/v3">
        <gpxx:DisplayMode>SymbolOnly</gpxx:DisplayMode>
      </gpxx:WaypointExtension>
    </extensions>
  </wpt>

  <wpt lat="25.5603794" lon="-80.0947710">
    <time>2000-01-01T05:00:00Z</time>
    <name>SOUTH 32</name>
    <cmt>LIVE BOTTOM AND CORAL</cmt>
    <desc>LIVE BOTTOM AND CORAL</desc>
    <sym>Flag</sym>
    <extensions>
      <gpxx:WaypointExtension xmlns:gpxx="http://www.garmin.com/xmlschemas/GpxExtensions/v3">
        <gpxx:DisplayMode>SymbolOnly</gpxx:DisplayMode>
      </gpxx:WaypointExtension>
    </extensions>
  </wpt>

  <wpt lat="25.6987381" lon="-80.0863838">
    <time>2012-10-02T14:29:59Z</time>
    <name>SOUTH BASIN WRECK</name>
    <cmt>WRECK AND LIVE BOTTOM ATTACHED</cmt>
    <desc>WRECK AND LIVE BOTTOM ATTACHED</desc>
    <sym>Fishing Area</sym>
    <extensions>
      <gpxx:WaypointExtension xmlns:gpxx="http://www.garmin.com/xmlschemas/GpxExtensions/v3">
        <gpxx:DisplayMode>SymbolOnly</gpxx:DisplayMode>
      </gpxx:WaypointExtension>
    </extensions>
  </wpt>

  <wpt lat="26.0753133" lon="-79.9700667">
    <time>2018-01-18T12:59:10Z</time>
    <name>SPOTSAVAILABLE</name>
    <cmt>DEEP DROP FISHING SPOTS AND SWORDFISH SPOTS AVAILABLE CONTACT US FOR INFO</cmt>
    <desc>DEEP DROP FISHING SPOTS AND SWORDFISH SPOTS AVAILABLE CONTACT US FOR INFO</desc>
    <sym>Circle, Blue</sym>
    <extensions>
      <gpxx:WaypointExtension xmlns:gpxx="http://www.garmin.com/xmlschemas/GpxExtensions/v3">
        <gpxx:DisplayMode>SymbolOnly</gpxx:DisplayMode>
      </gpxx:WaypointExtension>
    </extensions>
  </wpt>

  <wpt lat="25.9968116" lon="-79.9766850">
    <time>2018-01-18T13:02:13Z</time>
    <name>SPOTSAVAILABLE1</name>
    <cmt>DEEP DROP FISHING SPOTS AND SWORDFISH SPOTS AVAILABLE CONTACT US FOR INFO</cmt>
    <desc>DEEP DROP FISHING SPOTS AND SWORDFISH SPOTS AVAILABLE CONTACT US FOR INFO</desc>
    <sym>Circle, Blue</sym>
    <extensions>
      <gpxx:WaypointExtension xmlns:gpxx="http://www.garmin.com/xmlschemas/GpxExtensions/v3">
        <gpxx:DisplayMode>SymbolOnly</gpxx:DisplayMode>
      </gpxx:WaypointExtension>
    </extensions>
  </wpt>

  <wpt lat="25.9335618" lon="-79.9729789">
    <time>2018-01-18T13:03:33Z</time>
    <name>SPOTSAVAILABLE2</name>
    <cmt>DEEP DROP FISHING SPOTS AND SWORDFISH SPOTS AVAILABLE CONTACT US FOR INFO</cmt>
    <desc>DEEP DROP FISHING SPOTS AND SWORDFISH SPOTS AVAILABLE CONTACT US FOR INFO</desc>
    <sym>Circle, Blue</sym>
    <extensions>
      <gpxx:WaypointExtension xmlns:gpxx="http://www.garmin.com/xmlschemas/GpxExtensions/v3">
        <gpxx:DisplayMode>SymbolOnly</gpxx:DisplayMode>
      </gpxx:WaypointExtension>
    </extensions>
  </wpt>

  <wpt lat="25.8549154" lon="-79.9786265">
    <time>2018-01-18T13:03:53Z</time>
    <name>SPOTSAVAILABLE3</name>
    <cmt>DEEP DROP FISHING SPOTS AND SWORDFISH SPOTS AVAILABLE CONTACT US FOR INFO</cmt>
    <desc>DEEP DROP FISHING SPOTS AND SWORDFISH SPOTS AVAILABLE CONTACT US FOR INFO</desc>
    <sym>Circle, Blue</sym>
    <extensions>
      <gpxx:WaypointExtension xmlns:gpxx="http://www.garmin.com/xmlschemas/GpxExtensions/v3">
        <gpxx:DisplayMode>SymbolOnly</gpxx:DisplayMode>
      </gpxx:WaypointExtension>
    </extensions>
  </wpt>

  <wpt lat="25.6854796" lon="-79.9660960">
    <time>2018-01-18T13:04:54Z</time>
    <name>SPOTSAVAILABLE4</name>
    <cmt>DEEP DROP FISHING SPOTS AND SWORDFISH SPOTS AVAILABLE CONTACT US FOR INFO</cmt>
    <desc>DEEP DROP FISHING SPOTS AND SWORDFISH SPOTS AVAILABLE CONTACT US FOR INFO</desc>
    <sym>Circle, Blue</sym>
    <extensions>
      <gpxx:WaypointExtension xmlns:gpxx="http://www.garmin.com/xmlschemas/GpxExtensions/v3">
        <gpxx:DisplayMode>SymbolOnly</gpxx:DisplayMode>
      </gpxx:WaypointExtension>
    </extensions>
  </wpt>

  <wpt lat="25.6176999" lon="-80.0905166">
    <ele>-20.7264000</ele>
    <name>STANNEWRK</name>
    <cmt>WRECK SCATTERED REMAINS AND DECENT BOTTOM</cmt>
    <desc>WRECK SCATTERED REMAINS AND DECENT BOTTOM</desc>
    <link href="http://www.divespots.com/scuba/spotID-10/view.divespot"/>
    <sym>Fishing Area</sym>
    <extensions>
      <gpxx:WaypointExtension xmlns:gpxx="http://www.garmin.com/xmlschemas/GpxExtensions/v3">
        <gpxx:DisplayMode>SymbolOnly</gpxx:DisplayMode>
      </gpxx:WaypointExtension>
    </extensions>
  </wpt>

  <wpt lat="25.5300847" lon="-80.0861109">
    <time>2012-10-02T14:37:37Z</time>
    <name>STARREEFTROLL</name>
    <cmt>STAR REEF FISHING AREA, MAHI</cmt>
    <desc>STAR REEF FISHING AREA, MAHI</desc>
    <sym>Fishing Area</sym>
    <extensions>
      <gpxx:WaypointExtension xmlns:gpxx="http://www.garmin.com/xmlschemas/GpxExtensions/v3">
        <gpxx:DisplayMode>SymbolOnly</gpxx:DisplayMode>
      </gpxx:WaypointExtension>
    </extensions>
  </wpt>

  <wpt lat="25.7000330" lon="-80.0775500">
    <name>STARTREKWRECK</name>
    <cmt>200 FT STEEL SHIP HOLDS AJ GOLIATH BONITA SPEED JIG LIVE BAIT</cmt>
    <desc>200 FT STEEL SHIP HOLDS AJ GOLIATH BONITA SPEED JIG LIVE BAIT</desc>
    <sym>Fishing Area</sym>
    <extensions>
      <gpxx:WaypointExtension xmlns:gpxx="http://www.garmin.com/xmlschemas/GpxExtensions/v3">
        <gpxx:DisplayMode>SymbolOnly</gpxx:DisplayMode>
      </gpxx:WaypointExtension>
    </extensions>
  </wpt>

  <wpt lat="25.9489830" lon="-80.1285500">
    <name>STEELBARGE3</name>
    <cmt>100 STEEL BARGE</cmt>
    <desc>100 STEEL BARGE</desc>
    <sym>Fishing Area</sym>
    <extensions>
      <gpxx:WaypointExtension xmlns:gpxx="http://www.garmin.com/xmlschemas/GpxExtensions/v3">
        <gpxx:DisplayMode>SymbolOnly</gpxx:DisplayMode>
      </gpxx:WaypointExtension>
    </extensions>
  </wpt>

  <wpt lat="25.8226670" lon="-80.0843830">
    <name>STEELBARGE4</name>
    <cmt>STEEL DECK BARGE W/3 PILINGS HOLDS AJ BONITO AND OTHER</cmt>
    <desc>STEEL DECK BARGE W/3 PILINGS HOLDS AJ BONITO AND OTHER</desc>
    <sym>Fishing Area</sym>
    <extensions>
      <gpxx:WaypointExtension xmlns:gpxx="http://www.garmin.com/xmlschemas/GpxExtensions/v3">
        <gpxx:DisplayMode>SymbolOnly</gpxx:DisplayMode>
      </gpxx:WaypointExtension>
    </extensions>
  </wpt>

  <wpt lat="25.8136670" lon="-80.0911670">
    <name>STEELBARGE8</name>
    <cmt>75 FT STEEL BARGE</cmt>
    <desc>75 FT STEEL BARGE</desc>
    <sym>Fishing Area</sym>
    <extensions>
      <gpxx:WaypointExtension xmlns:gpxx="http://www.garmin.com/xmlschemas/GpxExtensions/v3">
        <gpxx:DisplayMode>SymbolOnly</gpxx:DisplayMode>
      </gpxx:WaypointExtension>
    </extensions>
  </wpt>

  <wpt lat="25.8136700" lon="-80.0936700">
    <name>STEELBARGE9</name>
    <cmt>75 FT BARGE ON BOTTOM</cmt>
    <desc>75 FT BARGE ON BOTTOM</desc>
    <sym>Fishing Area</sym>
    <extensions>
      <gpxx:WaypointExtension xmlns:gpxx="http://www.garmin.com/xmlschemas/GpxExtensions/v3">
        <gpxx:DisplayMode>SymbolOnly</gpxx:DisplayMode>
      </gpxx:WaypointExtension>
    </extensions>
  </wpt>

  <wpt lat="25.7773500" lon="-80.0719830">
    <name>STEELBOAT1</name>
    <cmt>BOTTOM FISHING ON 70 FT STEEL SHIP</cmt>
    <desc>BOTTOM FISHING ON 70 FT STEEL SHIP</desc>
    <sym>Fishing Area</sym>
    <extensions>
      <gpxx:WaypointExtension xmlns:gpxx="http://www.garmin.com/xmlschemas/GpxExtensions/v3">
        <gpxx:DisplayMode>SymbolOnly</gpxx:DisplayMode>
      </gpxx:WaypointExtension>
    </extensions>
  </wpt>

  <wpt lat="25.7800670" lon="-80.0755330">
    <name>STEELBOAT2</name>
    <cmt>57 FOOT STEEL HULL</cmt>
    <desc>57 FOOT STEEL HULL</desc>
    <sym>Fishing Area</sym>
    <extensions>
      <gpxx:WaypointExtension xmlns:gpxx="http://www.garmin.com/xmlschemas/GpxExtensions/v3">
        <gpxx:DisplayMode>SymbolOnly</gpxx:DisplayMode>
      </gpxx:WaypointExtension>
    </extensions>
  </wpt>

  <wpt lat="25.6630330" lon="-80.0715170">
    <name>STEELBOAT4</name>
    <cmt>40 FT STEEL BOAT ON BOTTOM</cmt>
    <desc>40 FT STEEL BOAT ON BOTTOM</desc>
    <sym>Fishing Area</sym>
    <extensions>
      <gpxx:WaypointExtension xmlns:gpxx="http://www.garmin.com/xmlschemas/GpxExtensions/v3">
        <gpxx:DisplayMode>SymbolOnly</gpxx:DisplayMode>
      </gpxx:WaypointExtension>
    </extensions>
  </wpt>

  <wpt lat="25.7057670" lon="-80.0858000">
    <name>STEELFREIGHTER3</name>
    <cmt>HOLDS AJ GOLIATH BONITA SPEED JIG LIVE BAIT 205 FT STEEL FREIGHTER</cmt>
    <desc>HOLDS AJ GOLIATH BONITA SPEED JIG LIVE BAIT 205 FT STEEL FREIGHTER</desc>
    <sym>Fishing Area</sym>
    <extensions>
      <gpxx:WaypointExtension xmlns:gpxx="http://www.garmin.com/xmlschemas/GpxExtensions/v3">
        <gpxx:DisplayMode>SymbolOnly</gpxx:DisplayMode>
      </gpxx:WaypointExtension>
    </extensions>
  </wpt>

  <wpt lat="25.7797830" lon="-80.0568330">
    <name>STEELHULLWRK</name>
    <cmt>80 FT STEEL SHIP</cmt>
    <desc>80 FT STEEL SHIP</desc>
    <sym>Fishing Area</sym>
    <extensions>
      <gpxx:WaypointExtension xmlns:gpxx="http://www.garmin.com/xmlschemas/GpxExtensions/v3">
        <gpxx:DisplayMode>SymbolOnly</gpxx:DisplayMode>
      </gpxx:WaypointExtension>
    </extensions>
  </wpt>

  <wpt lat="25.8162500" lon="-80.0815000">
    <name>STEELSHIP1</name>
    <cmt>AJ GOLIATH COBIA STEEL FREIGHTER</cmt>
    <desc>AJ GOLIATH COBIA STEEL FREIGHTER</desc>
    <sym>Fishing Area</sym>
    <extensions>
      <gpxx:WaypointExtension xmlns:gpxx="http://www.garmin.com/xmlschemas/GpxExtensions/v3">
        <gpxx:DisplayMode>SymbolOnly</gpxx:DisplayMode>
      </gpxx:WaypointExtension>
    </extensions>
  </wpt>

  <wpt lat="25.8216830" lon="-80.0824670">
    <name>STEELSHIP2</name>
    <cmt>120 FT STEEL SHIP HOLDS FISHSPEED JIG</cmt>
    <desc>120 FT STEEL SHIP HOLDS FISHSPEED JIG</desc>
    <sym>Fishing Area</sym>
    <extensions>
      <gpxx:WaypointExtension xmlns:gpxx="http://www.garmin.com/xmlschemas/GpxExtensions/v3">
        <gpxx:DisplayMode>SymbolOnly</gpxx:DisplayMode>
      </gpxx:WaypointExtension>
    </extensions>
  </wpt>

  <wpt lat="25.6650670" lon="-80.0702830">
    <name>STEELSHIP3</name>
    <cmt>SPEED JIG OE LIVE BAIT BOTTOM FISH 176 FT STEEL SHIP</cmt>
    <desc>SPEED JIG OE LIVE BAIT BOTTOM FISH 176 FT STEEL SHIP</desc>
    <sym>Fishing Area</sym>
    <extensions>
      <gpxx:WaypointExtension xmlns:gpxx="http://www.garmin.com/xmlschemas/GpxExtensions/v3">
        <gpxx:DisplayMode>SymbolOnly</gpxx:DisplayMode>
      </gpxx:WaypointExtension>
    </extensions>
  </wpt>

  <wpt lat="25.8937000" lon="-80.0854330">
    <name>STEELSHIP4</name>
    <cmt>HOLDS PERMIT AJ GOLIATH BONITA SPEED JIG LIVE BAIT</cmt>
    <desc>HOLDS PERMIT AJ GOLIATH BONITA SPEED JIG LIVE BAIT</desc>
    <sym>Fishing Area</sym>
    <extensions>
      <gpxx:WaypointExtension xmlns:gpxx="http://www.garmin.com/xmlschemas/GpxExtensions/v3">
        <gpxx:DisplayMode>SymbolOnly</gpxx:DisplayMode>
      </gpxx:WaypointExtension>
    </extensions>
  </wpt>

  <wpt lat="25.7909000" lon="-80.0491170">
    <name>STEELSHIP5</name>
    <cmt>110 FT  STEEL SHIP WEST END HOLDS FISH</cmt>
    <desc>110 FT  STEEL SHIP WEST END HOLDS FISH</desc>
    <sym>Fishing Area</sym>
    <extensions>
      <gpxx:WaypointExtension xmlns:gpxx="http://www.garmin.com/xmlschemas/GpxExtensions/v3">
        <gpxx:DisplayMode>SymbolOnly</gpxx:DisplayMode>
      </gpxx:WaypointExtension>
    </extensions>
  </wpt>

  <wpt lat="25.6805170" lon="-80.0708170">
    <name>STEELSHIP6</name>
    <cmt>HOLDS AJ PERMIT BONITA SPEED JIG LIVE BAIT</cmt>
    <desc>HOLDS AJ PERMIT BONITA SPEED JIG LIVE BAIT</desc>
    <sym>Fishing Area</sym>
    <extensions>
      <gpxx:WaypointExtension xmlns:gpxx="http://www.garmin.com/xmlschemas/GpxExtensions/v3">
        <gpxx:DisplayMode>SymbolOnly</gpxx:DisplayMode>
      </gpxx:WaypointExtension>
    </extensions>
  </wpt>

  <wpt lat="25.9042170" lon="-80.0937170">
    <name>STEELSHIPWREK</name>
    <cmt>195 FT STEEL SHIP</cmt>
    <desc>195 FT STEEL SHIP</desc>
    <sym>Fishing Area</sym>
    <extensions>
      <gpxx:WaypointExtension xmlns:gpxx="http://www.garmin.com/xmlschemas/GpxExtensions/v3">
        <gpxx:DisplayMode>SymbolOnly</gpxx:DisplayMode>
      </gpxx:WaypointExtension>
    </extensions>
  </wpt>

  <wpt lat="25.7923670" lon="-80.0798830">
    <name>STEELTANKS</name>
    <cmt>236 TONS OF CONCRETE PIPE AND 30 STEEL TANKS AJ BONITA</cmt>
    <desc>236 TONS OF CONCRETE PIPE AND 30 STEEL TANKS AJ BONITA</desc>
    <sym>Fishing Area</sym>
    <extensions>
      <gpxx:WaypointExtension xmlns:gpxx="http://www.garmin.com/xmlschemas/GpxExtensions/v3">
        <gpxx:DisplayMode>SymbolOnly</gpxx:DisplayMode>
      </gpxx:WaypointExtension>
    </extensions>
  </wpt>

  <wpt lat="25.6958330" lon="-80.0873330">
    <name>STEELTUG1</name>
    <cmt>100 FT STEEL TUG</cmt>
    <desc>100 FT STEEL TUG</desc>
    <sym>Fishing Area</sym>
    <extensions>
      <gpxx:WaypointExtension xmlns:gpxx="http://www.garmin.com/xmlschemas/GpxExtensions/v3">
        <gpxx:DisplayMode>SymbolOnly</gpxx:DisplayMode>
      </gpxx:WaypointExtension>
    </extensions>
  </wpt>

  <wpt lat="25.9087670" lon="-80.0901000">
    <name>STEELTUG2</name>
    <cmt>38 FT STEEL TUG BOTTOM FISHING</cmt>
    <desc>38 FT STEEL TUG BOTTOM FISHING</desc>
    <sym>Fishing Area</sym>
    <extensions>
      <gpxx:WaypointExtension xmlns:gpxx="http://www.garmin.com/xmlschemas/GpxExtensions/v3">
        <gpxx:DisplayMode>SymbolOnly</gpxx:DisplayMode>
      </gpxx:WaypointExtension>
    </extensions>
  </wpt>

  <wpt lat="25.6959670" lon="-80.0876670">
    <name>STEELTUG3</name>
    <cmt>HOLDS FISH 90 FT STEEL TUG</cmt>
    <desc>HOLDS FISH 90 FT STEEL TUG</desc>
    <sym>Fishing Area</sym>
    <extensions>
      <gpxx:WaypointExtension xmlns:gpxx="http://www.garmin.com/xmlschemas/GpxExtensions/v3">
        <gpxx:DisplayMode>SymbolOnly</gpxx:DisplayMode>
      </gpxx:WaypointExtension>
    </extensions>
  </wpt>

  <wpt lat="25.6958330" lon="-80.0870000">
    <name>STEELTUG4</name>
    <cmt>85 FT STEEL TUG</cmt>
    <desc>85 FT STEEL TUG</desc>
    <sym>Fishing Area</sym>
    <extensions>
      <gpxx:WaypointExtension xmlns:gpxx="http://www.garmin.com/xmlschemas/GpxExtensions/v3">
        <gpxx:DisplayMode>SymbolOnly</gpxx:DisplayMode>
      </gpxx:WaypointExtension>
    </extensions>
  </wpt>

  <wpt lat="25.7027670" lon="-80.0872000">
    <name>STEELTUG7</name>
    <cmt>HOLDS AJ GOLIATH BONITA SPEED JIG LIVE BAIT 105 FT STEEL TUG</cmt>
    <desc>HOLDS AJ GOLIATH BONITA SPEED JIG LIVE BAIT 105 FT STEEL TUG</desc>
    <sym>Fishing Area</sym>
    <extensions>
      <gpxx:WaypointExtension xmlns:gpxx="http://www.garmin.com/xmlschemas/GpxExtensions/v3">
        <gpxx:DisplayMode>SymbolOnly</gpxx:DisplayMode>
      </gpxx:WaypointExtension>
    </extensions>
  </wpt>

  <wpt lat="25.6651000" lon="-80.0702830">
    <name>STEELTUGS</name>
    <cmt>250 FT WRECK BONITA AJ SOME GROUPER</cmt>
    <desc>250 FT WRECK BONITA AJ SOME GROUPER</desc>
    <sym>Fishing Area</sym>
    <extensions>
      <gpxx:WaypointExtension xmlns:gpxx="http://www.garmin.com/xmlschemas/GpxExtensions/v3">
        <gpxx:DisplayMode>SymbolOnly</gpxx:DisplayMode>
      </gpxx:WaypointExtension>
    </extensions>
  </wpt>

  <wpt lat="25.8220170" lon="-80.0849830">
    <name>STHENRYWRECK</name>
    <cmt>120 FT STEEL FREIGHTER</cmt>
    <desc>120 FT STEEL FREIGHTER</desc>
    <sym>Fishing Area</sym>
    <extensions>
      <gpxx:WaypointExtension xmlns:gpxx="http://www.garmin.com/xmlschemas/GpxExtensions/v3">
        <gpxx:DisplayMode>SymbolOnly</gpxx:DisplayMode>
      </gpxx:WaypointExtension>
    </extensions>
  </wpt>

  <wpt lat="25.7229599" lon="-80.1087512">
    <time>2018-01-18T14:04:15Z</time>
    <name>STRETCH25</name>
    <cmt>TROLL STRETCH 20 25 FOR GROUPER</cmt>
    <desc>TROLL STRETCH 20 25 FOR GROUPER</desc>
    <sym>Flag</sym>
    <extensions>
      <gpxx:WaypointExtension xmlns:gpxx="http://www.garmin.com/xmlschemas/GpxExtensions/v3">
        <gpxx:DisplayMode>SymbolOnly</gpxx:DisplayMode>
      </gpxx:WaypointExtension>
    </extensions>
  </wpt>

  <wpt lat="25.9094200" lon="-80.0899500">
    <name>SUNNYISLECULV</name>
    <cmt>SUNNY ISLE PIPE ON BOTTOM HERE</cmt>
    <desc>SUNNY ISLE PIPE ON BOTTOM HERE</desc>
    <sym>Fishing Area</sym>
    <extensions>
      <gpxx:WaypointExtension xmlns:gpxx="http://www.garmin.com/xmlschemas/GpxExtensions/v3">
        <gpxx:DisplayMode>SymbolOnly</gpxx:DisplayMode>
      </gpxx:WaypointExtension>
    </extensions>
  </wpt>

  <wpt lat="25.9107200" lon="-80.0842500">
    <name>SUNNYISLEREEF</name>
    <cmt>reef area good for bottom fishing or trolling drfiting live bait</cmt>
    <desc>reef area good for bottom fishing or trolling drfiting live bait</desc>
    <sym>Fishing Area</sym>
    <extensions>
      <gpxx:WaypointExtension xmlns:gpxx="http://www.garmin.com/xmlschemas/GpxExtensions/v3">
        <gpxx:DisplayMode>SymbolOnly</gpxx:DisplayMode>
      </gpxx:WaypointExtension>
    </extensions>
  </wpt>

  <wpt lat="25.8783300" lon="-80.0905500">
    <name>SUNNYISLES1</name>
    <cmt>reef area good for bottom fishing or trolling drfiting live bait</cmt>
    <desc>reef area good for bottom fishing or trolling drfiting live bait</desc>
    <sym>Fishing Area</sym>
    <extensions>
      <gpxx:WaypointExtension xmlns:gpxx="http://www.garmin.com/xmlschemas/GpxExtensions/v3">
        <gpxx:DisplayMode>SymbolOnly</gpxx:DisplayMode>
      </gpxx:WaypointExtension>
    </extensions>
  </wpt>

  <wpt lat="25.9078300" lon="-80.0898300">
    <name>SUNNYISLES2</name>
    <cmt>MODULES CONCRETE STRUCTURE</cmt>
    <desc>MODULES CONCRETE STRUCTURE</desc>
    <sym>Fishing Area</sym>
    <extensions>
      <gpxx:WaypointExtension xmlns:gpxx="http://www.garmin.com/xmlschemas/GpxExtensions/v3">
        <gpxx:DisplayMode>SymbolOnly</gpxx:DisplayMode>
      </gpxx:WaypointExtension>
    </extensions>
  </wpt>

  <wpt lat="25.9087500" lon="-80.0896500">
    <name>SUNNYISLES3</name>
    <cmt>reef area good for bottom fishing or trolling drfiting live bait</cmt>
    <desc>reef area good for bottom fishing or trolling drfiting live bait</desc>
    <sym>Fishing Area</sym>
    <extensions>
      <gpxx:WaypointExtension xmlns:gpxx="http://www.garmin.com/xmlschemas/GpxExtensions/v3">
        <gpxx:DisplayMode>SymbolOnly</gpxx:DisplayMode>
      </gpxx:WaypointExtension>
    </extensions>
  </wpt>

  <wpt lat="25.9085000" lon="-80.0896670">
    <name>SUNNYISLES5</name>
    <cmt>80 MODULES OF THREE TYPES M2, RR AND D</cmt>
    <desc>80 MODULES OF THREE TYPES M2, RR AND D</desc>
    <sym>Fishing Area</sym>
    <extensions>
      <gpxx:WaypointExtension xmlns:gpxx="http://www.garmin.com/xmlschemas/GpxExtensions/v3">
        <gpxx:DisplayMode>SymbolOnly</gpxx:DisplayMode>
      </gpxx:WaypointExtension>
    </extensions>
  </wpt>

  <wpt lat="25.9078700" lon="-80.0897700">
    <name>SUNNYISLES6</name>
    <cmt>CONCRETE MODULES ON BOTTOM HERE</cmt>
    <desc>CONCRETE MODULES ON BOTTOM HERE</desc>
    <sym>Fishing Area</sym>
    <extensions>
      <gpxx:WaypointExtension xmlns:gpxx="http://www.garmin.com/xmlschemas/GpxExtensions/v3">
        <gpxx:DisplayMode>SymbolOnly</gpxx:DisplayMode>
      </gpxx:WaypointExtension>
    </extensions>
  </wpt>

  <wpt lat="25.9079700" lon="-80.0813800">
    <name>SUNNYISLES7</name>
    <cmt>reef area good for bottom fishing or trolling/drfiting live bait</cmt>
    <desc>reef area good for bottom fishing or trolling/drfiting live bait</desc>
    <sym>Fishing Area</sym>
    <extensions>
      <gpxx:WaypointExtension xmlns:gpxx="http://www.garmin.com/xmlschemas/GpxExtensions/v3">
        <gpxx:DisplayMode>SymbolOnly</gpxx:DisplayMode>
      </gpxx:WaypointExtension>
    </extensions>
  </wpt>

  <wpt lat="25.3670586" lon="-80.1331006">
    <time>2000-01-01T05:00:00Z</time>
    <name>SYLVIAWRECK</name>
    <cmt>WRECK OR WRECK REMAINS GOOD FISHING BONITA AJ</cmt>
    <desc>WRECK OR WRECK REMAINS GOOD FISHING BONITA AJ</desc>
    <sym>Fishing Area</sym>
    <extensions>
      <gpxx:WaypointExtension xmlns:gpxx="http://www.garmin.com/xmlschemas/GpxExtensions/v3">
        <gpxx:DisplayMode>SymbolOnly</gpxx:DisplayMode>
      </gpxx:WaypointExtension>
    </extensions>
  </wpt>

  <wpt lat="25.7002000" lon="-80.0844833">
    <time>2016-05-21T00:42:16Z</time>
    <name>TACOMAWRK</name>
    <cmt>OLD WRECK SCATTERED REMAINS</cmt>
    <desc>OLD WRECK SCATTERED REMAINS</desc>
    <sym>Fishing Area</sym>
    <extensions>
      <gpxx:WaypointExtension xmlns:gpxx="http://www.garmin.com/xmlschemas/GpxExtensions/v3">
        <gpxx:DisplayMode>SymbolOnly</gpxx:DisplayMode>
      </gpxx:WaypointExtension>
    </extensions>
  </wpt>

  <wpt lat="25.9815000" lon="-80.0799670">
    <name>TENNECOTOWERS1</name>
    <cmt>2 JACKET STRUCTURES IN190 FT GROUPER AJ</cmt>
    <desc>2 JACKET STRUCTURES IN190 FT GROUPER AJ</desc>
    <sym>Fishing Area</sym>
    <extensions>
      <gpxx:WaypointExtension xmlns:gpxx="http://www.garmin.com/xmlschemas/GpxExtensions/v3">
        <gpxx:DisplayMode>SymbolOnly</gpxx:DisplayMode>
      </gpxx:WaypointExtension>
    </extensions>
  </wpt>

  <wpt lat="25.9825330" lon="-80.0850000">
    <name>TENNECOTOWERS2</name>
    <cmt>3 PLATFORM STRUCTURES IN 110 FT</cmt>
    <desc>3 PLATFORM STRUCTURES IN 110 FT</desc>
    <sym>Fishing Area</sym>
    <extensions>
      <gpxx:WaypointExtension xmlns:gpxx="http://www.garmin.com/xmlschemas/GpxExtensions/v3">
        <gpxx:DisplayMode>SymbolOnly</gpxx:DisplayMode>
      </gpxx:WaypointExtension>
    </extensions>
  </wpt>

  <wpt lat="25.9083300" lon="-80.0905000">
    <name>TIMALLENREEF</name>
    <cmt>80 FT STEEL BARGE</cmt>
    <desc>80 FT STEEL BARGE</desc>
    <sym>Fishing Area</sym>
    <extensions>
      <gpxx:WaypointExtension xmlns:gpxx="http://www.garmin.com/xmlschemas/GpxExtensions/v3">
        <gpxx:DisplayMode>SymbolOnly</gpxx:DisplayMode>
      </gpxx:WaypointExtension>
    </extensions>
  </wpt>

  <wpt lat="25.9084000" lon="-80.0904670">
    <name>TIMOTHYA REEF</name>
    <cmt>80 FEET BARGE</cmt>
    <desc>80 FEET BARGE</desc>
    <sym>Fishing Area</sym>
    <extensions>
      <gpxx:WaypointExtension xmlns:gpxx="http://www.garmin.com/xmlschemas/GpxExtensions/v3">
        <gpxx:DisplayMode>SymbolOnly</gpxx:DisplayMode>
      </gpxx:WaypointExtension>
    </extensions>
  </wpt>

  <wpt lat="25.8209000" lon="-80.0847670">
    <name>TORTUGAWRECK</name>
    <cmt>165 FEET LONG STEEL SHIP</cmt>
    <desc>165 FEET LONG STEEL SHIP</desc>
    <sym>Fishing Area</sym>
    <extensions>
      <gpxx:WaypointExtension xmlns:gpxx="http://www.garmin.com/xmlschemas/GpxExtensions/v3">
        <gpxx:DisplayMode>SymbolOnly</gpxx:DisplayMode>
      </gpxx:WaypointExtension>
    </extensions>
  </wpt>

  <wpt lat="25.8128800" lon="-80.0902200">
    <name>TOWERSBARGE</name>
    <cmt>old wreck in general area holds fish</cmt>
    <desc>old wreck in general area holds fish</desc>
    <sym>Fishing Area</sym>
    <extensions>
      <gpxx:WaypointExtension xmlns:gpxx="http://www.garmin.com/xmlschemas/GpxExtensions/v3">
        <gpxx:DisplayMode>SymbolOnly</gpxx:DisplayMode>
      </gpxx:WaypointExtension>
    </extensions>
  </wpt>

  <wpt lat="25.9091700" lon="-80.0900700">
    <name>TUGWRECK1</name>
    <cmt>STEEL NAVY TUG WRECK</cmt>
    <desc>STEEL NAVY TUG WRECK</desc>
    <sym>Fishing Area</sym>
    <extensions>
      <gpxx:WaypointExtension xmlns:gpxx="http://www.garmin.com/xmlschemas/GpxExtensions/v3">
        <gpxx:DisplayMode>SymbolOnly</gpxx:DisplayMode>
      </gpxx:WaypointExtension>
    </extensions>
  </wpt>

  <wpt lat="25.6290170" lon="-80.0869170">
    <name>ULTRAFREEZE</name>
    <cmt>195 FT STEEL SHIP</cmt>
    <desc>195 FT STEEL SHIP</desc>
    <sym>Fishing Area</sym>
    <extensions>
      <gpxx:WaypointExtension xmlns:gpxx="http://www.garmin.com/xmlschemas/GpxExtensions/v3">
        <gpxx:DisplayMode>SymbolOnly</gpxx:DisplayMode>
      </gpxx:WaypointExtension>
    </extensions>
  </wpt>

  <wpt lat="25.5837138" lon="-80.0331041">
    <time>2000-01-01T05:00:00Z</time>
    <name>UNTATA85</name>
    <cmt>WRECK OR WRECK REMAINS GOOD FOR TROLLING OR SCATTERED BOTTOM FISHING</cmt>
    <desc>WRECK OR WRECK REMAINS GOOD FOR TROLLING OR SCATTERED BOTTOM FISHING</desc>
    <sym>Fishing Area</sym>
    <extensions>
      <gpxx:WaypointExtension xmlns:gpxx="http://www.garmin.com/xmlschemas/GpxExtensions/v3">
        <gpxx:DisplayMode>SymbolOnly</gpxx:DisplayMode>
      </gpxx:WaypointExtension>
    </extensions>
  </wpt>

  <wpt lat="25.8261000" lon="-80.0816670">
    <name>WALKEQWRECK</name>
    <cmt>200 FT STEEL FREIGHTER IN 290 FT SPEED JIGS LIVE BAIT</cmt>
    <desc>200 FT STEEL FREIGHTER IN 290 FT SPEED JIGS LIVE BAIT</desc>
    <sym>Fishing Area</sym>
    <extensions>
      <gpxx:WaypointExtension xmlns:gpxx="http://www.garmin.com/xmlschemas/GpxExtensions/v3">
        <gpxx:DisplayMode>SymbolOnly</gpxx:DisplayMode>
      </gpxx:WaypointExtension>
    </extensions>
  </wpt>

  <wpt lat="25.8250500" lon="-80.0805330">
    <name>WATERTOWER</name>
    <cmt>65 FT TALL WATER TOWER ON STEEL BARGE HOLDS FISH TOP AND BOTTOM</cmt>
    <desc>65 FT TALL WATER TOWER ON STEEL BARGE HOLDS FISH TOP AND BOTTOM</desc>
    <sym>Fishing Area</sym>
    <extensions>
      <gpxx:WaypointExtension xmlns:gpxx="http://www.garmin.com/xmlschemas/GpxExtensions/v3">
        <gpxx:DisplayMode>SymbolOnly</gpxx:DisplayMode>
      </gpxx:WaypointExtension>
    </extensions>
  </wpt>

  <wpt lat="25.7836390" lon="-80.1724720">
    <ele>0.0000000</ele>
    <name>WatsoPark</name>
    <cmt>BOAT RAMP</cmt>
    <desc>BOAT RAMP</desc>
    <sym>Boat Ramp</sym>
    <extensions>
      <gpxx:WaypointExtension xmlns:gpxx="http://www.garmin.com/xmlschemas/GpxExtensions/v3">
        <gpxx:DisplayMode>SymbolOnly</gpxx:DisplayMode>
      </gpxx:WaypointExtension>
    </extensions>
  </wpt>

  <wpt lat="25.9087700" lon="-80.0901000">
    <name>WHITETUGWRECK</name>
    <cmt>SOME REAMAINS TROLL OR DRIFT</cmt>
    <desc>SOME REAMAINS TROLL OR DRIFT</desc>
    <sym>Fishing Area</sym>
    <extensions>
      <gpxx:WaypointExtension xmlns:gpxx="http://www.garmin.com/xmlschemas/GpxExtensions/v3">
        <gpxx:DisplayMode>SymbolOnly</gpxx:DisplayMode>
      </gpxx:WaypointExtension>
    </extensions>
  </wpt>

  <wpt lat="25.8654000" lon="-80.0539830">
    <name>WOODBOAT1</name>
    <cmt>35 FT WOOD BOAT</cmt>
    <desc>35 FT WOOD BOAT</desc>
    <sym>Fishing Area</sym>
    <extensions>
      <gpxx:WaypointExtension xmlns:gpxx="http://www.garmin.com/xmlschemas/GpxExtensions/v3">
        <gpxx:DisplayMode>SymbolOnly</gpxx:DisplayMode>
      </gpxx:WaypointExtension>
    </extensions>
  </wpt>

  <wpt lat="25.8750000" lon="-80.0534830">
    <name>WOODBOAT2</name>
    <cmt>30 FT WOOD BOAT</cmt>
    <desc>30 FT WOOD BOAT</desc>
    <sym>Fishing Area</sym>
    <extensions>
      <gpxx:WaypointExtension xmlns:gpxx="http://www.garmin.com/xmlschemas/GpxExtensions/v3">
        <gpxx:DisplayMode>SymbolOnly</gpxx:DisplayMode>
      </gpxx:WaypointExtension>
    </extensions>
  </wpt>

  <wpt lat="25.8750000" lon="-80.0540000">
    <name>WOODBOAT4</name>
    <cmt>OLD WOOD WRECK</cmt>
    <desc>OLD WOOD WRECK</desc>
    <sym>Fishing Area</sym>
    <extensions>
      <gpxx:WaypointExtension xmlns:gpxx="http://www.garmin.com/xmlschemas/GpxExtensions/v3">
        <gpxx:DisplayMode>SymbolOnly</gpxx:DisplayMode>
      </gpxx:WaypointExtension>
    </extensions>
  </wpt>

  <wpt lat="25.8340900" lon="-80.0770300">
    <name>WRECKAREA1</name>
    <cmt>SCATTERED PORTIONS A LITTLE LIVE BOTTOM TROLL DRIFT LIVE BAIT</cmt>
    <desc>SCATTERED PORTIONS A LITTLE LIVE BOTTOM TROLL DRIFT LIVE BAIT</desc>
    <sym>Fishing Area</sym>
    <extensions>
      <gpxx:WaypointExtension xmlns:gpxx="http://www.garmin.com/xmlschemas/GpxExtensions/v3">
        <gpxx:DisplayMode>SymbolOnly</gpxx:DisplayMode>
      </gpxx:WaypointExtension>
    </extensions>
  </wpt>

  <wpt lat="25.8169100" lon="-80.0512600">
    <name>WRECKAREA2</name>
    <cmt>SCATTEREDLIVE BOTTOM TROLL DRIFT LIVE BAIT</cmt>
    <desc>SCATTEREDLIVE BOTTOM TROLL DRIFT LIVE BAIT</desc>
    <sym>Fishing Area</sym>
    <extensions>
      <gpxx:WaypointExtension xmlns:gpxx="http://www.garmin.com/xmlschemas/GpxExtensions/v3">
        <gpxx:DisplayMode>SymbolOnly</gpxx:DisplayMode>
      </gpxx:WaypointExtension>
    </extensions>
  </wpt>

  <wpt lat="25.8048600" lon="-80.0762300">
    <name>WRECKAREA3</name>
    <cmt>LIVE BOTTOM TROLL DRIFT LIVE BAIT</cmt>
    <desc>LIVE BOTTOM TROLL DRIFT LIVE BAIT</desc>
    <sym>Fishing Area</sym>
    <extensions>
      <gpxx:WaypointExtension xmlns:gpxx="http://www.garmin.com/xmlschemas/GpxExtensions/v3">
        <gpxx:DisplayMode>SymbolOnly</gpxx:DisplayMode>
      </gpxx:WaypointExtension>
    </extensions>
  </wpt>

</gpx>
