<?xml version="1.0" encoding="UTF-8" standalone="no" ?>
<gpx xmlns="http://www.topografix.com/GPX/1/1" creator="MapSource 6.15.11" version="1.1" xmlns:xsi="http://www.w3.org/2001/XMLSchema-instance" xsi:schemaLocation="http://www.topografix.com/GPX/1/1 http://www.topografix.com/GPX/1/1/gpx.xsd">

  <metadata>
    <link href="https://www.floridafishingmaps.com">
      <text>FloridaFishingMaps.com - FL Keys</text>
    </link>
    <time>2018-02-03T21:13:21Z</time>
    <bounds maxlat="25.1932861" maxlon="-80.1988220" minlat="24.0004379" minlon="-83.5331710"/>
  </metadata>

  <wpt lat="24.7179333" lon="-82.9820999">
    <name>10 W KBOUY</name>
    <cmt>BUOY</cmt>
    <desc>BUOY</desc>
    <sym>Pin, Red</sym>
    <extensions>
      <gpxx:WaypointExtension xmlns:gpxx="http://www.garmin.com/xmlschemas/GpxExtensions/v3">
        <gpxx:Depth>27.4320000</gpxx:Depth>
        <gpxx:DisplayMode>SymbolOnly</gpxx:DisplayMode>
      </gpxx:WaypointExtension>
    </extensions>
  </wpt>

  <wpt lat="24.5088163" lon="-81.8285141">
    <time>2000-01-01T05:00:00Z</time>
    <name>107 WRECK</name>
    <cmt>WRECK AND GENERAL GOOD BOTTOM FISHING AREA - CHUM, READ TUTORIALS</cmt>
    <desc>WRECK AND GENERAL GOOD BOTTOM FISHING AREA - CHUM, READ TUTORIALS</desc>
    <sym>Pin, Red</sym>
    <extensions>
      <gpxx:WaypointExtension xmlns:gpxx="http://www.garmin.com/xmlschemas/GpxExtensions/v3">
        <gpxx:DisplayMode>SymbolOnly</gpxx:DisplayMode>
      </gpxx:WaypointExtension>
    </extensions>
  </wpt>

  <wpt lat="25.0270333" lon="-80.3322833">
    <name>110FTGROUPER</name>
    <cmt>110FTGROUPER</cmt>
    <desc>110FTGROUPER</desc>
    <sym>Pin, Red</sym>
    <extensions>
      <gpxx:WaypointExtension xmlns:gpxx="http://www.garmin.com/xmlschemas/GpxExtensions/v3">
        <gpxx:DisplayMode>SymbolOnly</gpxx:DisplayMode>
      </gpxx:WaypointExtension>
    </extensions>
  </wpt>

  <wpt lat="25.0221167" lon="-80.3437500">
    <name>110FTYELLOWTAIL</name>
    <cmt>110FTYELLOWTAIL</cmt>
    <desc>110FTYELLOWTAIL</desc>
    <sym>Pin, Red</sym>
    <extensions>
      <gpxx:WaypointExtension xmlns:gpxx="http://www.garmin.com/xmlschemas/GpxExtensions/v3">
        <gpxx:DisplayMode>SymbolOnly</gpxx:DisplayMode>
      </gpxx:WaypointExtension>
    </extensions>
  </wpt>

  <wpt lat="24.5509163" lon="-81.8177887">
    <time>2000-01-01T05:00:00Z</time>
    <name>247 WRECK</name>
    <cmt>WRECK AND GENERAL GOOD BOTTOM FISHING AREA - CHUM, READ TUTORIALS</cmt>
    <desc>WRECK AND GENERAL GOOD BOTTOM FISHING AREA - CHUM, READ TUTORIALS</desc>
    <sym>Pin, Red</sym>
    <extensions>
      <gpxx:WaypointExtension xmlns:gpxx="http://www.garmin.com/xmlschemas/GpxExtensions/v3">
        <gpxx:DisplayMode>SymbolOnly</gpxx:DisplayMode>
      </gpxx:WaypointExtension>
    </extensions>
  </wpt>

  <wpt lat="24.9300167" lon="-80.4496334">
    <name>26FTGROUPER</name>
    <cmt>26FTGROUPER</cmt>
    <desc>26FTGROUPER</desc>
    <sym>Pin, Red</sym>
    <extensions>
      <gpxx:WaypointExtension xmlns:gpxx="http://www.garmin.com/xmlschemas/GpxExtensions/v3">
        <gpxx:DisplayMode>SymbolOnly</gpxx:DisplayMode>
      </gpxx:WaypointExtension>
    </extensions>
  </wpt>

  <wpt lat="24.5916666" lon="-80.5916667">
    <name>409 Hump</name>
    <cmt>Superb Offshore Trolling for Tuna, Mahi and Sailfish</cmt>
    <desc>Superb Offshore Trolling for Tuna, Mahi and Sailfish</desc>
    <sym>Pin, Red</sym>
    <extensions>
      <gpxx:WaypointExtension xmlns:gpxx="http://www.garmin.com/xmlschemas/GpxExtensions/v3">
        <gpxx:Depth>3.4442400</gpxx:Depth>
        <gpxx:DisplayMode>SymbolOnly</gpxx:DisplayMode>
      </gpxx:WaypointExtension>
    </extensions>
  </wpt>

  <wpt lat="24.5918499" lon="-80.5911000">
    <name>409HUMP a</name>
    <cmt>see 409 hump comment</cmt>
    <desc>see 409 hump comment</desc>
    <sym>Pin, Red</sym>
    <extensions>
      <gpxx:WaypointExtension xmlns:gpxx="http://www.garmin.com/xmlschemas/GpxExtensions/v3">
        <gpxx:Depth>6.0350400</gpxx:Depth>
        <gpxx:DisplayMode>SymbolOnly</gpxx:DisplayMode>
      </gpxx:WaypointExtension>
    </extensions>
  </wpt>

  <wpt lat="24.9316167" lon="-80.4761000">
    <name>70TO90FTBLACKGROUPER</name>
    <cmt>70TO90FTBLACKGROUPER</cmt>
    <desc>70TO90FTBLACKGROUPER</desc>
    <sym>Pin, Red</sym>
    <extensions>
      <gpxx:WaypointExtension xmlns:gpxx="http://www.garmin.com/xmlschemas/GpxExtensions/v3">
        <gpxx:DisplayMode>SymbolOnly</gpxx:DisplayMode>
      </gpxx:WaypointExtension>
    </extensions>
  </wpt>

  <wpt lat="24.5039422" lon="-81.8321701">
    <time>2000-01-01T05:00:00Z</time>
    <name>90 WRECK</name>
    <cmt>VERY OLD WRECK, GOOD BOTTOM AROUND THIS HOLE</cmt>
    <desc>VERY OLD WRECK, GOOD BOTTOM AROUND THIS HOLE</desc>
    <sym>Pin, Red</sym>
    <extensions>
      <gpxx:WaypointExtension xmlns:gpxx="http://www.garmin.com/xmlschemas/GpxExtensions/v3">
        <gpxx:DisplayMode>SymbolOnly</gpxx:DisplayMode>
      </gpxx:WaypointExtension>
    </extensions>
  </wpt>

  <wpt lat="24.9977333" lon="-80.3808833">
    <name>95FTGROUPERYELLOWTAIL</name>
    <cmt>95FTGROUPERYELLOWTAIL</cmt>
    <desc>95FTGROUPERYELLOWTAIL</desc>
    <sym>Pin, Red</sym>
    <extensions>
      <gpxx:WaypointExtension xmlns:gpxx="http://www.garmin.com/xmlschemas/GpxExtensions/v3">
        <gpxx:DisplayMode>SymbolOnly</gpxx:DisplayMode>
      </gpxx:WaypointExtension>
    </extensions>
  </wpt>

  <wpt lat="24.5306830" lon="-81.4614670">
    <name>ADOLPHBUSCH</name>
    <cmt>210 FOOT FREIGHTER WRECK</cmt>
    <desc>210 FOOT FREIGHTER WRECK</desc>
    <sym>Pin, Red</sym>
    <extensions>
      <gpxx:WaypointExtension xmlns:gpxx="http://www.garmin.com/xmlschemas/GpxExtensions/v3">
        <gpxx:DisplayMode>SymbolOnly</gpxx:DisplayMode>
      </gpxx:WaypointExtension>
    </extensions>
  </wpt>

  <wpt lat="24.8616670" lon="-80.5683330">
    <name>ALEXANDER</name>
    <cmt>120 FT STEEL BARGE, THE ALEXANDER ALSO BRIDGE RUBBLE</cmt>
    <desc>120 FT STEEL BARGE, THE ALEXANDER ALSO BRIDGE RUBBLE</desc>
    <sym>Pin, Red</sym>
    <extensions>
      <gpxx:WaypointExtension xmlns:gpxx="http://www.garmin.com/xmlschemas/GpxExtensions/v3">
        <gpxx:DisplayMode>SymbolOnly</gpxx:DisplayMode>
      </gpxx:WaypointExtension>
    </extensions>
  </wpt>

  <wpt lat="24.8412666" lon="-80.6260500">
    <name>ALGFINGER</name>
    <cmt>Good Bottom Fishing - Bug Cubera's</cmt>
    <desc>Good Bottom Fishing - Bug Cubera's</desc>
    <sym>Pin, Red</sym>
    <extensions>
      <gpxx:WaypointExtension xmlns:gpxx="http://www.garmin.com/xmlschemas/GpxExtensions/v3">
        <gpxx:Depth>1.5544800</gpxx:Depth>
        <gpxx:DisplayMode>SymbolOnly</gpxx:DisplayMode>
      </gpxx:WaypointExtension>
    </extensions>
  </wpt>

  <wpt lat="24.8520838" lon="-80.6164471">
    <time>2000-01-01T05:00:00Z</time>
    <name>ALLIGATOR2</name>
    <cmt>GOOD REEF FISHING FOR GROUPER, SNAPPER AND MACKEREL. SEE YOUR TUTORIAL ON PATCH REEF FISHING</cmt>
    <desc>GOOD REEF FISHING FOR GROUPER, SNAPPER AND MACKEREL. SEE YOUR TUTORIAL ON PATCH REEF FISHING</desc>
    <sym>Fishing Area</sym>
    <extensions>
      <gpxx:WaypointExtension xmlns:gpxx="http://www.garmin.com/xmlschemas/GpxExtensions/v3">
        <gpxx:DisplayMode>SymbolOnly</gpxx:DisplayMode>
      </gpxx:WaypointExtension>
    </extensions>
  </wpt>

  <wpt lat="24.5520330" lon="-81.4653170">
    <name>AMERICAN1</name>
    <cmt>600 TONS NILES CHANNEL BRIDGE RUBBLE</cmt>
    <desc>600 TONS NILES CHANNEL BRIDGE RUBBLE</desc>
    <sym>Pin, Red</sym>
    <extensions>
      <gpxx:WaypointExtension xmlns:gpxx="http://www.garmin.com/xmlschemas/GpxExtensions/v3">
        <gpxx:DisplayMode>SymbolOnly</gpxx:DisplayMode>
      </gpxx:WaypointExtension>
    </extensions>
  </wpt>

  <wpt lat="24.5514500" lon="-81.4666670">
    <name>AMERICAN2</name>
    <cmt>NILES CHANNEL BRIDGE RUBBLE</cmt>
    <desc>NILES CHANNEL BRIDGE RUBBLE</desc>
    <sym>Pin, Red</sym>
    <extensions>
      <gpxx:WaypointExtension xmlns:gpxx="http://www.garmin.com/xmlschemas/GpxExtensions/v3">
        <gpxx:DisplayMode>SymbolOnly</gpxx:DisplayMode>
      </gpxx:WaypointExtension>
    </extensions>
  </wpt>

  <wpt lat="24.5519830" lon="-81.4669670">
    <name>AMERICAN3</name>
    <cmt>KEMP CHANNEL BRIDGE RUBBLE</cmt>
    <desc>KEMP CHANNEL BRIDGE RUBBLE</desc>
    <sym>Pin, Red</sym>
    <extensions>
      <gpxx:WaypointExtension xmlns:gpxx="http://www.garmin.com/xmlschemas/GpxExtensions/v3">
        <gpxx:DisplayMode>SymbolOnly</gpxx:DisplayMode>
      </gpxx:WaypointExtension>
    </extensions>
  </wpt>

  <wpt lat="24.8624179" lon="-80.2128745">
    <time>2018-02-03T20:57:32Z</time>
    <name>AVAILABLESPOTS</name>
    <cmt>DEEP DROP SPOTS FOR THE KEYS ARE AVAILABLE FROM FLFISHINGSPOTS.COM</cmt>
    <desc>DEEP DROP SPOTS FOR THE KEYS ARE AVAILABLE FROM FLFISHINGSPOTS.COM</desc>
    <sym>Navaid, Blue</sym>
    <extensions>
      <gpxx:WaypointExtension xmlns:gpxx="http://www.garmin.com/xmlschemas/GpxExtensions/v3">
        <gpxx:Depth>0.0000000</gpxx:Depth>
        <gpxx:DisplayMode>SymbolOnly</gpxx:DisplayMode>
      </gpxx:WaypointExtension>
    </extensions>
  </wpt>

  <wpt lat="24.6221696" lon="-80.5036770">
    <time>2018-02-03T21:00:20Z</time>
    <name>AVAILABLESPOTS 2</name>
    <cmt>DEEP DROP SPOTS FOR THE KEYS ARE AVAILABLE FROM FLFISHINGSPOTS.COM</cmt>
    <desc>DEEP DROP SPOTS FOR THE KEYS ARE AVAILABLE FROM FLFISHINGSPOTS.COM</desc>
    <sym>Navaid, Blue</sym>
    <extensions>
      <gpxx:WaypointExtension xmlns:gpxx="http://www.garmin.com/xmlschemas/GpxExtensions/v3">
        <gpxx:Depth>200.0097600</gpxx:Depth>
        <gpxx:DisplayMode>SymbolOnly</gpxx:DisplayMode>
      </gpxx:WaypointExtension>
    </extensions>
  </wpt>

  <wpt lat="24.3748143" lon="-81.0229207">
    <time>2018-02-03T21:00:34Z</time>
    <name>AVAILABLESPOTS3</name>
    <cmt>DEEP DROP SPOTS FOR THE KEYS ARE AVAILABLE FROM FLFISHINGSPOTS.COM</cmt>
    <desc>DEEP DROP SPOTS FOR THE KEYS ARE AVAILABLE FROM FLFISHINGSPOTS.COM</desc>
    <sym>Navaid, Blue</sym>
    <extensions>
      <gpxx:WaypointExtension xmlns:gpxx="http://www.garmin.com/xmlschemas/GpxExtensions/v3">
        <gpxx:DisplayMode>SymbolOnly</gpxx:DisplayMode>
      </gpxx:WaypointExtension>
    </extensions>
  </wpt>

  <wpt lat="24.3007641" lon="-81.6583046">
    <time>2018-02-03T21:00:47Z</time>
    <name>AVAILABLESPOTS4</name>
    <cmt>DEEP DROP SPOTS FOR THE KEYS ARE AVAILABLE FROM FLFISHINGSPOTS.COM</cmt>
    <desc>DEEP DROP SPOTS FOR THE KEYS ARE AVAILABLE FROM FLFISHINGSPOTS.COM</desc>
    <sym>Navaid, Blue</sym>
    <extensions>
      <gpxx:WaypointExtension xmlns:gpxx="http://www.garmin.com/xmlschemas/GpxExtensions/v3">
        <gpxx:DisplayMode>SymbolOnly</gpxx:DisplayMode>
      </gpxx:WaypointExtension>
    </extensions>
  </wpt>

  <wpt lat="24.3220746" lon="-82.1477892">
    <time>2018-02-03T21:01:07Z</time>
    <name>AVAILABLESPOTS5</name>
    <cmt>DEEP DROP SPOTS FOR THE KEYS ARE AVAILABLE FROM FLFISHINGSPOTS.COM</cmt>
    <desc>DEEP DROP SPOTS FOR THE KEYS ARE AVAILABLE FROM FLFISHINGSPOTS.COM</desc>
    <sym>Navaid, Blue</sym>
    <extensions>
      <gpxx:WaypointExtension xmlns:gpxx="http://www.garmin.com/xmlschemas/GpxExtensions/v3">
        <gpxx:DisplayMode>SymbolOnly</gpxx:DisplayMode>
      </gpxx:WaypointExtension>
    </extensions>
  </wpt>

  <wpt lat="24.5959170" lon="-81.2907000">
    <name>BAHIAHONDA</name>
    <cmt>SPANISH HARBOR BRIDGE SPANS</cmt>
    <desc>SPANISH HARBOR BRIDGE SPANS</desc>
    <sym>Pin, Red</sym>
    <extensions>
      <gpxx:WaypointExtension xmlns:gpxx="http://www.garmin.com/xmlschemas/GpxExtensions/v3">
        <gpxx:DisplayMode>SymbolOnly</gpxx:DisplayMode>
      </gpxx:WaypointExtension>
    </extensions>
  </wpt>

  <wpt lat="24.5957670" lon="-81.2896670">
    <name>BAHIAHONDA2</name>
    <cmt>BRIDGE RUBBLE</cmt>
    <desc>BRIDGE RUBBLE</desc>
    <sym>Fishing Area</sym>
    <extensions>
      <gpxx:WaypointExtension xmlns:gpxx="http://www.garmin.com/xmlschemas/GpxExtensions/v3">
        <gpxx:DisplayMode>SymbolOnly</gpxx:DisplayMode>
      </gpxx:WaypointExtension>
    </extensions>
  </wpt>

  <wpt lat="24.4954167" lon="-81.9805167">
    <name>BAITHOLE1</name>
    <cmt>RUNNERS W DRY ROCK</cmt>
    <desc>RUNNERS W DRY ROCK</desc>
    <sym>Fishing Area</sym>
    <extensions>
      <gpxx:WaypointExtension xmlns:gpxx="http://www.garmin.com/xmlschemas/GpxExtensions/v3">
        <gpxx:DisplayMode>SymbolOnly</gpxx:DisplayMode>
      </gpxx:WaypointExtension>
    </extensions>
  </wpt>

  <wpt lat="25.0526700" lon="-80.3336600">
    <name>Benwood Wreck</name>
    <cmt>old wreck, remnants remaining</cmt>
    <desc>old wreck, remnants remaining</desc>
    <sym>Pin, Red</sym>
    <extensions>
      <gpxx:WaypointExtension xmlns:gpxx="http://www.garmin.com/xmlschemas/GpxExtensions/v3">
        <gpxx:DisplayMode>SymbolOnly</gpxx:DisplayMode>
      </gpxx:WaypointExtension>
    </extensions>
  </wpt>

  <wpt lat="24.9951670" lon="-80.3795000">
    <name>BIBB WRECK</name>
    <cmt>327 FOOT USCG CUTTER BIBB LAYING ON STARBOARD SIDE 95' TO RAIL, DEPTH 130, RELIEF 35, CONFIRMED USING LORAN</cmt>
    <desc>327 FOOT USCG CUTTER BIBB LAYING ON STARBOARD SIDE 95' TO RAIL, DEPTH 130, RELIEF 35, CONFIRMED USING LORAN</desc>
    <sym>Pin, Red</sym>
    <extensions>
      <gpxx:WaypointExtension xmlns:gpxx="http://www.garmin.com/xmlschemas/GpxExtensions/v3">
        <gpxx:DisplayMode>SymbolOnly</gpxx:DisplayMode>
      </gpxx:WaypointExtension>
    </extensions>
  </wpt>

  <wpt lat="24.5502670" lon="-81.3249670">
    <name>BIGPINEKEY1</name>
    <cmt>SHALLOW REEF MODULES WITH PVC</cmt>
    <desc>SHALLOW REEF MODULES WITH PVC</desc>
    <sym>Pin, Blue</sym>
    <extensions>
      <gpxx:WaypointExtension xmlns:gpxx="http://www.garmin.com/xmlschemas/GpxExtensions/v3">
        <gpxx:DisplayMode>SymbolOnly</gpxx:DisplayMode>
      </gpxx:WaypointExtension>
    </extensions>
  </wpt>

  <wpt lat="24.5509330" lon="-81.3291500">
    <name>BIGPINEREEF</name>
    <cmt>RESEARCH MODULES LOW PROFILE</cmt>
    <desc>RESEARCH MODULES LOW PROFILE</desc>
    <sym>Pin, Blue</sym>
    <extensions>
      <gpxx:WaypointExtension xmlns:gpxx="http://www.garmin.com/xmlschemas/GpxExtensions/v3">
        <gpxx:DisplayMode>SymbolOnly</gpxx:DisplayMode>
      </gpxx:WaypointExtension>
    </extensions>
  </wpt>

  <wpt lat="24.5418170" lon="-81.3236500">
    <name>BIGPINEREEF2</name>
    <cmt>RESEARCH MODULES, HIGH PROFILE</cmt>
    <desc>RESEARCH MODULES, HIGH PROFILE</desc>
    <sym>Pin, Blue</sym>
    <extensions>
      <gpxx:WaypointExtension xmlns:gpxx="http://www.garmin.com/xmlschemas/GpxExtensions/v3">
        <gpxx:DisplayMode>SymbolOnly</gpxx:DisplayMode>
      </gpxx:WaypointExtension>
    </extensions>
  </wpt>

  <wpt lat="24.5448670" lon="-81.3255000">
    <name>BIGPINEREEF3</name>
    <cmt> RESEARCH MODULES, HIGH PROFILE</cmt>
    <desc> RESEARCH MODULES, HIGH PROFILE</desc>
    <sym>Pin, Blue</sym>
    <extensions>
      <gpxx:WaypointExtension xmlns:gpxx="http://www.garmin.com/xmlschemas/GpxExtensions/v3">
        <gpxx:DisplayMode>SymbolOnly</gpxx:DisplayMode>
      </gpxx:WaypointExtension>
    </extensions>
  </wpt>

  <wpt lat="25.1411819" lon="-80.2520370">
    <time>2012-10-02T19:49:22Z</time>
    <name>BOILERS B</name>
    <cmt>Subm boiler</cmt>
    <desc>Subm boiler</desc>
    <sym>Pin, Blue</sym>
    <extensions>
      <gpxx:WaypointExtension xmlns:gpxx="http://www.garmin.com/xmlschemas/GpxExtensions/v3">
        <gpxx:DisplayMode>SymbolOnly</gpxx:DisplayMode>
      </gpxx:WaypointExtension>
    </extensions>
  </wpt>

  <wpt lat="25.1470184" lon="-80.2540970">
    <time>2012-10-02T19:49:06Z</time>
    <name>BOLIERS A</name>
    <cmt>Subm boilers</cmt>
    <desc>Subm boilers</desc>
    <sym>Pin, Blue</sym>
    <extensions>
      <gpxx:WaypointExtension xmlns:gpxx="http://www.garmin.com/xmlschemas/GpxExtensions/v3">
        <gpxx:DisplayMode>SymbolOnly</gpxx:DisplayMode>
      </gpxx:WaypointExtension>
    </extensions>
  </wpt>

  <wpt lat="25.1077857" lon="-80.3431117">
    <time>2013-06-28T14:33:24Z</time>
    <name>CannonPatch</name>
    <cmt>PATCH REEF FOR BOTTOM FISHING YELLOWTAIL, MANGROVES - NIGHT FISHING FOR GROUPER- ALWAYS CHUM!!!</cmt>
    <desc>PATCH REEF FOR BOTTOM FISHING YELLOWTAIL, MANGROVES - NIGHT FISHING FOR GROUPER- ALWAYS CHUM!!!</desc>
    <sym>Pin, Blue</sym>
    <extensions>
      <gpxx:WaypointExtension xmlns:gpxx="http://www.garmin.com/xmlschemas/GpxExtensions/v3">
        <gpxx:DisplayMode>SymbolOnly</gpxx:DisplayMode>
      </gpxx:WaypointExtension>
    </extensions>
  </wpt>

  <wpt lat="25.1035144" lon="-80.3400880">
    <time>2013-06-28T14:29:44Z</time>
    <name>CANNONREEF1</name>
    <cmt>anhor chum fish use two chum blocks incoming or ebb tide mangrove ytail grouper</cmt>
    <desc>anhor chum fish use two chum blocks incoming or ebb tide mangrove ytail grouper</desc>
    <sym>Flag, Green</sym>
    <extensions>
      <gpxx:WaypointExtension xmlns:gpxx="http://www.garmin.com/xmlschemas/GpxExtensions/v3">
        <gpxx:DisplayMode>SymbolOnly</gpxx:DisplayMode>
      </gpxx:WaypointExtension>
    </extensions>
  </wpt>

  <wpt lat="25.0082090" lon="-80.3920929">
    <time>2013-06-28T19:57:14Z</time>
    <name>CaptainCrunch</name>
    <cmt>WRECK REMAINS</cmt>
    <desc>WRECK REMAINS</desc>
    <sym>Pin, Blue</sym>
    <extensions>
      <gpxx:WaypointExtension xmlns:gpxx="http://www.garmin.com/xmlschemas/GpxExtensions/v3">
        <gpxx:DisplayMode>SymbolOnly</gpxx:DisplayMode>
      </gpxx:WaypointExtension>
    </extensions>
  </wpt>

  <wpt lat="25.1932861" lon="-80.2275391">
    <time>2012-10-02T19:50:54Z</time>
    <name>CARYSEDGE</name>
    <cmt>GOOD BOTTOM FISHING AND TROLLING</cmt>
    <desc>GOOD BOTTOM FISHING AND TROLLING</desc>
    <sym>Pin, Blue</sym>
    <extensions>
      <gpxx:WaypointExtension xmlns:gpxx="http://www.garmin.com/xmlschemas/GpxExtensions/v3">
        <gpxx:Depth>9.1440000</gpxx:Depth>
        <gpxx:DisplayMode>SymbolOnly</gpxx:DisplayMode>
      </gpxx:WaypointExtension>
    </extensions>
  </wpt>

  <wpt lat="25.1669312" lon="-80.1988220">
    <time>2012-10-02T19:48:26Z</time>
    <name>CARYSFORT1</name>
    <cmt>WRECK WITH LIVE BOTTOM LEFT OVER</cmt>
    <desc>WRECK WITH LIVE BOTTOM LEFT OVER</desc>
    <sym>Pin, Blue</sym>
    <extensions>
      <gpxx:WaypointExtension xmlns:gpxx="http://www.garmin.com/xmlschemas/GpxExtensions/v3">
        <gpxx:DisplayMode>SymbolOnly</gpxx:DisplayMode>
      </gpxx:WaypointExtension>
    </extensions>
  </wpt>

  <wpt lat="24.4535000" lon="-81.7663330">
    <name>CAYMANWRK</name>
    <cmt>187 FT ARMY MINELAYER</cmt>
    <desc>187 FT ARMY MINELAYER</desc>
    <sym>Pin, Blue</sym>
    <extensions>
      <gpxx:WaypointExtension xmlns:gpxx="http://www.garmin.com/xmlschemas/GpxExtensions/v3">
        <gpxx:DisplayMode>SymbolOnly</gpxx:DisplayMode>
      </gpxx:WaypointExtension>
    </extensions>
  </wpt>

  <wpt lat="24.5001984" lon="-81.4835358">
    <time>2012-06-11T11:30:48Z</time>
    <name>CHRISTINA</name>
    <cmt>SCATTERED REEF AND  BOTTOM FOR GROUPER, SNAPPER AND MACKEREL. SEE YOUR TUTORIAL ON PATCH REEF FISHING</cmt>
    <desc>SCATTERED REEF AND  BOTTOM FOR GROUPER, SNAPPER AND MACKEREL. SEE YOUR TUTORIAL ON PATCH REEF FISHING</desc>
    <sym>Pin, Blue</sym>
    <extensions>
      <gpxx:WaypointExtension xmlns:gpxx="http://www.garmin.com/xmlschemas/GpxExtensions/v3">
        <gpxx:DisplayMode>SymbolOnly</gpxx:DisplayMode>
      </gpxx:WaypointExtension>
    </extensions>
  </wpt>

  <wpt lat="24.4500000" lon="-82.0883333">
    <name>COALBIN</name>
    <cmt>GOOD BOTTOM FISHING AND TROLLING AREA - SCATTERED WRECK AND LIVE BOTTOM</cmt>
    <desc>GOOD BOTTOM FISHING AND TROLLING AREA - SCATTERED WRECK AND LIVE BOTTOM</desc>
    <sym>Pin, Blue</sym>
    <extensions>
      <gpxx:WaypointExtension xmlns:gpxx="http://www.garmin.com/xmlschemas/GpxExtensions/v3">
        <gpxx:DisplayMode>SymbolOnly</gpxx:DisplayMode>
      </gpxx:WaypointExtension>
    </extensions>
  </wpt>

  <wpt lat="24.6170985" lon="-82.5831681">
    <time>2000-01-01T05:00:00Z</time>
    <name>COOTWRECK</name>
    <cmt>GOOD BOTTOM</cmt>
    <desc>GOOD BOTTOM</desc>
    <sym>Pin, Blue</sym>
    <extensions>
      <gpxx:WaypointExtension xmlns:gpxx="http://www.garmin.com/xmlschemas/GpxExtensions/v3">
        <gpxx:DisplayMode>SymbolOnly</gpxx:DisplayMode>
      </gpxx:WaypointExtension>
    </extensions>
  </wpt>

  <wpt lat="24.4651473" lon="-81.8299296">
    <time>2013-06-28T21:00:42Z</time>
    <name>CORAKPATCH133</name>
    <cmt>CORAL AND PATCH REEF - CHUM HEAVY FOR SNAPPER, GROUPER - LIVE AND CUT BAIT</cmt>
    <desc>CORAL AND PATCH REEF - CHUM HEAVY FOR SNAPPER, GROUPER - LIVE AND CUT BAIT</desc>
    <sym>Pin, Blue</sym>
    <extensions>
      <gpxx:WaypointExtension xmlns:gpxx="http://www.garmin.com/xmlschemas/GpxExtensions/v3">
        <gpxx:DisplayMode>SymbolOnly</gpxx:DisplayMode>
      </gpxx:WaypointExtension>
    </extensions>
  </wpt>

  <wpt lat="24.5439589" lon="-81.5968246">
    <time>2013-06-28T20:54:06Z</time>
    <name>CORALPATCH099</name>
    <cmt>CORAL AND PATCH REEF - CHUM HEAVY FOR SNAPPER, GROUPER - LIVE AND CUT BAIT</cmt>
    <desc>CORAL AND PATCH REEF - CHUM HEAVY FOR SNAPPER, GROUPER - LIVE AND CUT BAIT</desc>
    <sym>Pin, Blue</sym>
    <extensions>
      <gpxx:WaypointExtension xmlns:gpxx="http://www.garmin.com/xmlschemas/GpxExtensions/v3">
        <gpxx:Depth>5.4864000</gpxx:Depth>
        <gpxx:DisplayMode>SymbolOnly</gpxx:DisplayMode>
      </gpxx:WaypointExtension>
    </extensions>
  </wpt>

  <wpt lat="24.5247847" lon="-81.5361831">
    <time>2013-06-28T20:54:25Z</time>
    <name>CORALPATCH100</name>
    <cmt>CORAL AND PATCH REEF - CHUM HEAVY FOR SNAPPER, GROUPER - LIVE AND CUT BAIT</cmt>
    <desc>CORAL AND PATCH REEF - CHUM HEAVY FOR SNAPPER, GROUPER - LIVE AND CUT BAIT</desc>
    <sym>Pin, Blue</sym>
    <extensions>
      <gpxx:WaypointExtension xmlns:gpxx="http://www.garmin.com/xmlschemas/GpxExtensions/v3">
        <gpxx:Depth>9.1440000</gpxx:Depth>
        <gpxx:DisplayMode>SymbolOnly</gpxx:DisplayMode>
      </gpxx:WaypointExtension>
    </extensions>
  </wpt>

  <wpt lat="24.5119081" lon="-81.5675041">
    <time>2013-06-28T20:54:32Z</time>
    <name>CORALPATCH101</name>
    <cmt>CORAL AND PATCH REEF - CHUM HEAVY FOR SNAPPER, GROUPER - LIVE AND CUT BAIT</cmt>
    <desc>CORAL AND PATCH REEF - CHUM HEAVY FOR SNAPPER, GROUPER - LIVE AND CUT BAIT</desc>
    <sym>Pin, Blue</sym>
    <extensions>
      <gpxx:WaypointExtension xmlns:gpxx="http://www.garmin.com/xmlschemas/GpxExtensions/v3">
        <gpxx:Depth>5.4864000</gpxx:Depth>
        <gpxx:DisplayMode>SymbolOnly</gpxx:DisplayMode>
      </gpxx:WaypointExtension>
    </extensions>
  </wpt>

  <wpt lat="24.5245743" lon="-81.6339970">
    <time>2013-06-28T20:54:43Z</time>
    <name>CORALPATCH102</name>
    <cmt>CORAL AND PATCH REEF - CHUM HEAVY FOR SNAPPER, GROUPER - LIVE AND CUT BAIT</cmt>
    <desc>CORAL AND PATCH REEF - CHUM HEAVY FOR SNAPPER, GROUPER - LIVE AND CUT BAIT</desc>
    <sym>Pin, Blue</sym>
    <extensions>
      <gpxx:WaypointExtension xmlns:gpxx="http://www.garmin.com/xmlschemas/GpxExtensions/v3">
        <gpxx:Depth>3.6576000</gpxx:Depth>
        <gpxx:DisplayMode>SymbolOnly</gpxx:DisplayMode>
      </gpxx:WaypointExtension>
    </extensions>
  </wpt>

  <wpt lat="24.5139211" lon="-81.6178274">
    <time>2013-06-28T20:54:58Z</time>
    <name>CORALPATCH103</name>
    <cmt>CORAL AND PATCH REEF - CHUM HEAVY FOR SNAPPER, GROUPER - LIVE AND CUT BAIT</cmt>
    <desc>CORAL AND PATCH REEF - CHUM HEAVY FOR SNAPPER, GROUPER - LIVE AND CUT BAIT</desc>
    <sym>Pin, Blue</sym>
    <extensions>
      <gpxx:WaypointExtension xmlns:gpxx="http://www.garmin.com/xmlschemas/GpxExtensions/v3">
        <gpxx:Depth>3.6576000</gpxx:Depth>
        <gpxx:DisplayMode>SymbolOnly</gpxx:DisplayMode>
      </gpxx:WaypointExtension>
    </extensions>
  </wpt>

  <wpt lat="24.5041504" lon="-81.6225930">
    <time>2013-06-28T20:55:12Z</time>
    <name>CORALPATCH104</name>
    <cmt>CORAL AND PATCH REEF - CHUM HEAVY FOR SNAPPER, GROUPER - LIVE AND CUT BAIT</cmt>
    <desc>CORAL AND PATCH REEF - CHUM HEAVY FOR SNAPPER, GROUPER - LIVE AND CUT BAIT</desc>
    <sym>Pin, Blue</sym>
    <extensions>
      <gpxx:WaypointExtension xmlns:gpxx="http://www.garmin.com/xmlschemas/GpxExtensions/v3">
        <gpxx:Depth>1.8288000</gpxx:Depth>
        <gpxx:DisplayMode>SymbolOnly</gpxx:DisplayMode>
      </gpxx:WaypointExtension>
    </extensions>
  </wpt>

  <wpt lat="24.5222569" lon="-81.5795803">
    <time>2013-06-28T20:55:23Z</time>
    <name>CORALPATCH105</name>
    <cmt>CORAL AND PATCH REEF - CHUM HEAVY FOR SNAPPER, GROUPER - LIVE AND CUT BAIT</cmt>
    <desc>CORAL AND PATCH REEF - CHUM HEAVY FOR SNAPPER, GROUPER - LIVE AND CUT BAIT</desc>
    <sym>Pin, Blue</sym>
    <extensions>
      <gpxx:WaypointExtension xmlns:gpxx="http://www.garmin.com/xmlschemas/GpxExtensions/v3">
        <gpxx:DisplayMode>SymbolOnly</gpxx:DisplayMode>
      </gpxx:WaypointExtension>
    </extensions>
  </wpt>

  <wpt lat="24.5029289" lon="-81.6532489">
    <time>2013-06-28T20:55:36Z</time>
    <name>CORALPATCH106</name>
    <cmt>CORAL AND PATCH REEF - CHUM HEAVY FOR SNAPPER, GROUPER - LIVE AND CUT BAIT</cmt>
    <desc>CORAL AND PATCH REEF - CHUM HEAVY FOR SNAPPER, GROUPER - LIVE AND CUT BAIT</desc>
    <sym>Pin, Blue</sym>
    <extensions>
      <gpxx:WaypointExtension xmlns:gpxx="http://www.garmin.com/xmlschemas/GpxExtensions/v3">
        <gpxx:Depth>5.4864000</gpxx:Depth>
        <gpxx:DisplayMode>SymbolOnly</gpxx:DisplayMode>
      </gpxx:WaypointExtension>
    </extensions>
  </wpt>

  <wpt lat="24.4987392" lon="-81.6397476">
    <time>2013-06-28T20:55:45Z</time>
    <name>CORALPATCH107</name>
    <cmt>CORAL AND PATCH REEF - CHUM HEAVY FOR SNAPPER, GROUPER - LIVE AND CUT BAIT</cmt>
    <desc>CORAL AND PATCH REEF - CHUM HEAVY FOR SNAPPER, GROUPER - LIVE AND CUT BAIT</desc>
    <sym>Pin, Blue</sym>
    <extensions>
      <gpxx:WaypointExtension xmlns:gpxx="http://www.garmin.com/xmlschemas/GpxExtensions/v3">
        <gpxx:Depth>5.4864000</gpxx:Depth>
        <gpxx:DisplayMode>SymbolOnly</gpxx:DisplayMode>
      </gpxx:WaypointExtension>
    </extensions>
  </wpt>

  <wpt lat="24.5322270" lon="-81.6063345">
    <time>2013-06-28T20:55:54Z</time>
    <name>CORALPATCH108</name>
    <cmt>CORAL AND PATCH REEF - CHUM HEAVY FOR SNAPPER, GROUPER - LIVE AND CUT BAIT</cmt>
    <desc>CORAL AND PATCH REEF - CHUM HEAVY FOR SNAPPER, GROUPER - LIVE AND CUT BAIT</desc>
    <sym>Pin, Blue</sym>
    <extensions>
      <gpxx:WaypointExtension xmlns:gpxx="http://www.garmin.com/xmlschemas/GpxExtensions/v3">
        <gpxx:Depth>9.1440000</gpxx:Depth>
        <gpxx:DisplayMode>SymbolOnly</gpxx:DisplayMode>
      </gpxx:WaypointExtension>
    </extensions>
  </wpt>

  <wpt lat="24.5132446" lon="-81.7853958">
    <time>2013-06-28T20:56:33Z</time>
    <name>CORALPATCH109</name>
    <cmt>CORAL AND PATCH REEF - CHUM HEAVY FOR SNAPPER, GROUPER - LIVE AND CUT BAIT</cmt>
    <desc>CORAL AND PATCH REEF - CHUM HEAVY FOR SNAPPER, GROUPER - LIVE AND CUT BAIT</desc>
    <sym>Pin, Blue</sym>
    <extensions>
      <gpxx:WaypointExtension xmlns:gpxx="http://www.garmin.com/xmlschemas/GpxExtensions/v3">
        <gpxx:Depth>3.6576000</gpxx:Depth>
        <gpxx:DisplayMode>SymbolOnly</gpxx:DisplayMode>
      </gpxx:WaypointExtension>
    </extensions>
  </wpt>

  <wpt lat="24.5028463" lon="-81.8101605">
    <time>2013-06-28T20:56:45Z</time>
    <name>CORALPATCH110</name>
    <cmt>CORAL AND PATCH REEF - CHUM HEAVY FOR SNAPPER, GROUPER - LIVE AND CUT BAIT</cmt>
    <desc>CORAL AND PATCH REEF - CHUM HEAVY FOR SNAPPER, GROUPER - LIVE AND CUT BAIT</desc>
    <sym>Pin, Blue</sym>
    <extensions>
      <gpxx:WaypointExtension xmlns:gpxx="http://www.garmin.com/xmlschemas/GpxExtensions/v3">
        <gpxx:Depth>9.1440000</gpxx:Depth>
        <gpxx:DisplayMode>SymbolOnly</gpxx:DisplayMode>
      </gpxx:WaypointExtension>
    </extensions>
  </wpt>

  <wpt lat="24.5113654" lon="-81.7727401">
    <time>2013-06-28T20:56:57Z</time>
    <name>CORALPATCH111</name>
    <cmt>CORAL AND PATCH REEF - CHUM HEAVY FOR SNAPPER, GROUPER - LIVE AND CUT BAIT</cmt>
    <desc>CORAL AND PATCH REEF - CHUM HEAVY FOR SNAPPER, GROUPER - LIVE AND CUT BAIT</desc>
    <sym>Pin, Blue</sym>
    <extensions>
      <gpxx:WaypointExtension xmlns:gpxx="http://www.garmin.com/xmlschemas/GpxExtensions/v3">
        <gpxx:Depth>5.4864000</gpxx:Depth>
        <gpxx:DisplayMode>SymbolOnly</gpxx:DisplayMode>
      </gpxx:WaypointExtension>
    </extensions>
  </wpt>

  <wpt lat="24.4811440" lon="-81.7129612">
    <time>2013-06-28T20:57:18Z</time>
    <name>CORALPATCH112</name>
    <cmt>CORAL AND PATCH REEF - CHUM HEAVY FOR SNAPPER, GROUPER - LIVE AND CUT BAITk</cmt>
    <desc>CORAL AND PATCH REEF - CHUM HEAVY FOR SNAPPER, GROUPER - LIVE AND CUT BAITk</desc>
    <sym>Pin, Blue</sym>
    <extensions>
      <gpxx:WaypointExtension xmlns:gpxx="http://www.garmin.com/xmlschemas/GpxExtensions/v3">
        <gpxx:DisplayMode>SymbolOnly</gpxx:DisplayMode>
      </gpxx:WaypointExtension>
    </extensions>
  </wpt>

  <wpt lat="24.4758591" lon="-81.6833981">
    <time>2013-06-28T20:57:26Z</time>
    <name>CORALPATCH113</name>
    <cmt>CORAL AND PATCH REEF - CHUM HEAVY FOR SNAPPER, GROUPER - LIVE AND CUT BAIT</cmt>
    <desc>CORAL AND PATCH REEF - CHUM HEAVY FOR SNAPPER, GROUPER - LIVE AND CUT BAIT</desc>
    <sym>Pin, Blue</sym>
    <extensions>
      <gpxx:WaypointExtension xmlns:gpxx="http://www.garmin.com/xmlschemas/GpxExtensions/v3">
        <gpxx:Depth>9.1440000</gpxx:Depth>
        <gpxx:DisplayMode>SymbolOnly</gpxx:DisplayMode>
      </gpxx:WaypointExtension>
    </extensions>
  </wpt>

  <wpt lat="24.4750559" lon="-81.7117675">
    <time>2013-06-28T20:57:33Z</time>
    <name>CORALPATCH114</name>
    <cmt>CORAL AND PATCH REEF - CHUM HEAVY FOR SNAPPER, GROUPER - LIVE AND CUT BAIT</cmt>
    <desc>CORAL AND PATCH REEF - CHUM HEAVY FOR SNAPPER, GROUPER - LIVE AND CUT BAIT</desc>
    <sym>Pin, Blue</sym>
    <extensions>
      <gpxx:WaypointExtension xmlns:gpxx="http://www.garmin.com/xmlschemas/GpxExtensions/v3">
        <gpxx:Depth>18.2880000</gpxx:Depth>
        <gpxx:DisplayMode>SymbolOnly</gpxx:DisplayMode>
      </gpxx:WaypointExtension>
    </extensions>
  </wpt>

  <wpt lat="24.4714067" lon="-81.7675761">
    <time>2013-06-28T20:57:42Z</time>
    <name>CORALPATCH115</name>
    <cmt>CORAL AND PATCH REEF - CHUM HEAVY FOR SNAPPER, GROUPER - LIVE AND CUT BAIT</cmt>
    <desc>CORAL AND PATCH REEF - CHUM HEAVY FOR SNAPPER, GROUPER - LIVE AND CUT BAIT</desc>
    <sym>Pin, Blue</sym>
    <extensions>
      <gpxx:WaypointExtension xmlns:gpxx="http://www.garmin.com/xmlschemas/GpxExtensions/v3">
        <gpxx:Depth>3.6576000</gpxx:Depth>
        <gpxx:DisplayMode>SymbolOnly</gpxx:DisplayMode>
      </gpxx:WaypointExtension>
    </extensions>
  </wpt>

  <wpt lat="24.4696065" lon="-81.7878127">
    <time>2013-06-28T20:57:52Z</time>
    <name>CORALPATCH116</name>
    <cmt>CORAL AND PATCH REEF - CHUM HEAVY FOR SNAPPER, GROUPER - LIVE AND CUT BAIT</cmt>
    <desc>CORAL AND PATCH REEF - CHUM HEAVY FOR SNAPPER, GROUPER - LIVE AND CUT BAIT</desc>
    <sym>Pin, Blue</sym>
    <extensions>
      <gpxx:WaypointExtension xmlns:gpxx="http://www.garmin.com/xmlschemas/GpxExtensions/v3">
        <gpxx:Depth>5.4864000</gpxx:Depth>
        <gpxx:DisplayMode>SymbolOnly</gpxx:DisplayMode>
      </gpxx:WaypointExtension>
    </extensions>
  </wpt>

  <wpt lat="24.4644070" lon="-81.7584499">
    <time>2013-06-28T20:57:59Z</time>
    <name>CORALPATCH117</name>
    <cmt>CORAL AND PATCH REEF - CHUM HEAVY FOR SNAPPER, GROUPER - LIVE AND CUT BAIT</cmt>
    <desc>CORAL AND PATCH REEF - CHUM HEAVY FOR SNAPPER, GROUPER - LIVE AND CUT BAIT</desc>
    <sym>Pin, Blue</sym>
    <extensions>
      <gpxx:WaypointExtension xmlns:gpxx="http://www.garmin.com/xmlschemas/GpxExtensions/v3">
        <gpxx:Depth>18.2880000</gpxx:Depth>
        <gpxx:DisplayMode>SymbolOnly</gpxx:DisplayMode>
      </gpxx:WaypointExtension>
    </extensions>
  </wpt>

  <wpt lat="24.4674285" lon="-81.8142066">
    <time>2013-06-28T20:58:08Z</time>
    <name>CORALPATCH118</name>
    <cmt>CORAL AND PATCH REEF - CHUM HEAVY FOR SNAPPER, GROUPER - LIVE AND CUT BAIT</cmt>
    <desc>CORAL AND PATCH REEF - CHUM HEAVY FOR SNAPPER, GROUPER - LIVE AND CUT BAIT</desc>
    <sym>Pin, Blue</sym>
    <extensions>
      <gpxx:WaypointExtension xmlns:gpxx="http://www.garmin.com/xmlschemas/GpxExtensions/v3">
        <gpxx:Depth>5.4864000</gpxx:Depth>
        <gpxx:DisplayMode>SymbolOnly</gpxx:DisplayMode>
      </gpxx:WaypointExtension>
    </extensions>
  </wpt>

  <wpt lat="24.4875619" lon="-81.8089608">
    <time>2013-06-28T20:58:16Z</time>
    <name>CORALPATCH119</name>
    <cmt>CORAL AND PATCH REEF - CHUM HEAVY FOR SNAPPER, GROUPER - LIVE AND CUT BAIT</cmt>
    <desc>CORAL AND PATCH REEF - CHUM HEAVY FOR SNAPPER, GROUPER - LIVE AND CUT BAIT</desc>
    <sym>Pin, Blue</sym>
    <extensions>
      <gpxx:WaypointExtension xmlns:gpxx="http://www.garmin.com/xmlschemas/GpxExtensions/v3">
        <gpxx:Depth>9.1440000</gpxx:Depth>
        <gpxx:DisplayMode>SymbolOnly</gpxx:DisplayMode>
      </gpxx:WaypointExtension>
    </extensions>
  </wpt>

  <wpt lat="24.4820204" lon="-81.7710597">
    <time>2013-06-28T20:58:33Z</time>
    <name>CORALPATCH120</name>
    <cmt>CORAL AND PATCH REEF - CHUM HEAVY FOR SNAPPER, GROUPER - LIVE AND CUT BAIT</cmt>
    <desc>CORAL AND PATCH REEF - CHUM HEAVY FOR SNAPPER, GROUPER - LIVE AND CUT BAIT</desc>
    <sym>Pin, Blue</sym>
    <extensions>
      <gpxx:WaypointExtension xmlns:gpxx="http://www.garmin.com/xmlschemas/GpxExtensions/v3">
        <gpxx:Depth>5.4864000</gpxx:Depth>
        <gpxx:DisplayMode>SymbolOnly</gpxx:DisplayMode>
      </gpxx:WaypointExtension>
    </extensions>
  </wpt>

  <wpt lat="24.4869887" lon="-81.8177882">
    <time>2013-06-28T20:59:04Z</time>
    <name>CORALPATCH122</name>
    <cmt>CORAL AND PATCH REEF - CHUM HEAVY FOR SNAPPER, GROUPER - LIVE AND CUT BAIT</cmt>
    <desc>CORAL AND PATCH REEF - CHUM HEAVY FOR SNAPPER, GROUPER - LIVE AND CUT BAIT</desc>
    <sym>Pin, Blue</sym>
    <extensions>
      <gpxx:WaypointExtension xmlns:gpxx="http://www.garmin.com/xmlschemas/GpxExtensions/v3">
        <gpxx:Depth>9.1440000</gpxx:Depth>
        <gpxx:DisplayMode>SymbolOnly</gpxx:DisplayMode>
      </gpxx:WaypointExtension>
    </extensions>
  </wpt>

  <wpt lat="24.5029908" lon="-81.8223036">
    <time>2013-06-28T20:59:21Z</time>
    <name>CORALPATCH123</name>
    <cmt>CORAL AND PATCH REEF - CHUM HEAVY FOR SNAPPER, GROUPER - LIVE AND CUT BAIT</cmt>
    <desc>CORAL AND PATCH REEF - CHUM HEAVY FOR SNAPPER, GROUPER - LIVE AND CUT BAIT</desc>
    <sym>Pin, Blue</sym>
    <extensions>
      <gpxx:WaypointExtension xmlns:gpxx="http://www.garmin.com/xmlschemas/GpxExtensions/v3">
        <gpxx:Depth>9.1440000</gpxx:Depth>
        <gpxx:DisplayMode>SymbolOnly</gpxx:DisplayMode>
      </gpxx:WaypointExtension>
    </extensions>
  </wpt>

  <wpt lat="24.5030320" lon="-81.7672894">
    <time>2013-06-28T20:59:28Z</time>
    <name>CORALPATCH124</name>
    <cmt>CORAL AND PATCH REEF - CHUM HEAVY FOR SNAPPER, GROUPER - LIVE AND CUT BAIT</cmt>
    <desc>CORAL AND PATCH REEF - CHUM HEAVY FOR SNAPPER, GROUPER - LIVE AND CUT BAIT</desc>
    <sym>Pin, Blue</sym>
    <extensions>
      <gpxx:WaypointExtension xmlns:gpxx="http://www.garmin.com/xmlschemas/GpxExtensions/v3">
        <gpxx:Depth>5.4864000</gpxx:Depth>
        <gpxx:DisplayMode>SymbolOnly</gpxx:DisplayMode>
      </gpxx:WaypointExtension>
    </extensions>
  </wpt>

  <wpt lat="24.5014625" lon="-81.7439648">
    <time>2013-06-28T20:59:35Z</time>
    <name>CORALPATCH125</name>
    <cmt>CORAL AND PATCH REEF - CHUM HEAVY FOR SNAPPER, GROUPER - LIVE AND CUT BAIT</cmt>
    <desc>CORAL AND PATCH REEF - CHUM HEAVY FOR SNAPPER, GROUPER - LIVE AND CUT BAIT</desc>
    <sym>Pin, Blue</sym>
    <extensions>
      <gpxx:WaypointExtension xmlns:gpxx="http://www.garmin.com/xmlschemas/GpxExtensions/v3">
        <gpxx:Depth>5.4864000</gpxx:Depth>
        <gpxx:DisplayMode>SymbolOnly</gpxx:DisplayMode>
      </gpxx:WaypointExtension>
    </extensions>
  </wpt>

  <wpt lat="24.4971551" lon="-81.7515742">
    <time>2013-06-28T20:59:42Z</time>
    <name>CORALPATCH126</name>
    <cmt>CORAL AND PATCH REEF - CHUM HEAVY FOR SNAPPER, GROUPER - LIVE AND CUT BAIT</cmt>
    <desc>CORAL AND PATCH REEF - CHUM HEAVY FOR SNAPPER, GROUPER - LIVE AND CUT BAIT</desc>
    <sym>Pin, Blue</sym>
    <extensions>
      <gpxx:WaypointExtension xmlns:gpxx="http://www.garmin.com/xmlschemas/GpxExtensions/v3">
        <gpxx:Depth>5.4864000</gpxx:Depth>
        <gpxx:DisplayMode>SymbolOnly</gpxx:DisplayMode>
      </gpxx:WaypointExtension>
    </extensions>
  </wpt>

  <wpt lat="24.4902015" lon="-81.6712428">
    <time>2013-06-28T20:59:55Z</time>
    <name>CORALPATCH127</name>
    <cmt>CORAL AND PATCH REEF - CHUM HEAVY FOR SNAPPER, GROUPER - LIVE AND CUT BAIT</cmt>
    <desc>CORAL AND PATCH REEF - CHUM HEAVY FOR SNAPPER, GROUPER - LIVE AND CUT BAIT</desc>
    <sym>Pin, Blue</sym>
    <extensions>
      <gpxx:WaypointExtension xmlns:gpxx="http://www.garmin.com/xmlschemas/GpxExtensions/v3">
        <gpxx:Depth>1.8288000</gpxx:Depth>
        <gpxx:DisplayMode>SymbolOnly</gpxx:DisplayMode>
      </gpxx:WaypointExtension>
    </extensions>
  </wpt>

  <wpt lat="24.4763681" lon="-81.8949468">
    <time>2013-06-28T21:00:10Z</time>
    <name>CORALPATCH128</name>
    <cmt>CORAL AND PATCH REEF - CHUM HEAVY FOR SNAPPER, GROUPER - LIVE AND CUT BAIT</cmt>
    <desc>CORAL AND PATCH REEF - CHUM HEAVY FOR SNAPPER, GROUPER - LIVE AND CUT BAIT</desc>
    <sym>Pin, Blue</sym>
    <extensions>
      <gpxx:WaypointExtension xmlns:gpxx="http://www.garmin.com/xmlschemas/GpxExtensions/v3">
        <gpxx:Depth>5.4864000</gpxx:Depth>
        <gpxx:DisplayMode>SymbolOnly</gpxx:DisplayMode>
      </gpxx:WaypointExtension>
    </extensions>
  </wpt>

  <wpt lat="24.4666835" lon="-81.8647447">
    <time>2013-06-28T21:00:17Z</time>
    <name>CORALPATCH129</name>
    <cmt>CORAL AND PATCH REEF - CHUM HEAVY FOR SNAPPER, GROUPER - LIVE AND CUT BAIT</cmt>
    <desc>CORAL AND PATCH REEF - CHUM HEAVY FOR SNAPPER, GROUPER - LIVE AND CUT BAIT</desc>
    <sym>Pin, Blue</sym>
    <extensions>
      <gpxx:WaypointExtension xmlns:gpxx="http://www.garmin.com/xmlschemas/GpxExtensions/v3">
        <gpxx:Depth>5.4864000</gpxx:Depth>
        <gpxx:DisplayMode>SymbolOnly</gpxx:DisplayMode>
      </gpxx:WaypointExtension>
    </extensions>
  </wpt>

  <wpt lat="24.4621266" lon="-81.9193636">
    <time>2013-06-28T21:00:23Z</time>
    <name>CORALPATCH130</name>
    <cmt>CORAL AND PATCH REEF - CHUM HEAVY FOR SNAPPER, GROUPER - LIVE AND CUT BAIT</cmt>
    <desc>CORAL AND PATCH REEF - CHUM HEAVY FOR SNAPPER, GROUPER - LIVE AND CUT BAIT</desc>
    <sym>Pin, Blue</sym>
    <extensions>
      <gpxx:WaypointExtension xmlns:gpxx="http://www.garmin.com/xmlschemas/GpxExtensions/v3">
        <gpxx:Depth>5.4864000</gpxx:Depth>
        <gpxx:DisplayMode>SymbolOnly</gpxx:DisplayMode>
      </gpxx:WaypointExtension>
    </extensions>
  </wpt>

  <wpt lat="24.4749201" lon="-81.8578793">
    <time>2013-06-28T21:00:35Z</time>
    <name>CORALPATCH132</name>
    <cmt>CORAL AND PATCH REEF - CHUM HEAVY FOR SNAPPER, GROUPER - LIVE AND CUT BAIT</cmt>
    <desc>CORAL AND PATCH REEF - CHUM HEAVY FOR SNAPPER, GROUPER - LIVE AND CUT BAIT</desc>
    <sym>Pin, Blue</sym>
    <extensions>
      <gpxx:WaypointExtension xmlns:gpxx="http://www.garmin.com/xmlschemas/GpxExtensions/v3">
        <gpxx:Depth>5.4864000</gpxx:Depth>
        <gpxx:DisplayMode>SymbolOnly</gpxx:DisplayMode>
      </gpxx:WaypointExtension>
    </extensions>
  </wpt>

  <wpt lat="24.4435817" lon="-81.8532824">
    <time>2013-06-28T21:00:54Z</time>
    <name>CORALPATCH134</name>
    <cmt>CORAL AND PATCH REEF - CHUM HEAVY FOR SNAPPER, GROUPER - LIVE AND CUT BAIT</cmt>
    <desc>CORAL AND PATCH REEF - CHUM HEAVY FOR SNAPPER, GROUPER - LIVE AND CUT BAIT</desc>
    <sym>Pin, Blue</sym>
    <extensions>
      <gpxx:WaypointExtension xmlns:gpxx="http://www.garmin.com/xmlschemas/GpxExtensions/v3">
        <gpxx:Depth>18.2880000</gpxx:Depth>
        <gpxx:DisplayMode>SymbolOnly</gpxx:DisplayMode>
      </gpxx:WaypointExtension>
    </extensions>
  </wpt>

  <wpt lat="24.4440033" lon="-81.8664054">
    <time>2013-06-28T21:01:04Z</time>
    <name>CORALPATCH135</name>
    <cmt>CORAL AND PATCH REEF - CHUM HEAVY FOR SNAPPER, GROUPER - LIVE AND CUT BAIT</cmt>
    <desc>CORAL AND PATCH REEF - CHUM HEAVY FOR SNAPPER, GROUPER - LIVE AND CUT BAIT</desc>
    <sym>Pin, Blue</sym>
    <extensions>
      <gpxx:WaypointExtension xmlns:gpxx="http://www.garmin.com/xmlschemas/GpxExtensions/v3">
        <gpxx:Depth>18.2880000</gpxx:Depth>
        <gpxx:DisplayMode>SymbolOnly</gpxx:DisplayMode>
      </gpxx:WaypointExtension>
    </extensions>
  </wpt>

  <wpt lat="24.4433037" lon="-81.9072811">
    <time>2013-06-28T21:01:11Z</time>
    <name>CORALPATCH136</name>
    <cmt>CORAL AND PATCH REEF - CHUM HEAVY FOR SNAPPER, GROUPER - LIVE AND CUT BAIT</cmt>
    <desc>CORAL AND PATCH REEF - CHUM HEAVY FOR SNAPPER, GROUPER - LIVE AND CUT BAIT</desc>
    <sym>Pin, Blue</sym>
    <extensions>
      <gpxx:WaypointExtension xmlns:gpxx="http://www.garmin.com/xmlschemas/GpxExtensions/v3">
        <gpxx:Depth>18.2880000</gpxx:Depth>
        <gpxx:DisplayMode>SymbolOnly</gpxx:DisplayMode>
      </gpxx:WaypointExtension>
    </extensions>
  </wpt>

  <wpt lat="24.4388047" lon="-81.9818089">
    <time>2013-06-28T21:01:51Z</time>
    <name>CORALPATCH137</name>
    <cmt>CORAL AND PATCH REEF - CHUM HEAVY FOR SNAPPER, GROUPER - LIVE AND CUT BAIT</cmt>
    <desc>CORAL AND PATCH REEF - CHUM HEAVY FOR SNAPPER, GROUPER - LIVE AND CUT BAIT</desc>
    <sym>Pin, Blue</sym>
    <extensions>
      <gpxx:WaypointExtension xmlns:gpxx="http://www.garmin.com/xmlschemas/GpxExtensions/v3">
        <gpxx:Depth>18.2880000</gpxx:Depth>
        <gpxx:DisplayMode>SymbolOnly</gpxx:DisplayMode>
      </gpxx:WaypointExtension>
    </extensions>
  </wpt>

  <wpt lat="24.4332918" lon="-81.9707572">
    <time>2013-06-28T21:02:00Z</time>
    <name>CORALPATCH138</name>
    <cmt>CORAL AND PATCH REEF - CHUM HEAVY FOR SNAPPER, GROUPER - LIVE AND CUT BAIT</cmt>
    <desc>CORAL AND PATCH REEF - CHUM HEAVY FOR SNAPPER, GROUPER - LIVE AND CUT BAIT</desc>
    <sym>Pin, Blue</sym>
    <extensions>
      <gpxx:WaypointExtension xmlns:gpxx="http://www.garmin.com/xmlschemas/GpxExtensions/v3">
        <gpxx:Depth>18.2880000</gpxx:Depth>
        <gpxx:DisplayMode>SymbolOnly</gpxx:DisplayMode>
      </gpxx:WaypointExtension>
    </extensions>
  </wpt>

  <wpt lat="24.4727648" lon="-81.9297936">
    <time>2013-06-28T21:02:09Z</time>
    <name>CORALPATCH139</name>
    <cmt>CORAL AND PATCH REEF - CHUM HEAVY FOR SNAPPER, GROUPER - LIVE AND CUT BAIT</cmt>
    <desc>CORAL AND PATCH REEF - CHUM HEAVY FOR SNAPPER, GROUPER - LIVE AND CUT BAIT</desc>
    <sym>Pin, Blue</sym>
    <extensions>
      <gpxx:WaypointExtension xmlns:gpxx="http://www.garmin.com/xmlschemas/GpxExtensions/v3">
        <gpxx:Depth>9.1440000</gpxx:Depth>
        <gpxx:DisplayMode>SymbolOnly</gpxx:DisplayMode>
      </gpxx:WaypointExtension>
    </extensions>
  </wpt>

  <wpt lat="24.4548798" lon="-81.9254780">
    <time>2013-06-28T21:02:26Z</time>
    <name>CORALPATCH140</name>
    <cmt>CORAL AND PATCH REEF - CHUM HEAVY FOR SNAPPER, GROUPER - LIVE AND CUT BAIT</cmt>
    <desc>CORAL AND PATCH REEF - CHUM HEAVY FOR SNAPPER, GROUPER - LIVE AND CUT BAIT</desc>
    <sym>Pin, Blue</sym>
    <extensions>
      <gpxx:WaypointExtension xmlns:gpxx="http://www.garmin.com/xmlschemas/GpxExtensions/v3">
        <gpxx:Depth>9.1440000</gpxx:Depth>
        <gpxx:DisplayMode>SymbolOnly</gpxx:DisplayMode>
      </gpxx:WaypointExtension>
    </extensions>
  </wpt>

  <wpt lat="24.4385247" lon="-81.9188238">
    <time>2013-06-28T21:02:33Z</time>
    <name>CORALPATCH141</name>
    <cmt>CORAL AND PATCH REEF - CHUM HEAVY FOR SNAPPER, GROUPER - LIVE AND CUT BAIT</cmt>
    <desc>CORAL AND PATCH REEF - CHUM HEAVY FOR SNAPPER, GROUPER - LIVE AND CUT BAIT</desc>
    <sym>Pin, Blue</sym>
    <extensions>
      <gpxx:WaypointExtension xmlns:gpxx="http://www.garmin.com/xmlschemas/GpxExtensions/v3">
        <gpxx:Depth>18.2880000</gpxx:Depth>
        <gpxx:DisplayMode>SymbolOnly</gpxx:DisplayMode>
      </gpxx:WaypointExtension>
    </extensions>
  </wpt>

  <wpt lat="24.4445801" lon="-81.9465065">
    <time>2013-06-28T21:02:42Z</time>
    <name>CORALPATCH142</name>
    <cmt>CORAL AND PATCH REEF - CHUM HEAVY FOR SNAPPER, GROUPER - LIVE AND CUT BAIT</cmt>
    <desc>CORAL AND PATCH REEF - CHUM HEAVY FOR SNAPPER, GROUPER - LIVE AND CUT BAIT</desc>
    <sym>Pin, Blue</sym>
    <extensions>
      <gpxx:WaypointExtension xmlns:gpxx="http://www.garmin.com/xmlschemas/GpxExtensions/v3">
        <gpxx:Depth>9.1440000</gpxx:Depth>
        <gpxx:DisplayMode>SymbolOnly</gpxx:DisplayMode>
      </gpxx:WaypointExtension>
    </extensions>
  </wpt>

  <wpt lat="24.4794273" lon="-82.0515343">
    <time>2013-06-28T21:03:02Z</time>
    <name>CORALPATCH143</name>
    <cmt>CORAL AND PATCH REEF - CHUM HEAVY FOR SNAPPER, GROUPER - LIVE AND CUT BAIT</cmt>
    <desc>CORAL AND PATCH REEF - CHUM HEAVY FOR SNAPPER, GROUPER - LIVE AND CUT BAIT</desc>
    <sym>Pin, Blue</sym>
    <extensions>
      <gpxx:WaypointExtension xmlns:gpxx="http://www.garmin.com/xmlschemas/GpxExtensions/v3">
        <gpxx:Depth>9.1440000</gpxx:Depth>
        <gpxx:DisplayMode>SymbolOnly</gpxx:DisplayMode>
      </gpxx:WaypointExtension>
    </extensions>
  </wpt>

  <wpt lat="24.4709989" lon="-82.0389600">
    <time>2013-06-28T21:03:10Z</time>
    <name>CORALPATCH144</name>
    <cmt>CORAL AND PATCH REEF - CHUM HEAVY FOR SNAPPER, GROUPER - LIVE AND CUT BAIT</cmt>
    <desc>CORAL AND PATCH REEF - CHUM HEAVY FOR SNAPPER, GROUPER - LIVE AND CUT BAIT</desc>
    <sym>Pin, Blue</sym>
    <extensions>
      <gpxx:WaypointExtension xmlns:gpxx="http://www.garmin.com/xmlschemas/GpxExtensions/v3">
        <gpxx:Depth>5.4864000</gpxx:Depth>
        <gpxx:DisplayMode>SymbolOnly</gpxx:DisplayMode>
      </gpxx:WaypointExtension>
    </extensions>
  </wpt>

  <wpt lat="24.4493613" lon="-82.0370227">
    <time>2013-06-28T21:03:19Z</time>
    <name>CORALPATCH145</name>
    <cmt>CORAL AND PATCH REEF - CHUM HEAVY FOR SNAPPER, GROUPER - LIVE AND CUT BAIT</cmt>
    <desc>CORAL AND PATCH REEF - CHUM HEAVY FOR SNAPPER, GROUPER - LIVE AND CUT BAIT</desc>
    <sym>Pin, Blue</sym>
    <extensions>
      <gpxx:WaypointExtension xmlns:gpxx="http://www.garmin.com/xmlschemas/GpxExtensions/v3">
        <gpxx:Depth>5.4864000</gpxx:Depth>
        <gpxx:DisplayMode>SymbolOnly</gpxx:DisplayMode>
      </gpxx:WaypointExtension>
    </extensions>
  </wpt>

  <wpt lat="24.4474622" lon="-82.0481844">
    <time>2013-06-28T21:03:29Z</time>
    <name>CORALPATCH146</name>
    <cmt>CORAL AND PATCH REEF - CHUM HEAVY FOR SNAPPER, GROUPER - LIVE AND CUT BAIT</cmt>
    <desc>CORAL AND PATCH REEF - CHUM HEAVY FOR SNAPPER, GROUPER - LIVE AND CUT BAIT</desc>
    <sym>Pin, Blue</sym>
    <extensions>
      <gpxx:WaypointExtension xmlns:gpxx="http://www.garmin.com/xmlschemas/GpxExtensions/v3">
        <gpxx:Depth>9.1440000</gpxx:Depth>
        <gpxx:DisplayMode>SymbolOnly</gpxx:DisplayMode>
      </gpxx:WaypointExtension>
    </extensions>
  </wpt>

  <wpt lat="24.4693851" lon="-81.9856453">
    <time>2013-06-28T21:03:39Z</time>
    <name>CORALPATCH147</name>
    <cmt>CORAL AND PATCH REEF - CHUM HEAVY FOR SNAPPER, GROUPER - LIVE AND CUT BAIT</cmt>
    <desc>CORAL AND PATCH REEF - CHUM HEAVY FOR SNAPPER, GROUPER - LIVE AND CUT BAIT</desc>
    <sym>Pin, Blue</sym>
    <extensions>
      <gpxx:WaypointExtension xmlns:gpxx="http://www.garmin.com/xmlschemas/GpxExtensions/v3">
        <gpxx:DisplayMode>SymbolOnly</gpxx:DisplayMode>
      </gpxx:WaypointExtension>
    </extensions>
  </wpt>

  <wpt lat="24.4336926" lon="-82.0307246">
    <time>2013-06-28T21:03:48Z</time>
    <name>CORALPATCH148</name>
    <cmt>CORAL AND PATCH REEF - CHUM HEAVY FOR SNAPPER, GROUPER - LIVE AND CUT BAIT</cmt>
    <desc>CORAL AND PATCH REEF - CHUM HEAVY FOR SNAPPER, GROUPER - LIVE AND CUT BAIT</desc>
    <sym>Pin, Blue</sym>
    <extensions>
      <gpxx:WaypointExtension xmlns:gpxx="http://www.garmin.com/xmlschemas/GpxExtensions/v3">
        <gpxx:Depth>30.4800000</gpxx:Depth>
        <gpxx:DisplayMode>SymbolOnly</gpxx:DisplayMode>
      </gpxx:WaypointExtension>
    </extensions>
  </wpt>

  <wpt lat="24.4426745" lon="-82.0724949">
    <time>2013-06-28T21:05:00Z</time>
    <name>CORALPATCH149</name>
    <cmt>CORAL AND PATCH REEF - CHUM HEAVY FOR SNAPPER, GROUPER - LIVE AND CUT BAIT</cmt>
    <desc>CORAL AND PATCH REEF - CHUM HEAVY FOR SNAPPER, GROUPER - LIVE AND CUT BAIT</desc>
    <sym>Pin, Blue</sym>
    <extensions>
      <gpxx:WaypointExtension xmlns:gpxx="http://www.garmin.com/xmlschemas/GpxExtensions/v3">
        <gpxx:Depth>30.4800000</gpxx:Depth>
        <gpxx:DisplayMode>SymbolOnly</gpxx:DisplayMode>
      </gpxx:WaypointExtension>
    </extensions>
  </wpt>

  <wpt lat="24.4889607" lon="-82.0939114">
    <time>2013-06-28T21:05:09Z</time>
    <name>CORALPATCH150</name>
    <cmt>CORAL AND PATCH REEF - CHUM HEAVY FOR SNAPPER, GROUPER - LIVE AND CUT BAIT</cmt>
    <desc>CORAL AND PATCH REEF - CHUM HEAVY FOR SNAPPER, GROUPER - LIVE AND CUT BAIT</desc>
    <sym>Pin, Blue</sym>
    <extensions>
      <gpxx:WaypointExtension xmlns:gpxx="http://www.garmin.com/xmlschemas/GpxExtensions/v3">
        <gpxx:Depth>9.1440000</gpxx:Depth>
        <gpxx:DisplayMode>SymbolOnly</gpxx:DisplayMode>
      </gpxx:WaypointExtension>
    </extensions>
  </wpt>

  <wpt lat="24.4986968" lon="-82.0508220">
    <time>2013-06-28T21:05:19Z</time>
    <name>CORALPATCH151</name>
    <cmt>CORAL AND PATCH REEF - CHUM HEAVY FOR SNAPPER, GROUPER - LIVE AND CUT BAIT</cmt>
    <desc>CORAL AND PATCH REEF - CHUM HEAVY FOR SNAPPER, GROUPER - LIVE AND CUT BAIT</desc>
    <sym>Pin, Blue</sym>
    <extensions>
      <gpxx:WaypointExtension xmlns:gpxx="http://www.garmin.com/xmlschemas/GpxExtensions/v3">
        <gpxx:Depth>9.1440000</gpxx:Depth>
        <gpxx:DisplayMode>SymbolOnly</gpxx:DisplayMode>
      </gpxx:WaypointExtension>
    </extensions>
  </wpt>

  <wpt lat="24.5340618" lon="-82.0718060">
    <time>2013-06-28T21:05:27Z</time>
    <name>CORALPATCH152</name>
    <cmt>CORAL AND PATCH REEF - CHUM HEAVY FOR SNAPPER, GROUPER - LIVE AND CUT BAIT</cmt>
    <desc>CORAL AND PATCH REEF - CHUM HEAVY FOR SNAPPER, GROUPER - LIVE AND CUT BAIT</desc>
    <sym>Pin, Blue</sym>
    <extensions>
      <gpxx:WaypointExtension xmlns:gpxx="http://www.garmin.com/xmlschemas/GpxExtensions/v3">
        <gpxx:Depth>5.4864000</gpxx:Depth>
        <gpxx:DisplayMode>SymbolOnly</gpxx:DisplayMode>
      </gpxx:WaypointExtension>
    </extensions>
  </wpt>

  <wpt lat="24.5178230" lon="-82.0630885">
    <time>2013-06-28T21:05:34Z</time>
    <name>CORALPATCH153</name>
    <cmt>CORAL AND PATCH REEF - CHUM HEAVY FOR SNAPPER, GROUPER - LIVE AND CUT BAIT</cmt>
    <desc>CORAL AND PATCH REEF - CHUM HEAVY FOR SNAPPER, GROUPER - LIVE AND CUT BAIT</desc>
    <sym>Pin, Blue</sym>
    <extensions>
      <gpxx:WaypointExtension xmlns:gpxx="http://www.garmin.com/xmlschemas/GpxExtensions/v3">
        <gpxx:Depth>5.4864000</gpxx:Depth>
        <gpxx:DisplayMode>SymbolOnly</gpxx:DisplayMode>
      </gpxx:WaypointExtension>
    </extensions>
  </wpt>

  <wpt lat="24.5212953" lon="-82.0741711">
    <time>2013-06-28T21:05:43Z</time>
    <name>CORALPATCH154</name>
    <cmt>CORAL AND PATCH REEF - CHUM HEAVY FOR SNAPPER, GROUPER - LIVE AND CUT BAIT</cmt>
    <desc>CORAL AND PATCH REEF - CHUM HEAVY FOR SNAPPER, GROUPER - LIVE AND CUT BAIT</desc>
    <sym>Pin, Blue</sym>
    <extensions>
      <gpxx:WaypointExtension xmlns:gpxx="http://www.garmin.com/xmlschemas/GpxExtensions/v3">
        <gpxx:Depth>5.4864000</gpxx:Depth>
        <gpxx:DisplayMode>SymbolOnly</gpxx:DisplayMode>
      </gpxx:WaypointExtension>
    </extensions>
  </wpt>

  <wpt lat="24.5189991" lon="-82.1220624">
    <time>2013-06-28T21:05:50Z</time>
    <name>CORALPATCH155</name>
    <cmt>CORAL AND PATCH REEF - CHUM HEAVY FOR SNAPPER, GROUPER - LIVE AND CUT BAIT</cmt>
    <desc>CORAL AND PATCH REEF - CHUM HEAVY FOR SNAPPER, GROUPER - LIVE AND CUT BAIT</desc>
    <sym>Pin, Blue</sym>
    <extensions>
      <gpxx:WaypointExtension xmlns:gpxx="http://www.garmin.com/xmlschemas/GpxExtensions/v3">
        <gpxx:Depth>5.4864000</gpxx:Depth>
        <gpxx:DisplayMode>SymbolOnly</gpxx:DisplayMode>
      </gpxx:WaypointExtension>
    </extensions>
  </wpt>

  <wpt lat="24.5195961" lon="-82.0167451">
    <time>2013-06-28T21:06:05Z</time>
    <name>CORALPATCH156</name>
    <cmt>CORAL AND PATCH REEF - CHUM HEAVY FOR SNAPPER, GROUPER - LIVE AND CUT BAIT</cmt>
    <desc>CORAL AND PATCH REEF - CHUM HEAVY FOR SNAPPER, GROUPER - LIVE AND CUT BAIT</desc>
    <sym>Pin, Blue</sym>
    <extensions>
      <gpxx:WaypointExtension xmlns:gpxx="http://www.garmin.com/xmlschemas/GpxExtensions/v3">
        <gpxx:Depth>3.6576000</gpxx:Depth>
        <gpxx:DisplayMode>SymbolOnly</gpxx:DisplayMode>
      </gpxx:WaypointExtension>
    </extensions>
  </wpt>

  <wpt lat="24.4891154" lon="-82.0100212">
    <time>2013-06-28T21:06:13Z</time>
    <name>CORALPATCH157</name>
    <cmt>CORAL AND PATCH REEF - CHUM HEAVY FOR SNAPPER, GROUPER - LIVE AND CUT BAIT</cmt>
    <desc>CORAL AND PATCH REEF - CHUM HEAVY FOR SNAPPER, GROUPER - LIVE AND CUT BAIT</desc>
    <sym>Pin, Blue</sym>
    <extensions>
      <gpxx:WaypointExtension xmlns:gpxx="http://www.garmin.com/xmlschemas/GpxExtensions/v3">
        <gpxx:Depth>9.1440000</gpxx:Depth>
        <gpxx:DisplayMode>SymbolOnly</gpxx:DisplayMode>
      </gpxx:WaypointExtension>
    </extensions>
  </wpt>

  <wpt lat="24.4917870" lon="-82.2249413">
    <time>2013-06-28T21:06:53Z</time>
    <name>CORALPATCH160</name>
    <cmt>CORAL AND PATCH REEF - CHUM HEAVY FOR SNAPPER, GROUPER - LIVE AND CUT BAIT</cmt>
    <desc>CORAL AND PATCH REEF - CHUM HEAVY FOR SNAPPER, GROUPER - LIVE AND CUT BAIT</desc>
    <sym>Pin, Blue</sym>
    <extensions>
      <gpxx:WaypointExtension xmlns:gpxx="http://www.garmin.com/xmlschemas/GpxExtensions/v3">
        <gpxx:DisplayMode>SymbolOnly</gpxx:DisplayMode>
      </gpxx:WaypointExtension>
    </extensions>
  </wpt>

  <wpt lat="24.5168495" lon="-82.2000504">
    <time>2013-06-28T21:07:06Z</time>
    <name>CORALPATCH161</name>
    <cmt>CORAL AND PATCH REEF - CHUM HEAVY FOR SNAPPER, GROUPER - LIVE AND CUT BAIT</cmt>
    <desc>CORAL AND PATCH REEF - CHUM HEAVY FOR SNAPPER, GROUPER - LIVE AND CUT BAIT</desc>
    <sym>Pin, Blue</sym>
    <extensions>
      <gpxx:WaypointExtension xmlns:gpxx="http://www.garmin.com/xmlschemas/GpxExtensions/v3">
        <gpxx:DisplayMode>SymbolOnly</gpxx:DisplayMode>
      </gpxx:WaypointExtension>
    </extensions>
  </wpt>

  <wpt lat="24.5115869" lon="-82.1198709">
    <time>2013-06-28T21:07:13Z</time>
    <name>CORALPATCH162</name>
    <cmt>CORAL AND PATCH REEF - CHUM HEAVY FOR SNAPPER, GROUPER - LIVE AND CUT BAIT</cmt>
    <desc>CORAL AND PATCH REEF - CHUM HEAVY FOR SNAPPER, GROUPER - LIVE AND CUT BAIT</desc>
    <sym>Pin, Blue</sym>
    <extensions>
      <gpxx:WaypointExtension xmlns:gpxx="http://www.garmin.com/xmlschemas/GpxExtensions/v3">
        <gpxx:Depth>9.1440000</gpxx:Depth>
        <gpxx:DisplayMode>SymbolOnly</gpxx:DisplayMode>
      </gpxx:WaypointExtension>
    </extensions>
  </wpt>

  <wpt lat="24.4750953" lon="-82.0891784">
    <time>2013-06-28T21:07:21Z</time>
    <name>CORALPATCH163</name>
    <cmt>CORAL AND PATCH REEF - CHUM HEAVY FOR SNAPPER, GROUPER - LIVE AND CUT BAIT</cmt>
    <desc>CORAL AND PATCH REEF - CHUM HEAVY FOR SNAPPER, GROUPER - LIVE AND CUT BAIT</desc>
    <sym>Pin, Blue</sym>
    <extensions>
      <gpxx:WaypointExtension xmlns:gpxx="http://www.garmin.com/xmlschemas/GpxExtensions/v3">
        <gpxx:Depth>9.1440000</gpxx:Depth>
        <gpxx:DisplayMode>SymbolOnly</gpxx:DisplayMode>
      </gpxx:WaypointExtension>
    </extensions>
  </wpt>

  <wpt lat="24.4633099" lon="-82.2376647">
    <time>2013-06-28T21:07:29Z</time>
    <name>CORALPATCH164</name>
    <cmt>CORAL AND PATCH REEF - CHUM HEAVY FOR SNAPPER, GROUPER - LIVE AND CUT BAIT</cmt>
    <desc>CORAL AND PATCH REEF - CHUM HEAVY FOR SNAPPER, GROUPER - LIVE AND CUT BAIT</desc>
    <sym>Pin, Blue</sym>
    <extensions>
      <gpxx:WaypointExtension xmlns:gpxx="http://www.garmin.com/xmlschemas/GpxExtensions/v3">
        <gpxx:Depth>9.1440000</gpxx:Depth>
        <gpxx:DisplayMode>SymbolOnly</gpxx:DisplayMode>
      </gpxx:WaypointExtension>
    </extensions>
  </wpt>

  <wpt lat="24.5017282" lon="-82.1850109">
    <time>2013-06-28T21:07:36Z</time>
    <name>CORALPATCH165</name>
    <cmt>CORAL AND PATCH REEF - CHUM HEAVY FOR SNAPPER, GROUPER - LIVE AND CUT BAIT</cmt>
    <desc>CORAL AND PATCH REEF - CHUM HEAVY FOR SNAPPER, GROUPER - LIVE AND CUT BAIT</desc>
    <sym>Pin, Blue</sym>
    <extensions>
      <gpxx:WaypointExtension xmlns:gpxx="http://www.garmin.com/xmlschemas/GpxExtensions/v3">
        <gpxx:DisplayMode>SymbolOnly</gpxx:DisplayMode>
      </gpxx:WaypointExtension>
    </extensions>
  </wpt>

  <wpt lat="24.5345453" lon="-82.2255148">
    <time>2013-06-28T21:07:50Z</time>
    <name>CORALPATCH166</name>
    <cmt>CORAL AND PATCH REEF - CHUM HEAVY FOR SNAPPER, GROUPER - LIVE AND CUT BAIT</cmt>
    <desc>CORAL AND PATCH REEF - CHUM HEAVY FOR SNAPPER, GROUPER - LIVE AND CUT BAIT</desc>
    <sym>Pin, Blue</sym>
    <extensions>
      <gpxx:WaypointExtension xmlns:gpxx="http://www.garmin.com/xmlschemas/GpxExtensions/v3">
        <gpxx:Depth>5.4864000</gpxx:Depth>
        <gpxx:DisplayMode>SymbolOnly</gpxx:DisplayMode>
      </gpxx:WaypointExtension>
    </extensions>
  </wpt>

  <wpt lat="24.5202407" lon="-82.3317824">
    <time>2013-06-28T21:08:04Z</time>
    <name>CORALPATCH167</name>
    <cmt>CORAL AND PATCH REEF - CHUM HEAVY FOR SNAPPER, GROUPER - LIVE AND CUT BAIT</cmt>
    <desc>CORAL AND PATCH REEF - CHUM HEAVY FOR SNAPPER, GROUPER - LIVE AND CUT BAIT</desc>
    <sym>Pin, Blue</sym>
    <extensions>
      <gpxx:WaypointExtension xmlns:gpxx="http://www.garmin.com/xmlschemas/GpxExtensions/v3">
        <gpxx:Depth>5.4864000</gpxx:Depth>
        <gpxx:DisplayMode>SymbolOnly</gpxx:DisplayMode>
      </gpxx:WaypointExtension>
    </extensions>
  </wpt>

  <wpt lat="24.5222896" lon="-82.3585089">
    <time>2013-06-28T21:08:11Z</time>
    <name>CORALPATCH168</name>
    <cmt>CORAL AND PATCH REEF - CHUM HEAVY FOR SNAPPER, GROUPER - LIVE AND CUT BAIT</cmt>
    <desc>CORAL AND PATCH REEF - CHUM HEAVY FOR SNAPPER, GROUPER - LIVE AND CUT BAIT</desc>
    <sym>Pin, Blue</sym>
    <extensions>
      <gpxx:WaypointExtension xmlns:gpxx="http://www.garmin.com/xmlschemas/GpxExtensions/v3">
        <gpxx:Depth>9.1440000</gpxx:Depth>
        <gpxx:DisplayMode>SymbolOnly</gpxx:DisplayMode>
      </gpxx:WaypointExtension>
    </extensions>
  </wpt>

  <wpt lat="24.5388764" lon="-82.3113624">
    <time>2013-06-28T21:08:20Z</time>
    <name>CORALPATCH169</name>
    <cmt>CORAL AND PATCH REEF - CHUM HEAVY FOR SNAPPER, GROUPER - LIVE AND CUT BAIT</cmt>
    <desc>CORAL AND PATCH REEF - CHUM HEAVY FOR SNAPPER, GROUPER - LIVE AND CUT BAIT</desc>
    <sym>Pin, Blue</sym>
    <extensions>
      <gpxx:WaypointExtension xmlns:gpxx="http://www.garmin.com/xmlschemas/GpxExtensions/v3">
        <gpxx:Depth>5.4864000</gpxx:Depth>
        <gpxx:DisplayMode>SymbolOnly</gpxx:DisplayMode>
      </gpxx:WaypointExtension>
    </extensions>
  </wpt>

  <wpt lat="24.4991148" lon="-82.2802055">
    <time>2013-06-28T21:08:30Z</time>
    <name>CORALPATCH170</name>
    <cmt>CORAL AND PATCH REEF - CHUM HEAVY FOR SNAPPER, GROUPER - LIVE AND CUT BAIT</cmt>
    <desc>CORAL AND PATCH REEF - CHUM HEAVY FOR SNAPPER, GROUPER - LIVE AND CUT BAIT</desc>
    <sym>Pin, Blue</sym>
    <extensions>
      <gpxx:WaypointExtension xmlns:gpxx="http://www.garmin.com/xmlschemas/GpxExtensions/v3">
        <gpxx:Depth>9.1440000</gpxx:Depth>
        <gpxx:DisplayMode>SymbolOnly</gpxx:DisplayMode>
      </gpxx:WaypointExtension>
    </extensions>
  </wpt>

  <wpt lat="24.4835667" lon="-82.2326817">
    <time>2013-06-28T21:08:37Z</time>
    <name>CORALPATCH171</name>
    <cmt>CORAL AND PATCH REEF - CHUM HEAVY FOR SNAPPER, GROUPER - LIVE AND CUT BAIT</cmt>
    <desc>CORAL AND PATCH REEF - CHUM HEAVY FOR SNAPPER, GROUPER - LIVE AND CUT BAIT</desc>
    <sym>Pin, Blue</sym>
    <extensions>
      <gpxx:WaypointExtension xmlns:gpxx="http://www.garmin.com/xmlschemas/GpxExtensions/v3">
        <gpxx:Depth>9.1440000</gpxx:Depth>
        <gpxx:DisplayMode>SymbolOnly</gpxx:DisplayMode>
      </gpxx:WaypointExtension>
    </extensions>
  </wpt>

  <wpt lat="24.4592571" lon="-81.9768047">
    <time>2013-06-28T21:09:13Z</time>
    <name>CORALPATCH172</name>
    <cmt>CORAL AND PATCH REEF - CHUM HEAVY FOR SNAPPER, GROUPER - LIVE AND CUT BAIT</cmt>
    <desc>CORAL AND PATCH REEF - CHUM HEAVY FOR SNAPPER, GROUPER - LIVE AND CUT BAIT</desc>
    <sym>Pin, Blue</sym>
    <extensions>
      <gpxx:WaypointExtension xmlns:gpxx="http://www.garmin.com/xmlschemas/GpxExtensions/v3">
        <gpxx:DisplayMode>SymbolOnly</gpxx:DisplayMode>
      </gpxx:WaypointExtension>
    </extensions>
  </wpt>

  <wpt lat="24.5028243" lon="-82.0169759">
    <time>2013-06-28T21:09:27Z</time>
    <name>CORALPATCH173</name>
    <cmt>CORAL AND PATCH REEF - CHUM HEAVY FOR SNAPPER, GROUPER - LIVE AND CUT BAIT</cmt>
    <desc>CORAL AND PATCH REEF - CHUM HEAVY FOR SNAPPER, GROUPER - LIVE AND CUT BAIT</desc>
    <sym>Pin, Blue</sym>
    <extensions>
      <gpxx:WaypointExtension xmlns:gpxx="http://www.garmin.com/xmlschemas/GpxExtensions/v3">
        <gpxx:Depth>9.1440000</gpxx:Depth>
        <gpxx:DisplayMode>SymbolOnly</gpxx:DisplayMode>
      </gpxx:WaypointExtension>
    </extensions>
  </wpt>

  <wpt lat="24.4624600" lon="-82.0378982">
    <time>2013-06-28T21:09:43Z</time>
    <name>CORALPATCH174</name>
    <cmt>CORAL AND PATCH REEF - CHUM HEAVY FOR SNAPPER, GROUPER - LIVE AND CUT BAIT</cmt>
    <desc>CORAL AND PATCH REEF - CHUM HEAVY FOR SNAPPER, GROUPER - LIVE AND CUT BAIT</desc>
    <sym>Pin, Blue</sym>
    <extensions>
      <gpxx:WaypointExtension xmlns:gpxx="http://www.garmin.com/xmlschemas/GpxExtensions/v3">
        <gpxx:Depth>9.1440000</gpxx:Depth>
        <gpxx:DisplayMode>SymbolOnly</gpxx:DisplayMode>
      </gpxx:WaypointExtension>
    </extensions>
  </wpt>

  <wpt lat="24.4695812" lon="-81.9413964">
    <time>2013-06-28T21:09:56Z</time>
    <name>CORALPATCH175</name>
    <cmt>CORAL AND PATCH REEF - CHUM HEAVY FOR SNAPPER, GROUPER - LIVE AND CUT BAIT</cmt>
    <desc>CORAL AND PATCH REEF - CHUM HEAVY FOR SNAPPER, GROUPER - LIVE AND CUT BAIT</desc>
    <sym>Pin, Blue</sym>
    <extensions>
      <gpxx:WaypointExtension xmlns:gpxx="http://www.garmin.com/xmlschemas/GpxExtensions/v3">
        <gpxx:Depth>9.1440000</gpxx:Depth>
        <gpxx:DisplayMode>SymbolOnly</gpxx:DisplayMode>
      </gpxx:WaypointExtension>
    </extensions>
  </wpt>

  <wpt lat="24.4975504" lon="-81.9511007">
    <time>2013-06-28T21:10:08Z</time>
    <name>CORALPATCH176</name>
    <cmt>CORAL AND PATCH REEF - CHUM HEAVY FOR SNAPPER, GROUPER - LIVE AND CUT BAIT</cmt>
    <desc>CORAL AND PATCH REEF - CHUM HEAVY FOR SNAPPER, GROUPER - LIVE AND CUT BAIT</desc>
    <sym>Pin, Blue</sym>
    <extensions>
      <gpxx:WaypointExtension xmlns:gpxx="http://www.garmin.com/xmlschemas/GpxExtensions/v3">
        <gpxx:Depth>9.1440000</gpxx:Depth>
        <gpxx:DisplayMode>SymbolOnly</gpxx:DisplayMode>
      </gpxx:WaypointExtension>
    </extensions>
  </wpt>

  <wpt lat="24.5076050" lon="-81.8846930">
    <time>2013-06-28T21:10:32Z</time>
    <name>CORALPATCH177</name>
    <cmt>CORAL AND PATCH REEF - CHUM HEAVY FOR SNAPPER, GROUPER - LIVE AND CUT BAIT</cmt>
    <desc>CORAL AND PATCH REEF - CHUM HEAVY FOR SNAPPER, GROUPER - LIVE AND CUT BAIT</desc>
    <sym>Pin, Blue</sym>
    <extensions>
      <gpxx:WaypointExtension xmlns:gpxx="http://www.garmin.com/xmlschemas/GpxExtensions/v3">
        <gpxx:Depth>9.1440000</gpxx:Depth>
        <gpxx:DisplayMode>SymbolOnly</gpxx:DisplayMode>
      </gpxx:WaypointExtension>
    </extensions>
  </wpt>

  <wpt lat="24.4530464" lon="-81.8944321">
    <time>2013-06-28T21:10:42Z</time>
    <name>CORALPATCH178</name>
    <cmt>CORAL AND PATCH REEF - CHUM HEAVY FOR SNAPPER, GROUPER - LIVE AND CUT BAIT</cmt>
    <desc>CORAL AND PATCH REEF - CHUM HEAVY FOR SNAPPER, GROUPER - LIVE AND CUT BAIT</desc>
    <sym>Pin, Blue</sym>
    <extensions>
      <gpxx:WaypointExtension xmlns:gpxx="http://www.garmin.com/xmlschemas/GpxExtensions/v3">
        <gpxx:Depth>5.4864000</gpxx:Depth>
        <gpxx:DisplayMode>SymbolOnly</gpxx:DisplayMode>
      </gpxx:WaypointExtension>
    </extensions>
  </wpt>

  <wpt lat="24.6672193" lon="-81.1398687">
    <time>2013-06-28T21:11:37Z</time>
    <name>CORALPATCH179</name>
    <cmt>CORAL AND PATCH REEF - CHUM HEAVY FOR SNAPPER, GROUPER - LIVE AND CUT BAIT</cmt>
    <desc>CORAL AND PATCH REEF - CHUM HEAVY FOR SNAPPER, GROUPER - LIVE AND CUT BAIT</desc>
    <sym>Pin, Blue</sym>
    <extensions>
      <gpxx:WaypointExtension xmlns:gpxx="http://www.garmin.com/xmlschemas/GpxExtensions/v3">
        <gpxx:DisplayMode>SymbolOnly</gpxx:DisplayMode>
      </gpxx:WaypointExtension>
    </extensions>
  </wpt>

  <wpt lat="24.6499729" lon="-81.1082840">
    <time>2013-06-28T21:11:44Z</time>
    <name>CORALPATCH180</name>
    <cmt>Wreck nearby and coral, limestone</cmt>
    <desc>Wreck nearby and coral, limestone</desc>
    <sym>Pin, Blue</sym>
    <extensions>
      <gpxx:WaypointExtension xmlns:gpxx="http://www.garmin.com/xmlschemas/GpxExtensions/v3">
        <gpxx:DisplayMode>SymbolOnly</gpxx:DisplayMode>
      </gpxx:WaypointExtension>
    </extensions>
  </wpt>

  <wpt lat="24.6321022" lon="-81.0909822">
    <time>2013-06-28T21:11:52Z</time>
    <name>CORALPATCH181</name>
    <cmt>CORAL AND PATCH REEF - CHUM HEAVY FOR SNAPPER, GROUPER - LIVE AND CUT BAIT</cmt>
    <desc>CORAL AND PATCH REEF - CHUM HEAVY FOR SNAPPER, GROUPER - LIVE AND CUT BAIT</desc>
    <sym>Pin, Blue</sym>
    <extensions>
      <gpxx:WaypointExtension xmlns:gpxx="http://www.garmin.com/xmlschemas/GpxExtensions/v3">
        <gpxx:Depth>1.8288000</gpxx:Depth>
        <gpxx:DisplayMode>SymbolOnly</gpxx:DisplayMode>
      </gpxx:WaypointExtension>
    </extensions>
  </wpt>

  <wpt lat="24.6157313" lon="-81.1460373">
    <time>2013-06-28T21:12:00Z</time>
    <name>CORALPATCH182</name>
    <cmt>CORAL AND PATCH REEF - CHUM HEAVY FOR SNAPPER, GROUPER - LIVE AND CUT BAIT</cmt>
    <desc>CORAL AND PATCH REEF - CHUM HEAVY FOR SNAPPER, GROUPER - LIVE AND CUT BAIT</desc>
    <sym>Pin, Blue</sym>
    <extensions>
      <gpxx:WaypointExtension xmlns:gpxx="http://www.garmin.com/xmlschemas/GpxExtensions/v3">
        <gpxx:Depth>9.1440000</gpxx:Depth>
        <gpxx:DisplayMode>SymbolOnly</gpxx:DisplayMode>
      </gpxx:WaypointExtension>
    </extensions>
  </wpt>

  <wpt lat="24.5959148" lon="-81.2133312">
    <time>2013-06-28T21:12:06Z</time>
    <name>CORALPATCH183</name>
    <cmt>CORAL AND PATCH REEF - CHUM HEAVY FOR SNAPPER, GROUPER - LIVE AND CUT BAIT</cmt>
    <desc>CORAL AND PATCH REEF - CHUM HEAVY FOR SNAPPER, GROUPER - LIVE AND CUT BAIT</desc>
    <sym>Pin, Blue</sym>
    <extensions>
      <gpxx:WaypointExtension xmlns:gpxx="http://www.garmin.com/xmlschemas/GpxExtensions/v3">
        <gpxx:Depth>9.1440000</gpxx:Depth>
        <gpxx:DisplayMode>SymbolOnly</gpxx:DisplayMode>
      </gpxx:WaypointExtension>
    </extensions>
  </wpt>

  <wpt lat="24.6728954" lon="-81.1632564">
    <time>2013-06-28T21:12:21Z</time>
    <name>CORALPATCH184</name>
    <cmt>CORAL AND PATCH REEF - CHUM HEAVY FOR SNAPPER, GROUPER - LIVE AND CUT BAIT</cmt>
    <desc>CORAL AND PATCH REEF - CHUM HEAVY FOR SNAPPER, GROUPER - LIVE AND CUT BAIT</desc>
    <sym>Pin, Blue</sym>
    <extensions>
      <gpxx:WaypointExtension xmlns:gpxx="http://www.garmin.com/xmlschemas/GpxExtensions/v3">
        <gpxx:Depth>5.4864000</gpxx:Depth>
        <gpxx:DisplayMode>SymbolOnly</gpxx:DisplayMode>
      </gpxx:WaypointExtension>
    </extensions>
  </wpt>

  <wpt lat="24.6667985" lon="-81.1091396">
    <time>2013-06-28T21:12:27Z</time>
    <name>CORALPATCH185</name>
    <cmt>CORAL AND PATCH REEF - CHUM HEAVY FOR SNAPPER, GROUPER - LIVE AND CUT BAIT</cmt>
    <desc>CORAL AND PATCH REEF - CHUM HEAVY FOR SNAPPER, GROUPER - LIVE AND CUT BAIT</desc>
    <sym>Pin, Blue</sym>
    <extensions>
      <gpxx:WaypointExtension xmlns:gpxx="http://www.garmin.com/xmlschemas/GpxExtensions/v3">
        <gpxx:Depth>5.4864000</gpxx:Depth>
        <gpxx:DisplayMode>SymbolOnly</gpxx:DisplayMode>
      </gpxx:WaypointExtension>
    </extensions>
  </wpt>

  <wpt lat="24.6340217" lon="-81.2076272">
    <time>2013-06-28T21:12:40Z</time>
    <name>CORALPATCH186</name>
    <cmt>CORAL AND PATCH REEF - CHUM HEAVY FOR SNAPPER, GROUPER - LIVE AND CUT BAIT</cmt>
    <desc>CORAL AND PATCH REEF - CHUM HEAVY FOR SNAPPER, GROUPER - LIVE AND CUT BAIT</desc>
    <sym>Pin, Blue</sym>
    <extensions>
      <gpxx:WaypointExtension xmlns:gpxx="http://www.garmin.com/xmlschemas/GpxExtensions/v3">
        <gpxx:Depth>9.1440000</gpxx:Depth>
        <gpxx:DisplayMode>SymbolOnly</gpxx:DisplayMode>
      </gpxx:WaypointExtension>
    </extensions>
  </wpt>

  <wpt lat="24.7126786" lon="-80.9770241">
    <time>2013-06-28T21:13:01Z</time>
    <name>CORALPATCH187</name>
    <cmt>CORAL AND PATCH REEF - CHUM HEAVY FOR SNAPPER, GROUPER - LIVE AND CUT BAIT</cmt>
    <desc>CORAL AND PATCH REEF - CHUM HEAVY FOR SNAPPER, GROUPER - LIVE AND CUT BAIT</desc>
    <sym>Pin, Blue</sym>
    <extensions>
      <gpxx:WaypointExtension xmlns:gpxx="http://www.garmin.com/xmlschemas/GpxExtensions/v3">
        <gpxx:Depth>5.4864000</gpxx:Depth>
        <gpxx:DisplayMode>SymbolOnly</gpxx:DisplayMode>
      </gpxx:WaypointExtension>
    </extensions>
  </wpt>

  <wpt lat="24.6650727" lon="-80.9738263">
    <time>2013-06-28T21:13:09Z</time>
    <name>CORALPATCH188</name>
    <cmt>CORAL AND PATCH REEF - CHUM HEAVY FOR SNAPPER, GROUPER - LIVE AND CUT BAIT</cmt>
    <desc>CORAL AND PATCH REEF - CHUM HEAVY FOR SNAPPER, GROUPER - LIVE AND CUT BAIT</desc>
    <sym>Pin, Blue</sym>
    <extensions>
      <gpxx:WaypointExtension xmlns:gpxx="http://www.garmin.com/xmlschemas/GpxExtensions/v3">
        <gpxx:Depth>18.2880000</gpxx:Depth>
        <gpxx:DisplayMode>SymbolOnly</gpxx:DisplayMode>
      </gpxx:WaypointExtension>
    </extensions>
  </wpt>

  <wpt lat="24.7250993" lon="-80.8580386">
    <time>2013-06-28T21:13:16Z</time>
    <name>CORALPATCH189</name>
    <cmt>CORAL AND PATCH REEF - CHUM HEAVY FOR SNAPPER, GROUPER - LIVE AND CUT BAIT</cmt>
    <desc>CORAL AND PATCH REEF - CHUM HEAVY FOR SNAPPER, GROUPER - LIVE AND CUT BAIT</desc>
    <sym>Pin, Blue</sym>
    <extensions>
      <gpxx:WaypointExtension xmlns:gpxx="http://www.garmin.com/xmlschemas/GpxExtensions/v3">
        <gpxx:Depth>5.4864000</gpxx:Depth>
        <gpxx:DisplayMode>SymbolOnly</gpxx:DisplayMode>
      </gpxx:WaypointExtension>
    </extensions>
  </wpt>

  <wpt lat="24.7537422" lon="-80.8162880">
    <time>2013-06-28T21:14:01Z</time>
    <name>CORALPATCH192</name>
    <cmt>CORAL AND PATCH REEF - CHUM HEAVY FOR SNAPPER, GROUPER - LIVE AND CUT BAIT</cmt>
    <desc>CORAL AND PATCH REEF - CHUM HEAVY FOR SNAPPER, GROUPER - LIVE AND CUT BAIT</desc>
    <sym>Pin, Blue</sym>
    <extensions>
      <gpxx:WaypointExtension xmlns:gpxx="http://www.garmin.com/xmlschemas/GpxExtensions/v3">
        <gpxx:DisplayMode>SymbolOnly</gpxx:DisplayMode>
      </gpxx:WaypointExtension>
    </extensions>
  </wpt>

  <wpt lat="24.7180367" lon="-80.8392048">
    <time>2013-06-28T21:14:09Z</time>
    <name>CORALPATCH193</name>
    <cmt>CORAL AND PATCH REEF - CHUM HEAVY FOR SNAPPER, GROUPER - LIVE AND CUT BAIT</cmt>
    <desc>CORAL AND PATCH REEF - CHUM HEAVY FOR SNAPPER, GROUPER - LIVE AND CUT BAIT</desc>
    <sym>Pin, Blue</sym>
    <extensions>
      <gpxx:WaypointExtension xmlns:gpxx="http://www.garmin.com/xmlschemas/GpxExtensions/v3">
        <gpxx:DisplayMode>SymbolOnly</gpxx:DisplayMode>
      </gpxx:WaypointExtension>
    </extensions>
  </wpt>

  <wpt lat="24.7488499" lon="-80.8599346">
    <time>2013-06-28T21:14:24Z</time>
    <name>CORALPATCH194</name>
    <cmt>CORAL AND PATCH REEF - CHUM HEAVY FOR SNAPPER, GROUPER - LIVE AND CUT BAIT</cmt>
    <desc>CORAL AND PATCH REEF - CHUM HEAVY FOR SNAPPER, GROUPER - LIVE AND CUT BAIT</desc>
    <sym>Pin, Blue</sym>
    <extensions>
      <gpxx:WaypointExtension xmlns:gpxx="http://www.garmin.com/xmlschemas/GpxExtensions/v3">
        <gpxx:Depth>5.4864000</gpxx:Depth>
        <gpxx:DisplayMode>SymbolOnly</gpxx:DisplayMode>
      </gpxx:WaypointExtension>
    </extensions>
  </wpt>

  <wpt lat="24.7712176" lon="-80.8333669">
    <time>2013-06-28T21:14:31Z</time>
    <name>CORALPATCH195</name>
    <cmt>CORAL AND PATCH REEF - CHUM HEAVY FOR SNAPPER, GROUPER - LIVE AND CUT BAIT</cmt>
    <desc>CORAL AND PATCH REEF - CHUM HEAVY FOR SNAPPER, GROUPER - LIVE AND CUT BAIT</desc>
    <sym>Pin, Blue</sym>
    <extensions>
      <gpxx:WaypointExtension xmlns:gpxx="http://www.garmin.com/xmlschemas/GpxExtensions/v3">
        <gpxx:Depth>5.4864000</gpxx:Depth>
        <gpxx:DisplayMode>SymbolOnly</gpxx:DisplayMode>
      </gpxx:WaypointExtension>
    </extensions>
  </wpt>

  <wpt lat="24.7317776" lon="-80.7966375">
    <time>2013-06-28T21:14:38Z</time>
    <name>CORALPATCH196</name>
    <cmt>CORAL AND PATCH REEF - CHUM HEAVY FOR SNAPPER, GROUPER - LIVE AND CUT BAIT</cmt>
    <desc>CORAL AND PATCH REEF - CHUM HEAVY FOR SNAPPER, GROUPER - LIVE AND CUT BAIT</desc>
    <sym>Pin, Blue</sym>
    <extensions>
      <gpxx:WaypointExtension xmlns:gpxx="http://www.garmin.com/xmlschemas/GpxExtensions/v3">
        <gpxx:Depth>18.2880000</gpxx:Depth>
        <gpxx:DisplayMode>SymbolOnly</gpxx:DisplayMode>
      </gpxx:WaypointExtension>
    </extensions>
  </wpt>

  <wpt lat="24.6966648" lon="-80.8890567">
    <time>2013-06-28T21:14:52Z</time>
    <name>CORALPATCH197</name>
    <cmt>CORAL AND PATCH REEF - CHUM HEAVY FOR SNAPPER, GROUPER - LIVE AND CUT BAIT</cmt>
    <desc>CORAL AND PATCH REEF - CHUM HEAVY FOR SNAPPER, GROUPER - LIVE AND CUT BAIT</desc>
    <sym>Pin, Blue</sym>
    <extensions>
      <gpxx:WaypointExtension xmlns:gpxx="http://www.garmin.com/xmlschemas/GpxExtensions/v3">
        <gpxx:Depth>18.2880000</gpxx:Depth>
        <gpxx:DisplayMode>SymbolOnly</gpxx:DisplayMode>
      </gpxx:WaypointExtension>
    </extensions>
  </wpt>

  <wpt lat="24.7584383" lon="-80.7411778">
    <time>2013-06-28T21:15:05Z</time>
    <name>CORALPATCH198</name>
    <cmt>CORAL AND PATCH REEF - CHUM HEAVY FOR SNAPPER, GROUPER - LIVE AND CUT BAIT</cmt>
    <desc>CORAL AND PATCH REEF - CHUM HEAVY FOR SNAPPER, GROUPER - LIVE AND CUT BAIT</desc>
    <sym>Pin, Blue</sym>
    <extensions>
      <gpxx:WaypointExtension xmlns:gpxx="http://www.garmin.com/xmlschemas/GpxExtensions/v3">
        <gpxx:Depth>18.2880000</gpxx:Depth>
        <gpxx:DisplayMode>SymbolOnly</gpxx:DisplayMode>
      </gpxx:WaypointExtension>
    </extensions>
  </wpt>

  <wpt lat="24.8125243" lon="-80.7316923">
    <time>2013-06-28T21:15:33Z</time>
    <name>CORALPATCH199</name>
    <cmt>CORAL AND PATCH REEF - CHUM HEAVY FOR SNAPPER, GROUPER - LIVE AND CUT BAIT</cmt>
    <desc>CORAL AND PATCH REEF - CHUM HEAVY FOR SNAPPER, GROUPER - LIVE AND CUT BAIT</desc>
    <sym>Pin, Blue</sym>
    <extensions>
      <gpxx:WaypointExtension xmlns:gpxx="http://www.garmin.com/xmlschemas/GpxExtensions/v3">
        <gpxx:Depth>5.4864000</gpxx:Depth>
        <gpxx:DisplayMode>SymbolOnly</gpxx:DisplayMode>
      </gpxx:WaypointExtension>
    </extensions>
  </wpt>

  <wpt lat="24.8251534" lon="-80.7176007">
    <time>2013-06-28T21:15:39Z</time>
    <name>CORALPATCH200</name>
    <cmt>CORAL AND PATCH REEF - CHUM HEAVY FOR SNAPPER, GROUPER - LIVE AND CUT BAIT</cmt>
    <desc>CORAL AND PATCH REEF - CHUM HEAVY FOR SNAPPER, GROUPER - LIVE AND CUT BAIT</desc>
    <sym>Pin, Blue</sym>
    <extensions>
      <gpxx:WaypointExtension xmlns:gpxx="http://www.garmin.com/xmlschemas/GpxExtensions/v3">
        <gpxx:Depth>5.4864000</gpxx:Depth>
        <gpxx:DisplayMode>SymbolOnly</gpxx:DisplayMode>
      </gpxx:WaypointExtension>
    </extensions>
  </wpt>

  <wpt lat="24.8316709" lon="-80.6494957">
    <time>2013-06-28T21:15:45Z</time>
    <name>CORALPATCH201</name>
    <cmt>CORAL AND PATCH REEF - CHUM HEAVY FOR SNAPPER, GROUPER - LIVE AND CUT BAIT</cmt>
    <desc>CORAL AND PATCH REEF - CHUM HEAVY FOR SNAPPER, GROUPER - LIVE AND CUT BAIT</desc>
    <sym>Pin, Blue</sym>
    <extensions>
      <gpxx:WaypointExtension xmlns:gpxx="http://www.garmin.com/xmlschemas/GpxExtensions/v3">
        <gpxx:Depth>9.1440000</gpxx:Depth>
        <gpxx:DisplayMode>SymbolOnly</gpxx:DisplayMode>
      </gpxx:WaypointExtension>
    </extensions>
  </wpt>

  <wpt lat="24.8212724" lon="-80.6516641">
    <time>2013-06-28T21:15:50Z</time>
    <name>CORALPATCH202</name>
    <cmt>CORAL AND PATCH REEF - CHUM HEAVY FOR SNAPPER, GROUPER - LIVE AND CUT BAIT</cmt>
    <desc>CORAL AND PATCH REEF - CHUM HEAVY FOR SNAPPER, GROUPER - LIVE AND CUT BAIT</desc>
    <sym>Pin, Blue</sym>
    <extensions>
      <gpxx:WaypointExtension xmlns:gpxx="http://www.garmin.com/xmlschemas/GpxExtensions/v3">
        <gpxx:Depth>18.2880000</gpxx:Depth>
        <gpxx:DisplayMode>SymbolOnly</gpxx:DisplayMode>
      </gpxx:WaypointExtension>
    </extensions>
  </wpt>

  <wpt lat="24.7964859" lon="-80.6870270">
    <time>2013-06-28T21:15:59Z</time>
    <name>CORALPATCH203</name>
    <cmt>CORAL AND PATCH REEF - CHUM HEAVY FOR SNAPPER, GROUPER - LIVE AND CUT BAIT</cmt>
    <desc>CORAL AND PATCH REEF - CHUM HEAVY FOR SNAPPER, GROUPER - LIVE AND CUT BAIT</desc>
    <sym>Pin, Blue</sym>
    <extensions>
      <gpxx:WaypointExtension xmlns:gpxx="http://www.garmin.com/xmlschemas/GpxExtensions/v3">
        <gpxx:Depth>18.2880000</gpxx:Depth>
        <gpxx:DisplayMode>SymbolOnly</gpxx:DisplayMode>
      </gpxx:WaypointExtension>
    </extensions>
  </wpt>

  <wpt lat="24.8647542" lon="-80.5589144">
    <time>2013-06-28T21:16:11Z</time>
    <name>CORALPATCH204</name>
    <cmt>CORAL AND PATCH REEF - CHUM HEAVY FOR SNAPPER, GROUPER - LIVE AND CUT BAIT</cmt>
    <desc>CORAL AND PATCH REEF - CHUM HEAVY FOR SNAPPER, GROUPER - LIVE AND CUT BAIT</desc>
    <sym>Pin, Blue</sym>
    <extensions>
      <gpxx:WaypointExtension xmlns:gpxx="http://www.garmin.com/xmlschemas/GpxExtensions/v3">
        <gpxx:DisplayMode>SymbolOnly</gpxx:DisplayMode>
      </gpxx:WaypointExtension>
    </extensions>
  </wpt>

  <wpt lat="24.9051043" lon="-80.5871188">
    <time>2013-06-28T21:16:22Z</time>
    <name>CORALPATCH205</name>
    <cmt>CORAL AND PATCH REEF - CHUM HEAVY FOR SNAPPER, GROUPER - LIVE AND CUT BAIT</cmt>
    <desc>CORAL AND PATCH REEF - CHUM HEAVY FOR SNAPPER, GROUPER - LIVE AND CUT BAIT</desc>
    <sym>Pin, Blue</sym>
    <extensions>
      <gpxx:WaypointExtension xmlns:gpxx="http://www.garmin.com/xmlschemas/GpxExtensions/v3">
        <gpxx:Depth>3.6576000</gpxx:Depth>
        <gpxx:DisplayMode>SymbolOnly</gpxx:DisplayMode>
      </gpxx:WaypointExtension>
    </extensions>
  </wpt>

  <wpt lat="24.9147800" lon="-80.5512566">
    <time>2013-06-28T21:16:28Z</time>
    <name>CORALPATCH206</name>
    <cmt>CORAL AND PATCH REEF - CHUM HEAVY FOR SNAPPER, GROUPER - LIVE AND CUT BAIT</cmt>
    <desc>CORAL AND PATCH REEF - CHUM HEAVY FOR SNAPPER, GROUPER - LIVE AND CUT BAIT</desc>
    <sym>Pin, Blue</sym>
    <extensions>
      <gpxx:WaypointExtension xmlns:gpxx="http://www.garmin.com/xmlschemas/GpxExtensions/v3">
        <gpxx:Depth>5.4864000</gpxx:Depth>
        <gpxx:DisplayMode>SymbolOnly</gpxx:DisplayMode>
      </gpxx:WaypointExtension>
    </extensions>
  </wpt>

  <wpt lat="24.9094216" lon="-80.5287901">
    <time>2013-06-28T21:16:36Z</time>
    <name>CORALPATCH207</name>
    <cmt>CORAL AND PATCH REEF - CHUM HEAVY FOR SNAPPER, GROUPER - LIVE AND CUT BAIT</cmt>
    <desc>CORAL AND PATCH REEF - CHUM HEAVY FOR SNAPPER, GROUPER - LIVE AND CUT BAIT</desc>
    <sym>Pin, Blue</sym>
    <extensions>
      <gpxx:WaypointExtension xmlns:gpxx="http://www.garmin.com/xmlschemas/GpxExtensions/v3">
        <gpxx:Depth>3.6576000</gpxx:Depth>
        <gpxx:DisplayMode>SymbolOnly</gpxx:DisplayMode>
      </gpxx:WaypointExtension>
    </extensions>
  </wpt>

  <wpt lat="24.8925329" lon="-80.5787269">
    <time>2013-06-28T21:16:44Z</time>
    <name>CORALPATCH208</name>
    <cmt>CORAL AND PATCH REEF - CHUM HEAVY FOR SNAPPER, GROUPER - LIVE AND CUT BAIT</cmt>
    <desc>CORAL AND PATCH REEF - CHUM HEAVY FOR SNAPPER, GROUPER - LIVE AND CUT BAIT</desc>
    <sym>Pin, Blue</sym>
    <extensions>
      <gpxx:WaypointExtension xmlns:gpxx="http://www.garmin.com/xmlschemas/GpxExtensions/v3">
        <gpxx:Depth>3.6576000</gpxx:Depth>
        <gpxx:DisplayMode>SymbolOnly</gpxx:DisplayMode>
      </gpxx:WaypointExtension>
    </extensions>
  </wpt>

  <wpt lat="24.9928568" lon="-80.4609202">
    <time>2013-06-28T21:17:02Z</time>
    <name>CORALPATCH209</name>
    <cmt>CORAL AND PATCH REEF - CHUM HEAVY FOR SNAPPER, GROUPER - LIVE AND CUT BAIT</cmt>
    <desc>CORAL AND PATCH REEF - CHUM HEAVY FOR SNAPPER, GROUPER - LIVE AND CUT BAIT</desc>
    <sym>Pin, Blue</sym>
    <extensions>
      <gpxx:WaypointExtension xmlns:gpxx="http://www.garmin.com/xmlschemas/GpxExtensions/v3">
        <gpxx:Depth>5.4864000</gpxx:Depth>
        <gpxx:DisplayMode>SymbolOnly</gpxx:DisplayMode>
      </gpxx:WaypointExtension>
    </extensions>
  </wpt>

  <wpt lat="24.9730396" lon="-80.4309367">
    <time>2013-06-28T21:17:16Z</time>
    <name>CORALPATCH210</name>
    <cmt>CORAL AND PATCH REEF - CHUM HEAVY FOR SNAPPER, GROUPER - LIVE AND CUT BAIT</cmt>
    <desc>CORAL AND PATCH REEF - CHUM HEAVY FOR SNAPPER, GROUPER - LIVE AND CUT BAIT</desc>
    <sym>Pin, Blue</sym>
    <extensions>
      <gpxx:WaypointExtension xmlns:gpxx="http://www.garmin.com/xmlschemas/GpxExtensions/v3">
        <gpxx:Depth>9.1440000</gpxx:Depth>
        <gpxx:DisplayMode>SymbolOnly</gpxx:DisplayMode>
      </gpxx:WaypointExtension>
    </extensions>
  </wpt>

  <wpt lat="24.9717074" lon="-80.4593389">
    <time>2013-06-28T21:17:24Z</time>
    <name>CORALPATCH211</name>
    <cmt>CORAL AND PATCH REEF - CHUM HEAVY FOR SNAPPER, GROUPER - LIVE AND CUT BAIT</cmt>
    <desc>CORAL AND PATCH REEF - CHUM HEAVY FOR SNAPPER, GROUPER - LIVE AND CUT BAIT</desc>
    <sym>Pin, Blue</sym>
    <extensions>
      <gpxx:WaypointExtension xmlns:gpxx="http://www.garmin.com/xmlschemas/GpxExtensions/v3">
        <gpxx:Depth>3.6576000</gpxx:Depth>
        <gpxx:DisplayMode>SymbolOnly</gpxx:DisplayMode>
      </gpxx:WaypointExtension>
    </extensions>
  </wpt>

  <wpt lat="24.9777516" lon="-80.4922116">
    <time>2013-06-28T21:17:32Z</time>
    <name>CORALPATCH212</name>
    <cmt>CORAL AND PATCH REEF - CHUM HEAVY FOR SNAPPER, GROUPER - LIVE AND CUT BAIT</cmt>
    <desc>CORAL AND PATCH REEF - CHUM HEAVY FOR SNAPPER, GROUPER - LIVE AND CUT BAIT</desc>
    <sym>Pin, Blue</sym>
    <extensions>
      <gpxx:WaypointExtension xmlns:gpxx="http://www.garmin.com/xmlschemas/GpxExtensions/v3">
        <gpxx:Depth>5.4864000</gpxx:Depth>
        <gpxx:DisplayMode>SymbolOnly</gpxx:DisplayMode>
      </gpxx:WaypointExtension>
    </extensions>
  </wpt>

  <wpt lat="24.9658298" lon="-80.4408646">
    <time>2013-06-28T21:17:39Z</time>
    <name>CORALPATCH213</name>
    <cmt>CORAL AND PATCH REEF - CHUM HEAVY FOR SNAPPER, GROUPER - LIVE AND CUT BAIT</cmt>
    <desc>CORAL AND PATCH REEF - CHUM HEAVY FOR SNAPPER, GROUPER - LIVE AND CUT BAIT</desc>
    <sym>Pin, Blue</sym>
    <extensions>
      <gpxx:WaypointExtension xmlns:gpxx="http://www.garmin.com/xmlschemas/GpxExtensions/v3">
        <gpxx:DisplayMode>SymbolOnly</gpxx:DisplayMode>
      </gpxx:WaypointExtension>
    </extensions>
  </wpt>

  <wpt lat="24.4654369" lon="-81.9860744">
    <time>2013-06-28T21:06:21Z</time>
    <name>CORALWRECK2</name>
    <cmt>Wreck</cmt>
    <desc>Wreck</desc>
    <sym>Pin, Red</sym>
    <extensions>
      <gpxx:WaypointExtension xmlns:gpxx="http://www.garmin.com/xmlschemas/GpxExtensions/v3">
        <gpxx:DisplayMode>SymbolOnly</gpxx:DisplayMode>
      </gpxx:WaypointExtension>
    </extensions>
  </wpt>

  <wpt lat="24.4581413" lon="-82.1657181">
    <time>2013-06-28T21:06:38Z</time>
    <name>CORALWRECK3</name>
    <cmt>Wreck</cmt>
    <desc>Wreck</desc>
    <sym>Pin, Red</sym>
    <extensions>
      <gpxx:WaypointExtension xmlns:gpxx="http://www.garmin.com/xmlschemas/GpxExtensions/v3">
        <gpxx:DisplayMode>SymbolOnly</gpxx:DisplayMode>
      </gpxx:WaypointExtension>
    </extensions>
  </wpt>

  <wpt lat="24.4583988" lon="-81.8049717">
    <time>2013-06-28T20:58:52Z</time>
    <name>CORALWRECKA</name>
    <cmt>Wk in 110.0 ft</cmt>
    <desc>Wk in 110.0 ft</desc>
    <sym>Pin, Red</sym>
    <extensions>
      <gpxx:WaypointExtension xmlns:gpxx="http://www.garmin.com/xmlschemas/GpxExtensions/v3">
        <gpxx:DisplayMode>SymbolOnly</gpxx:DisplayMode>
      </gpxx:WaypointExtension>
    </extensions>
  </wpt>

  <wpt lat="24.4666666" lon="-82.1850000">
    <name>COSGROVE</name>
    <cmt>Cosgrove lIve  bottom area</cmt>
    <desc>Cosgrove lIve  bottom area</desc>
    <sym>Fishing Area</sym>
    <extensions>
      <gpxx:WaypointExtension xmlns:gpxx="http://www.garmin.com/xmlschemas/GpxExtensions/v3">
        <gpxx:DisplayMode>SymbolOnly</gpxx:DisplayMode>
      </gpxx:WaypointExtension>
    </extensions>
  </wpt>

  <wpt lat="24.4480000" lon="-82.1700000">
    <time>2012-06-11T10:32:20Z</time>
    <name>coshump</name>
    <cmt>Humps - Good Fishing on bottom and trolling. Good Spot in general</cmt>
    <desc>Humps - Good Fishing on bottom and trolling. Good Spot in general</desc>
    <sym>Fishing Area</sym>
    <extensions>
      <gpxx:WaypointExtension xmlns:gpxx="http://www.garmin.com/xmlschemas/GpxExtensions/v3">
        <gpxx:DisplayMode>SymbolOnly</gpxx:DisplayMode>
      </gpxx:WaypointExtension>
    </extensions>
  </wpt>

  <wpt lat="24.6590385" lon="-81.5272643">
    <time>2013-02-21T18:44:46Z</time>
    <name>CUDJOE</name>
    <cmt>CUDJOE</cmt>
    <desc>CUDJOE</desc>
    <sym>Fishing Area</sym>
    <extensions>
      <gpxx:WaypointExtension xmlns:gpxx="http://www.garmin.com/xmlschemas/GpxExtensions/v3">
        <gpxx:DisplayMode>SymbolOnly</gpxx:DisplayMode>
      </gpxx:WaypointExtension>
    </extensions>
  </wpt>

  <wpt lat="24.9232830" lon="-80.5088670">
    <name>DAVIS REEF</name>
    <cmt> 4 REEFBALLS</cmt>
    <desc> 4 REEFBALLS</desc>
    <sym>Fishing Area</sym>
    <extensions>
      <gpxx:WaypointExtension xmlns:gpxx="http://www.garmin.com/xmlschemas/GpxExtensions/v3">
        <gpxx:DisplayMode>SymbolOnly</gpxx:DisplayMode>
      </gpxx:WaypointExtension>
    </extensions>
  </wpt>

  <wpt lat="25.0663376" lon="-80.3110886">
    <time>2012-10-02T19:47:53Z</time>
    <name>DIXIE WRECK 2</name>
    <cmt>GOOD BOTTOM LEFT OVER FROM OLD WRECK</cmt>
    <desc>GOOD BOTTOM LEFT OVER FROM OLD WRECK</desc>
    <sym>Pin, Red</sym>
    <extensions>
      <gpxx:WaypointExtension xmlns:gpxx="http://www.garmin.com/xmlschemas/GpxExtensions/v3">
        <gpxx:DisplayMode>SymbolOnly</gpxx:DisplayMode>
      </gpxx:WaypointExtension>
    </extensions>
  </wpt>

  <wpt lat="25.0657167" lon="-80.3103000">
    <name>DIXIESHOAL2</name>
    <cmt>GROUPER</cmt>
    <desc>GROUPER</desc>
    <sym>Fishing Area</sym>
    <extensions>
      <gpxx:WaypointExtension xmlns:gpxx="http://www.garmin.com/xmlschemas/GpxExtensions/v3">
        <gpxx:DisplayMode>SymbolOnly</gpxx:DisplayMode>
      </gpxx:WaypointExtension>
    </extensions>
  </wpt>

  <wpt lat="25.0623200" lon="-80.3280300">
    <name>DixieShoalA</name>
    <cmt>GOOD Y-TAIL AND MANGROVE SNAPPER FISHING - CHUM HEAVY, FISH A LIVE FLAT LINE FOR MACKEREL</cmt>
    <desc>GOOD Y-TAIL AND MANGROVE SNAPPER FISHING - CHUM HEAVY, FISH A LIVE FLAT LINE FOR MACKEREL</desc>
    <sym>Fishing Area</sym>
    <extensions>
      <gpxx:WaypointExtension xmlns:gpxx="http://www.garmin.com/xmlschemas/GpxExtensions/v3">
        <gpxx:DisplayMode>SymbolOnly</gpxx:DisplayMode>
      </gpxx:WaypointExtension>
    </extensions>
  </wpt>

  <wpt lat="24.3393015" lon="-81.7026204">
    <time>2012-06-11T10:47:31Z</time>
    <name>DOLPHIN3</name>
    <cmt>Mahi and Sailfish - Wahoo on 12=12=2009</cmt>
    <desc>Mahi and Sailfish - Wahoo on 12=12=2009</desc>
    <sym>Fishing Area</sym>
    <extensions>
      <gpxx:WaypointExtension xmlns:gpxx="http://www.garmin.com/xmlschemas/GpxExtensions/v3">
        <gpxx:Depth>182.9104800</gpxx:Depth>
        <gpxx:DisplayMode>SymbolOnly</gpxx:DisplayMode>
      </gpxx:WaypointExtension>
    </extensions>
  </wpt>

  <wpt lat="24.4868401" lon="-81.6341174">
    <time>2012-06-11T10:40:52Z</time>
    <name>DOLPHINi22</name>
    <cmt>Dolphin on the ledge</cmt>
    <desc>Dolphin on the ledge</desc>
    <sym>Fishing Area</sym>
    <extensions>
      <gpxx:WaypointExtension xmlns:gpxx="http://www.garmin.com/xmlschemas/GpxExtensions/v3">
        <gpxx:Depth>30.4800000</gpxx:Depth>
        <gpxx:DisplayMode>SymbolOnly</gpxx:DisplayMode>
      </gpxx:WaypointExtension>
    </extensions>
  </wpt>

  <wpt lat="24.4528198" lon="-81.9147491">
    <time>2012-06-11T10:49:50Z</time>
    <name>DRYROCK</name>
    <cmt>Wreck</cmt>
    <desc>Wreck</desc>
    <sym>Pin, Red</sym>
    <extensions>
      <gpxx:WaypointExtension xmlns:gpxx="http://www.garmin.com/xmlschemas/GpxExtensions/v3">
        <gpxx:DisplayMode>SymbolOnly</gpxx:DisplayMode>
      </gpxx:WaypointExtension>
    </extensions>
  </wpt>

  <wpt lat="24.9903767" lon="-80.3819169">
    <time>2013-06-28T20:04:17Z</time>
    <name>DUANE WRK</name>
    <cmt>327 FT USCG CUTTER</cmt>
    <desc>327 FT USCG CUTTER</desc>
    <sym>Pin, Red</sym>
    <extensions>
      <gpxx:WaypointExtension xmlns:gpxx="http://www.garmin.com/xmlschemas/GpxExtensions/v3">
        <gpxx:DisplayMode>SymbolOnly</gpxx:DisplayMode>
      </gpxx:WaypointExtension>
    </extensions>
  </wpt>

  <wpt lat="24.4320470" lon="-81.4117221">
    <time>2012-06-11T10:48:33Z</time>
    <name>DUMPSITE3</name>
    <cmt>Good Trolling</cmt>
    <desc>Good Trolling</desc>
    <sym>Fishing Area</sym>
    <extensions>
      <gpxx:WaypointExtension xmlns:gpxx="http://www.garmin.com/xmlschemas/GpxExtensions/v3">
        <gpxx:DisplayMode>SymbolOnly</gpxx:DisplayMode>
      </gpxx:WaypointExtension>
    </extensions>
  </wpt>

  <wpt lat="24.8696670" lon="-80.5701670">
    <name>EAGLEWRECK</name>
    <cmt>287 FOOT FREIGHTER</cmt>
    <desc>287 FOOT FREIGHTER</desc>
    <sym>Pin, Red</sym>
    <extensions>
      <gpxx:WaypointExtension xmlns:gpxx="http://www.garmin.com/xmlschemas/GpxExtensions/v3">
        <gpxx:DisplayMode>SymbolOnly</gpxx:DisplayMode>
      </gpxx:WaypointExtension>
    </extensions>
  </wpt>

  <wpt lat="24.4624999" lon="-81.8416667">
    <name>EAST DRY ROCK</name>
    <cmt>East Dry Rock area</cmt>
    <desc>East Dry Rock area</desc>
    <sym>Fishing Area</sym>
    <extensions>
      <gpxx:WaypointExtension xmlns:gpxx="http://www.garmin.com/xmlschemas/GpxExtensions/v3">
        <gpxx:DisplayMode>SymbolOnly</gpxx:DisplayMode>
      </gpxx:WaypointExtension>
    </extensions>
  </wpt>

  <wpt lat="24.4916666" lon="-81.6641666">
    <name>EASTSAMBO</name>
    <cmt>Live Bottom coral reef area - good fishing</cmt>
    <desc>Live Bottom coral reef area - good fishing</desc>
    <sym>Fishing Area</sym>
    <extensions>
      <gpxx:WaypointExtension xmlns:gpxx="http://www.garmin.com/xmlschemas/GpxExtensions/v3">
        <gpxx:DisplayMode>SymbolOnly</gpxx:DisplayMode>
      </gpxx:WaypointExtension>
    </extensions>
  </wpt>

  <wpt lat="24.5004325" lon="-82.9998443">
    <time>2000-01-01T05:00:00Z</time>
    <name>EJ BULLOC</name>
    <cmt>WRECK AND NATURAL REEF IN AREA, FISHING CAN BE GOOD HERE</cmt>
    <desc>WRECK AND NATURAL REEF IN AREA, FISHING CAN BE GOOD HERE</desc>
    <sym>Pin, Red</sym>
    <extensions>
      <gpxx:WaypointExtension xmlns:gpxx="http://www.garmin.com/xmlschemas/GpxExtensions/v3">
        <gpxx:DisplayMode>SymbolOnly</gpxx:DisplayMode>
      </gpxx:WaypointExtension>
    </extensions>
  </wpt>

  <wpt lat="24.9354126" lon="-80.4681141">
    <time>2000-01-01T05:00:00Z</time>
    <name>ELINFANTE</name>
    <cmt>WRECK WITH SCATTERED BOTTOM IN AREA</cmt>
    <desc>WRECK WITH SCATTERED BOTTOM IN AREA</desc>
    <sym>Pin, Red</sym>
    <extensions>
      <gpxx:WaypointExtension xmlns:gpxx="http://www.garmin.com/xmlschemas/GpxExtensions/v3">
        <gpxx:DisplayMode>SymbolOnly</gpxx:DisplayMode>
      </gpxx:WaypointExtension>
    </extensions>
  </wpt>

  <wpt lat="25.1179564" lon="-80.3393143">
    <time>2018-02-03T20:38:08Z</time>
    <name>FAREAPATCH</name>
    <cmt>anhor in 12 14 ft chum fish use two chum blocks incoming or ebb tide mangrove ytail grouper</cmt>
    <desc>anhor in 12 14 ft chum fish use two chum blocks incoming or ebb tide mangrove ytail grouper</desc>
    <sym>Flag, Green</sym>
    <extensions>
      <gpxx:WaypointExtension xmlns:gpxx="http://www.garmin.com/xmlschemas/GpxExtensions/v3">
        <gpxx:DisplayMode>SymbolOnly</gpxx:DisplayMode>
      </gpxx:WaypointExtension>
    </extensions>
  </wpt>

  <wpt lat="24.8883544" lon="-80.4496014">
    <name>FL ISLA IN</name>
    <cmt>inside hump, blue water</cmt>
    <desc>inside hump, blue water</desc>
    <sym>Flag, Green</sym>
    <extensions>
      <gpxx:WaypointExtension xmlns:gpxx="http://www.garmin.com/xmlschemas/GpxExtensions/v3">
        <gpxx:Depth>87.9348000</gpxx:Depth>
        <gpxx:DisplayMode>SymbolOnly</gpxx:DisplayMode>
      </gpxx:WaypointExtension>
    </extensions>
  </wpt>

  <wpt lat="24.6270922" lon="-82.7098345">
    <time>2000-01-01T05:00:00Z</time>
    <name>FLINTSTONE</name>
    <cmt>OLD WRECK, HOLDS FISH ON OCCASION</cmt>
    <desc>OLD WRECK, HOLDS FISH ON OCCASION</desc>
    <sym>Pin, Red</sym>
    <extensions>
      <gpxx:WaypointExtension xmlns:gpxx="http://www.garmin.com/xmlschemas/GpxExtensions/v3">
        <gpxx:DisplayMode>SymbolOnly</gpxx:DisplayMode>
      </gpxx:WaypointExtension>
    </extensions>
  </wpt>

  <wpt lat="24.5112010" lon="-81.5717118">
    <time>2012-06-11T10:44:30Z</time>
    <name>FLKEY6</name>
    <cmt>Bottom Fishing Snapper Grouper</cmt>
    <desc>Bottom Fishing Snapper Grouper</desc>
    <sym>Fishing Area</sym>
    <extensions>
      <gpxx:WaypointExtension xmlns:gpxx="http://www.garmin.com/xmlschemas/GpxExtensions/v3">
        <gpxx:Depth>5.4864000</gpxx:Depth>
        <gpxx:DisplayMode>SymbolOnly</gpxx:DisplayMode>
      </gpxx:WaypointExtension>
    </extensions>
  </wpt>

  <wpt lat="24.4376667" lon="-82.3750000">
    <time>2012-06-11T10:27:20Z</time>
    <name>FLKEYNorth</name>
    <cmt>Note: TUNA, YELLOWTAIL, RED GROUPER, SILKY SNAPPER, CERO MACKEREL, KINGFISH, SAILFISH</cmt>
    <desc>Note: TUNA, YELLOWTAIL, RED GROUPER, SILKY SNAPPER, CERO MACKEREL, KINGFISH, SAILFISH</desc>
    <sym>Fishing Area</sym>
    <extensions>
      <gpxx:WaypointExtension xmlns:gpxx="http://www.garmin.com/xmlschemas/GpxExtensions/v3">
        <gpxx:DisplayMode>SymbolOnly</gpxx:DisplayMode>
      </gpxx:WaypointExtension>
    </extensions>
  </wpt>

  <wpt lat="24.5215311" lon="-81.5848653">
    <time>2012-06-11T10:43:48Z</time>
    <name>FLKEYS2</name>
    <cmt>Bottom Fishing for Smapper Grouper</cmt>
    <desc>Bottom Fishing for Smapper Grouper</desc>
    <sym>Fishing Area</sym>
    <extensions>
      <gpxx:WaypointExtension xmlns:gpxx="http://www.garmin.com/xmlschemas/GpxExtensions/v3">
        <gpxx:Depth>5.4864000</gpxx:Depth>
        <gpxx:DisplayMode>SymbolOnly</gpxx:DisplayMode>
      </gpxx:WaypointExtension>
    </extensions>
  </wpt>

  <wpt lat="24.4548798" lon="-82.1063232">
    <time>2012-06-11T10:50:23Z</time>
    <name>FLKEYS47</name>
    <cmt>Good Bottom Fishing snapper Grouper</cmt>
    <desc>Good Bottom Fishing snapper Grouper</desc>
    <sym>Fishing Area</sym>
    <extensions>
      <gpxx:WaypointExtension xmlns:gpxx="http://www.garmin.com/xmlschemas/GpxExtensions/v3">
        <gpxx:DisplayMode>SymbolOnly</gpxx:DisplayMode>
      </gpxx:WaypointExtension>
    </extensions>
  </wpt>

  <wpt lat="24.4590000" lon="-81.5537000">
    <name>FREDTWRK</name>
    <cmt>391 FT FLETCHER DESTROYER</cmt>
    <desc>391 FT FLETCHER DESTROYER</desc>
    <sym>Pin, Red</sym>
    <extensions>
      <gpxx:WaypointExtension xmlns:gpxx="http://www.garmin.com/xmlschemas/GpxExtensions/v3">
        <gpxx:DisplayMode>SymbolOnly</gpxx:DisplayMode>
      </gpxx:WaypointExtension>
    </extensions>
  </wpt>

  <wpt lat="25.0343000" lon="-80.3483300">
    <name>FrenchReef</name>
    <sym>Fishing Area</sym>
    <extensions>
      <gpxx:WaypointExtension xmlns:gpxx="http://www.garmin.com/xmlschemas/GpxExtensions/v3">
        <gpxx:DisplayMode>SymbolOnly</gpxx:DisplayMode>
      </gpxx:WaypointExtension>
    </extensions>
  </wpt>

  <wpt lat="25.0373358" lon="-80.3437739">
    <time>2013-06-28T19:53:12Z</time>
    <name>FrenchReef9</name>
    <sym>Fishing Area</sym>
    <extensions>
      <gpxx:WaypointExtension xmlns:gpxx="http://www.garmin.com/xmlschemas/GpxExtensions/v3">
        <gpxx:DisplayMode>SymbolOnly</gpxx:DisplayMode>
      </gpxx:WaypointExtension>
    </extensions>
  </wpt>

  <wpt lat="25.0404681" lon="-80.3450069">
    <time>2013-06-28T19:53:00Z</time>
    <name>FrenchReefA</name>
    <cmt>GOOD Y-TAIL AND MANGROVE SNAPPER FISHING - CHUM HEAVY, FISH A LIVE FLAT LINE FOR MACKEREL</cmt>
    <desc>GOOD Y-TAIL AND MANGROVE SNAPPER FISHING - CHUM HEAVY, FISH A LIVE FLAT LINE FOR MACKEREL</desc>
    <sym>Fishing Area</sym>
    <extensions>
      <gpxx:WaypointExtension xmlns:gpxx="http://www.garmin.com/xmlschemas/GpxExtensions/v3">
        <gpxx:DisplayMode>SymbolOnly</gpxx:DisplayMode>
      </gpxx:WaypointExtension>
    </extensions>
  </wpt>

  <wpt lat="25.0373139" lon="-80.3454903">
    <time>2013-06-28T19:53:06Z</time>
    <name>FrenchReefE</name>
    <sym>Fishing Area</sym>
    <extensions>
      <gpxx:WaypointExtension xmlns:gpxx="http://www.garmin.com/xmlschemas/GpxExtensions/v3">
        <gpxx:DisplayMode>SymbolOnly</gpxx:DisplayMode>
      </gpxx:WaypointExtension>
    </extensions>
  </wpt>

  <wpt lat="25.0366700" lon="-80.3438300">
    <name>FrenchReefNE</name>
    <sym>Fishing Area</sym>
    <extensions>
      <gpxx:WaypointExtension xmlns:gpxx="http://www.garmin.com/xmlschemas/GpxExtensions/v3">
        <gpxx:DisplayMode>SymbolOnly</gpxx:DisplayMode>
      </gpxx:WaypointExtension>
    </extensions>
  </wpt>

  <wpt lat="25.0390662" lon="-80.3543872">
    <time>2013-06-28T19:53:28Z</time>
    <name>FrenchReefNW</name>
    <cmt>GOOD Y-TAIL AND MANGROVE SNAPPER FISHING - CHUM HEAVY, FISH A LIVE FLAT LINE FOR MACKEREL</cmt>
    <desc>GOOD Y-TAIL AND MANGROVE SNAPPER FISHING - CHUM HEAVY, FISH A LIVE FLAT LINE FOR MACKEREL</desc>
    <sym>Fishing Area</sym>
    <extensions>
      <gpxx:WaypointExtension xmlns:gpxx="http://www.garmin.com/xmlschemas/GpxExtensions/v3">
        <gpxx:DisplayMode>SymbolOnly</gpxx:DisplayMode>
      </gpxx:WaypointExtension>
    </extensions>
  </wpt>

  <wpt lat="25.0302059" lon="-80.3500596">
    <time>2013-06-28T19:54:04Z</time>
    <name>FrenchReefSW</name>
    <cmt>GOOD Y-TAIL AND MANGROVE SNAPPER FISHING - CHUM HEAVY, FISH A LIVE FLAT LINE FOR MACKEREL</cmt>
    <desc>GOOD Y-TAIL AND MANGROVE SNAPPER FISHING - CHUM HEAVY, FISH A LIVE FLAT LINE FOR MACKEREL</desc>
    <sym>Fishing Area</sym>
    <extensions>
      <gpxx:WaypointExtension xmlns:gpxx="http://www.garmin.com/xmlschemas/GpxExtensions/v3">
        <gpxx:DisplayMode>SymbolOnly</gpxx:DisplayMode>
      </gpxx:WaypointExtension>
    </extensions>
  </wpt>

  <wpt lat="24.9000298" lon="-80.6027309">
    <name>GRASSPATCH G</name>
    <cmt>live bottom or lobster</cmt>
    <desc>live bottom or lobster</desc>
    <sym>Flag, Green</sym>
    <extensions>
      <gpxx:WaypointExtension xmlns:gpxx="http://www.garmin.com/xmlschemas/GpxExtensions/v3">
        <gpxx:Depth>5.6692800</gpxx:Depth>
        <gpxx:DisplayMode>SymbolOnly</gpxx:DisplayMode>
      </gpxx:WaypointExtension>
    </extensions>
  </wpt>

  <wpt lat="24.9422085" lon="-80.4976856">
    <name>GRASSPATCH H1</name>
    <cmt>live bottom grass and reef</cmt>
    <desc>live bottom grass and reef</desc>
    <sym>Flag, Green</sym>
    <extensions>
      <gpxx:WaypointExtension xmlns:gpxx="http://www.garmin.com/xmlschemas/GpxExtensions/v3">
        <gpxx:Depth>6.5227200</gpxx:Depth>
        <gpxx:DisplayMode>SymbolOnly</gpxx:DisplayMode>
      </gpxx:WaypointExtension>
    </extensions>
  </wpt>

  <wpt lat="24.9855167" lon="-80.3897833">
    <name>GROUPER 3</name>
    <cmt>GROUPER IN 94 FT DRIFT OR ANCHOR AND CHUM HEAVY</cmt>
    <desc>GROUPER IN 94 FT DRIFT OR ANCHOR AND CHUM HEAVY</desc>
    <sym>Fishing Area</sym>
    <extensions>
      <gpxx:WaypointExtension xmlns:gpxx="http://www.garmin.com/xmlschemas/GpxExtensions/v3">
        <gpxx:DisplayMode>SymbolOnly</gpxx:DisplayMode>
      </gpxx:WaypointExtension>
    </extensions>
  </wpt>

  <wpt lat="24.9086500" lon="-80.5070834">
    <name>GROUPER 5</name>
    <cmt>GROUPER IN 99 FEET DRIFT THEN ANCHOR AND CHUM</cmt>
    <desc>GROUPER IN 99 FEET DRIFT THEN ANCHOR AND CHUM</desc>
    <sym>Fishing Area</sym>
    <extensions>
      <gpxx:WaypointExtension xmlns:gpxx="http://www.garmin.com/xmlschemas/GpxExtensions/v3">
        <gpxx:DisplayMode>SymbolOnly</gpxx:DisplayMode>
      </gpxx:WaypointExtension>
    </extensions>
  </wpt>

  <wpt lat="24.9232500" lon="-80.4906833">
    <name>GROUPER DROP</name>
    <cmt>GROUPER ON DROP OFF HERE DRIFT OR ANCHOR AND CHUM</cmt>
    <desc>GROUPER ON DROP OFF HERE DRIFT OR ANCHOR AND CHUM</desc>
    <sym>Fishing Area</sym>
    <extensions>
      <gpxx:WaypointExtension xmlns:gpxx="http://www.garmin.com/xmlschemas/GpxExtensions/v3">
        <gpxx:DisplayMode>SymbolOnly</gpxx:DisplayMode>
      </gpxx:WaypointExtension>
    </extensions>
  </wpt>

  <wpt lat="25.0459000" lon="-80.3309667">
    <name>GROUPER II</name>
    <cmt>WRECK WITH GROUPER AND OTHER</cmt>
    <desc>WRECK WITH GROUPER AND OTHER</desc>
    <sym>Flag, Green</sym>
    <extensions>
      <gpxx:WaypointExtension xmlns:gpxx="http://www.garmin.com/xmlschemas/GpxExtensions/v3">
        <gpxx:DisplayMode>SymbolOnly</gpxx:DisplayMode>
      </gpxx:WaypointExtension>
    </extensions>
  </wpt>

  <wpt lat="24.8879500" lon="-80.5361000">
    <name>GROUPER S</name>
    <cmt>WRECK FISHING FOR GROUPER</cmt>
    <desc>WRECK FISHING FOR GROUPER</desc>
    <sym>Flag, Green</sym>
    <extensions>
      <gpxx:WaypointExtension xmlns:gpxx="http://www.garmin.com/xmlschemas/GpxExtensions/v3">
        <gpxx:DisplayMode>SymbolOnly</gpxx:DisplayMode>
      </gpxx:WaypointExtension>
    </extensions>
  </wpt>

  <wpt lat="24.4487833" lon="-82.2889166">
    <name>HANNON CAN</name>
    <cmt>KEVIN HANNON</cmt>
    <desc>KEVIN HANNON</desc>
    <sym>Fishing Area</sym>
    <extensions>
      <gpxx:WaypointExtension xmlns:gpxx="http://www.garmin.com/xmlschemas/GpxExtensions/v3">
        <gpxx:Depth>1.6371613</gpxx:Depth>
        <gpxx:DisplayMode>SymbolOnly</gpxx:DisplayMode>
      </gpxx:WaypointExtension>
    </extensions>
  </wpt>

  <wpt lat="24.6216823" lon="-81.2443477">
    <time>2012-06-11T11:37:57Z</time>
    <name>HAWKS15</name>
    <cmt>Hawks Channel Troll and bottom fish</cmt>
    <desc>Hawks Channel Troll and bottom fish</desc>
    <sym>Fishing Area</sym>
    <extensions>
      <gpxx:WaypointExtension xmlns:gpxx="http://www.garmin.com/xmlschemas/GpxExtensions/v3">
        <gpxx:Depth>9.1440000</gpxx:Depth>
        <gpxx:DisplayMode>SymbolOnly</gpxx:DisplayMode>
      </gpxx:WaypointExtension>
    </extensions>
  </wpt>

  <wpt lat="24.9545663" lon="-80.5123377">
    <time>2018-02-03T20:47:12Z</time>
    <name>hawkspatch</name>
    <cmt>anhor chum bottom fish in fish use two chum blocks incoming or ebb tide mangrove ytail grouper</cmt>
    <desc>anhor chum bottom fish in fish use two chum blocks incoming or ebb tide mangrove ytail grouper</desc>
    <sym>Flag, Green</sym>
    <extensions>
      <gpxx:WaypointExtension xmlns:gpxx="http://www.garmin.com/xmlschemas/GpxExtensions/v3">
        <gpxx:DisplayMode>SymbolOnly</gpxx:DisplayMode>
      </gpxx:WaypointExtension>
    </extensions>
  </wpt>

  <wpt lat="24.6004187" lon="-83.5331710">
    <time>2000-01-01T05:00:00Z</time>
    <name>HERMISWRECK</name>
    <cmt>DEEP WATER WRECK</cmt>
    <desc>DEEP WATER WRECK</desc>
    <sym>Pin, Red</sym>
    <extensions>
      <gpxx:WaypointExtension xmlns:gpxx="http://www.garmin.com/xmlschemas/GpxExtensions/v3">
        <gpxx:DisplayMode>SymbolOnly</gpxx:DisplayMode>
      </gpxx:WaypointExtension>
    </extensions>
  </wpt>

  <wpt lat="24.6670915" lon="-81.0664584">
    <time>2000-01-01T05:00:00Z</time>
    <name>HHCONWAY</name>
    <cmt>OLD WRECK AND SCATTERED BOTTOM</cmt>
    <desc>OLD WRECK AND SCATTERED BOTTOM</desc>
    <sym>Pin, Red</sym>
    <extensions>
      <gpxx:WaypointExtension xmlns:gpxx="http://www.garmin.com/xmlschemas/GpxExtensions/v3">
        <gpxx:DisplayMode>SymbolOnly</gpxx:DisplayMode>
      </gpxx:WaypointExtension>
    </extensions>
  </wpt>

  <wpt lat="24.5749314" lon="-82.5806209">
    <time>2012-08-02T09:50:59Z</time>
    <name>honey1</name>
    <cmt>HONEY HOLE FOR TROLLING AND FOR BOTTOM FISHING - CHUM HARD, SNAPPER GROYUPER</cmt>
    <desc>HONEY HOLE FOR TROLLING AND FOR BOTTOM FISHING - CHUM HARD, SNAPPER GROYUPER</desc>
    <sym>Fishing Area</sym>
    <extensions>
      <gpxx:WaypointExtension xmlns:gpxx="http://www.garmin.com/xmlschemas/GpxExtensions/v3">
        <gpxx:DisplayMode>SymbolOnly</gpxx:DisplayMode>
      </gpxx:WaypointExtension>
    </extensions>
  </wpt>

  <wpt lat="24.8047868" lon="-80.4401080">
    <name>HUMP A</name>
    <cmt>SCATTERED SMALL RIDGES OR LIVE BOTTOM IN AREA</cmt>
    <desc>SCATTERED SMALL RIDGES OR LIVE BOTTOM IN AREA</desc>
    <sym>Fishing Area</sym>
    <extensions>
      <gpxx:WaypointExtension xmlns:gpxx="http://www.garmin.com/xmlschemas/GpxExtensions/v3">
        <gpxx:Depth>149.2605600</gpxx:Depth>
        <gpxx:DisplayMode>SymbolOnly</gpxx:DisplayMode>
      </gpxx:WaypointExtension>
    </extensions>
  </wpt>

  <wpt lat="24.8058188" lon="-80.4389269">
    <name>HUMP B</name>
    <cmt>SCATTERED SMALL RIDGES OR LIVE BOTTOM IN AREA</cmt>
    <desc>SCATTERED SMALL RIDGES OR LIVE BOTTOM IN AREA</desc>
    <sym>Fishing Area</sym>
    <extensions>
      <gpxx:WaypointExtension xmlns:gpxx="http://www.garmin.com/xmlschemas/GpxExtensions/v3">
        <gpxx:Depth>149.6568000</gpxx:Depth>
        <gpxx:DisplayMode>SymbolOnly</gpxx:DisplayMode>
      </gpxx:WaypointExtension>
    </extensions>
  </wpt>

  <wpt lat="24.8098660" lon="-80.4380430">
    <name>HUMP D</name>
    <cmt>SCATTERED SMALL RIDGES OR LIVE BOTTOM IN AREA</cmt>
    <desc>SCATTERED SMALL RIDGES OR LIVE BOTTOM IN AREA</desc>
    <sym>Fishing Area</sym>
    <extensions>
      <gpxx:WaypointExtension xmlns:gpxx="http://www.garmin.com/xmlschemas/GpxExtensions/v3">
        <gpxx:DisplayMode>SymbolOnly</gpxx:DisplayMode>
      </gpxx:WaypointExtension>
    </extensions>
  </wpt>

  <wpt lat="24.8098517" lon="-80.4298514">
    <name>HUMP E</name>
    <cmt>SCATTERED SMALL RIDGES OR LIVE BOTTOM IN AREA</cmt>
    <desc>SCATTERED SMALL RIDGES OR LIVE BOTTOM IN AREA</desc>
    <sym>Fishing Area</sym>
    <extensions>
      <gpxx:WaypointExtension xmlns:gpxx="http://www.garmin.com/xmlschemas/GpxExtensions/v3">
        <gpxx:Depth>136.4589600</gpxx:Depth>
        <gpxx:DisplayMode>SymbolOnly</gpxx:DisplayMode>
      </gpxx:WaypointExtension>
    </extensions>
  </wpt>

  <wpt lat="24.8131446" lon="-80.4374351">
    <name>HUMP F</name>
    <cmt>SCATTERED SMALL RIDGES OR LIVE BOTTOM IN AREA</cmt>
    <desc>SCATTERED SMALL RIDGES OR LIVE BOTTOM IN AREA</desc>
    <sym>Fishing Area</sym>
    <extensions>
      <gpxx:WaypointExtension xmlns:gpxx="http://www.garmin.com/xmlschemas/GpxExtensions/v3">
        <gpxx:DisplayMode>SymbolOnly</gpxx:DisplayMode>
      </gpxx:WaypointExtension>
    </extensions>
  </wpt>

  <wpt lat="24.5895417" lon="-80.5898013">
    <name>HUMP K</name>
    <cmt>NEAR 409 HUMP - MAHI</cmt>
    <desc>NEAR 409 HUMP - MAHI</desc>
    <sym>Fishing Area</sym>
    <extensions>
      <gpxx:WaypointExtension xmlns:gpxx="http://www.garmin.com/xmlschemas/GpxExtensions/v3">
        <gpxx:DisplayMode>SymbolOnly</gpxx:DisplayMode>
      </gpxx:WaypointExtension>
    </extensions>
  </wpt>

  <wpt lat="24.8029167" lon="-80.4445666">
    <time>2012-08-02T10:19:16Z</time>
    <name>ISLA HUMP</name>
    <cmt>OFFSHORE HUMP - SUPERB SPOT FOR TUNA, DOLPHIN AND SAILFISH</cmt>
    <desc>OFFSHORE HUMP - SUPERB SPOT FOR TUNA, DOLPHIN AND SAILFISH</desc>
    <sym>Fishing Area</sym>
    <extensions>
      <gpxx:WaypointExtension xmlns:gpxx="http://www.garmin.com/xmlschemas/GpxExtensions/v3">
        <gpxx:DisplayMode>SymbolOnly</gpxx:DisplayMode>
      </gpxx:WaypointExtension>
    </extensions>
  </wpt>

  <wpt lat="24.8412500" lon="-80.5514000">
    <name>ISLAMORADA1</name>
    <cmt>LIGNUM VITAE BRIDGE SPANS</cmt>
    <desc>LIGNUM VITAE BRIDGE SPANS</desc>
    <sym>Fishing Area</sym>
    <extensions>
      <gpxx:WaypointExtension xmlns:gpxx="http://www.garmin.com/xmlschemas/GpxExtensions/v3">
        <gpxx:DisplayMode>SymbolOnly</gpxx:DisplayMode>
      </gpxx:WaypointExtension>
    </extensions>
  </wpt>

  <wpt lat="24.8384500" lon="-80.5570170">
    <name>ISLAMORADA2</name>
    <cmt>BRIDGE SPANS</cmt>
    <desc>BRIDGE SPANS</desc>
    <sym>Fishing Area</sym>
    <extensions>
      <gpxx:WaypointExtension xmlns:gpxx="http://www.garmin.com/xmlschemas/GpxExtensions/v3">
        <gpxx:DisplayMode>SymbolOnly</gpxx:DisplayMode>
      </gpxx:WaypointExtension>
    </extensions>
  </wpt>

  <wpt lat="24.8419500" lon="-80.5511500">
    <name>ISLAMORADA3</name>
    <cmt>INDIAN CUT BRIDGE SPANS</cmt>
    <desc>INDIAN CUT BRIDGE SPANS</desc>
    <sym>Fishing Area</sym>
    <extensions>
      <gpxx:WaypointExtension xmlns:gpxx="http://www.garmin.com/xmlschemas/GpxExtensions/v3">
        <gpxx:DisplayMode>SymbolOnly</gpxx:DisplayMode>
      </gpxx:WaypointExtension>
    </extensions>
  </wpt>

  <wpt lat="24.8388670" lon="-80.5595830">
    <name>ISLAMORADA4</name>
    <cmt>120 FOOT BARGE AND BRIDGE SPANS</cmt>
    <desc>120 FOOT BARGE AND BRIDGE SPANS</desc>
    <sym>Pin, Red</sym>
    <extensions>
      <gpxx:WaypointExtension xmlns:gpxx="http://www.garmin.com/xmlschemas/GpxExtensions/v3">
        <gpxx:DisplayMode>SymbolOnly</gpxx:DisplayMode>
      </gpxx:WaypointExtension>
    </extensions>
  </wpt>

  <wpt lat="24.8412000" lon="-80.5514000">
    <name>ISLAMORADA5</name>
    <cmt>OLD TEA TABLE BRIDGE SPANS</cmt>
    <desc>OLD TEA TABLE BRIDGE SPANS</desc>
    <sym>Fishing Area</sym>
    <extensions>
      <gpxx:WaypointExtension xmlns:gpxx="http://www.garmin.com/xmlschemas/GpxExtensions/v3">
        <gpxx:DisplayMode>SymbolOnly</gpxx:DisplayMode>
      </gpxx:WaypointExtension>
    </extensions>
  </wpt>

  <wpt lat="24.8044399" lon="-80.4462010">
    <name>ISLHUMP2</name>
    <cmt>BLUE WATER FISHING - MAHI, TUNA, SAILS</cmt>
    <desc>BLUE WATER FISHING - MAHI, TUNA, SAILS</desc>
    <sym>Fishing Area</sym>
    <extensions>
      <gpxx:WaypointExtension xmlns:gpxx="http://www.garmin.com/xmlschemas/GpxExtensions/v3">
        <gpxx:Depth>94.1527200</gpxx:Depth>
        <gpxx:DisplayMode>SymbolOnly</gpxx:DisplayMode>
      </gpxx:WaypointExtension>
    </extensions>
  </wpt>

  <wpt lat="24.4641670" lon="-81.7378330">
    <name>JOES TUG</name>
    <cmt>90 FOOT LONG TUGBOAT</cmt>
    <desc>90 FOOT LONG TUGBOAT</desc>
    <sym>Pin, Red</sym>
    <extensions>
      <gpxx:WaypointExtension xmlns:gpxx="http://www.garmin.com/xmlschemas/GpxExtensions/v3">
        <gpxx:DisplayMode>SymbolOnly</gpxx:DisplayMode>
      </gpxx:WaypointExtension>
    </extensions>
  </wpt>

  <wpt lat="24.7259333" lon="-82.7997666">
    <name>K BOUY</name>
    <cmt>CAN BUOY</cmt>
    <desc>CAN BUOY</desc>
    <sym>Fishing Area</sym>
    <extensions>
      <gpxx:WaypointExtension xmlns:gpxx="http://www.garmin.com/xmlschemas/GpxExtensions/v3">
        <gpxx:Depth>15.2400000</gpxx:Depth>
        <gpxx:DisplayMode>SymbolOnly</gpxx:DisplayMode>
      </gpxx:WaypointExtension>
    </extensions>
  </wpt>

  <wpt lat="24.7209833" lon="-82.9877167">
    <name>KB KINGFISH</name>
    <cmt>55 LB KINGFISH CAUGHT ON THE GOTCHA BOAT</cmt>
    <desc>55 LB KINGFISH CAUGHT ON THE GOTCHA BOAT</desc>
    <sym>Fishing Area</sym>
    <extensions>
      <gpxx:WaypointExtension xmlns:gpxx="http://www.garmin.com/xmlschemas/GpxExtensions/v3">
        <gpxx:Depth>2.3469600</gpxx:Depth>
        <gpxx:DisplayMode>SymbolOnly</gpxx:DisplayMode>
      </gpxx:WaypointExtension>
    </extensions>
  </wpt>

  <wpt lat="24.7249999" lon="-82.8000000">
    <name>KBUOY BAIT</name>
    <cmt>BAIT FISH SPOT - GOOD TROLLING FOR KINGFISH AND DOLPHIN</cmt>
    <desc>BAIT FISH SPOT - GOOD TROLLING FOR KINGFISH AND DOLPHIN</desc>
    <sym>Fishing Area</sym>
    <extensions>
      <gpxx:WaypointExtension xmlns:gpxx="http://www.garmin.com/xmlschemas/GpxExtensions/v3">
        <gpxx:Depth>2.3469600</gpxx:Depth>
        <gpxx:DisplayMode>SymbolOnly</gpxx:DisplayMode>
      </gpxx:WaypointExtension>
    </extensions>
  </wpt>

  <wpt lat="24.5543575" lon="-81.6204410">
    <time>2012-06-11T10:56:22Z</time>
    <name>KEYFISH23</name>
    <cmt>Bottom Fishing Hawks Channel</cmt>
    <desc>Bottom Fishing Hawks Channel</desc>
    <sym>Fishing Area</sym>
    <extensions>
      <gpxx:WaypointExtension xmlns:gpxx="http://www.garmin.com/xmlschemas/GpxExtensions/v3">
        <gpxx:Depth>3.6576000</gpxx:Depth>
        <gpxx:DisplayMode>SymbolOnly</gpxx:DisplayMode>
      </gpxx:WaypointExtension>
    </extensions>
  </wpt>

  <wpt lat="25.0110200" lon="-80.2800000">
    <name>KeyLargoHump</name>
    <cmt>KEY LARGO BLUEWATER HUMP</cmt>
    <desc>KEY LARGO BLUEWATER HUMP</desc>
    <sym>Fishing Area</sym>
    <extensions>
      <gpxx:WaypointExtension xmlns:gpxx="http://www.garmin.com/xmlschemas/GpxExtensions/v3">
        <gpxx:DisplayMode>SymbolOnly</gpxx:DisplayMode>
      </gpxx:WaypointExtension>
    </extensions>
  </wpt>

  <wpt lat="25.0338800" lon="-80.4236200">
    <name>KeyLargoSW</name>
    <cmt>FISHING AREA</cmt>
    <desc>FISHING AREA</desc>
    <sym>Fishing Area</sym>
    <extensions>
      <gpxx:WaypointExtension xmlns:gpxx="http://www.garmin.com/xmlschemas/GpxExtensions/v3">
        <gpxx:DisplayMode>SymbolOnly</gpxx:DisplayMode>
      </gpxx:WaypointExtension>
    </extensions>
  </wpt>

  <wpt lat="24.4968868" lon="-81.6530246">
    <time>2012-06-11T10:40:16Z</time>
    <name>kingfishalley3</name>
    <cmt>kingfish ditch between these shoals</cmt>
    <desc>kingfish ditch between these shoals</desc>
    <sym>Flag, Green</sym>
    <extensions>
      <gpxx:WaypointExtension xmlns:gpxx="http://www.garmin.com/xmlschemas/GpxExtensions/v3">
        <gpxx:DisplayMode>SymbolOnly</gpxx:DisplayMode>
      </gpxx:WaypointExtension>
    </extensions>
  </wpt>

  <wpt lat="24.4856104" lon="-81.6883714">
    <time>2012-06-11T10:38:22Z</time>
    <name>kingfishcove3</name>
    <cmt>Key West Kingfish and Cero Mackerel Cove</cmt>
    <desc>Key West Kingfish and Cero Mackerel Cove</desc>
    <sym>Fishing Area</sym>
    <extensions>
      <gpxx:WaypointExtension xmlns:gpxx="http://www.garmin.com/xmlschemas/GpxExtensions/v3">
        <gpxx:DisplayMode>SymbolOnly</gpxx:DisplayMode>
      </gpxx:WaypointExtension>
    </extensions>
  </wpt>

  <wpt lat="24.4772891" lon="-81.7166457">
    <time>2012-06-11T10:37:22Z</time>
    <name>kingledge02</name>
    <cmt>kings on ledge - Winning Fish in 2001































































Bottom Fishing on ledge as well.</cmt>
    <desc>kings on ledge - Winning Fish in 2001































































Bottom Fishing on ledge as well.</desc>
    <sym>Flag, Green</sym>
    <extensions>
      <gpxx:WaypointExtension xmlns:gpxx="http://www.garmin.com/xmlschemas/GpxExtensions/v3">
        <gpxx:DisplayMode>SymbolOnly</gpxx:DisplayMode>
      </gpxx:WaypointExtension>
    </extensions>
  </wpt>

  <wpt lat="24.4914833" lon="-81.7851833">
    <name>KW BAITFISH2</name>
    <cmt>GOOD BAIT -  BLUE RUNNERS</cmt>
    <desc>GOOD BAIT -  BLUE RUNNERS</desc>
    <sym>Fishing Area</sym>
    <extensions>
      <gpxx:WaypointExtension xmlns:gpxx="http://www.garmin.com/xmlschemas/GpxExtensions/v3">
        <gpxx:Depth>2.3469600</gpxx:Depth>
        <gpxx:DisplayMode>SymbolOnly</gpxx:DisplayMode>
      </gpxx:WaypointExtension>
    </extensions>
  </wpt>

  <wpt lat="24.5196666" lon="-81.8507999">
    <name>KWBARGEB</name>
    <cmt>MOOSE SIZE KINGFISH, BIG CERO - GOOD TROLLING SPOT</cmt>
    <desc>MOOSE SIZE KINGFISH, BIG CERO - GOOD TROLLING SPOT</desc>
    <sym>Fishing Area</sym>
    <extensions>
      <gpxx:WaypointExtension xmlns:gpxx="http://www.garmin.com/xmlschemas/GpxExtensions/v3">
        <gpxx:Depth>2.1945600</gpxx:Depth>
        <gpxx:DisplayMode>SymbolOnly</gpxx:DisplayMode>
      </gpxx:WaypointExtension>
    </extensions>
  </wpt>

  <wpt lat="24.4292333" lon="-82.4045499">
    <name>KWKINGFISH</name>
    <cmt>NICE KINGS AT THIS SPOT</cmt>
    <desc>NICE KINGS AT THIS SPOT</desc>
    <sym>Fishing Area</sym>
    <extensions>
      <gpxx:WaypointExtension xmlns:gpxx="http://www.garmin.com/xmlschemas/GpxExtensions/v3">
        <gpxx:Depth>44.2264800</gpxx:Depth>
        <gpxx:DisplayMode>SymbolOnly</gpxx:DisplayMode>
      </gpxx:WaypointExtension>
    </extensions>
  </wpt>

  <wpt lat="24.4278830" lon="-81.7597330">
    <name>KWTOURNEY</name>
    <cmt> HEAVY STEEL AND BARGE</cmt>
    <desc> HEAVY STEEL AND BARGE</desc>
    <sym>Pin, Red</sym>
    <extensions>
      <gpxx:WaypointExtension xmlns:gpxx="http://www.garmin.com/xmlschemas/GpxExtensions/v3">
        <gpxx:DisplayMode>SymbolOnly</gpxx:DisplayMode>
      </gpxx:WaypointExtension>
    </extensions>
  </wpt>

  <wpt lat="24.4542000" lon="-81.7708330">
    <name>KWTOURNEY0</name>
    <cmt>100 FEET STEEL BARGE LOLA</cmt>
    <desc>100 FEET STEEL BARGE LOLA</desc>
    <sym>Pin, Red</sym>
    <extensions>
      <gpxx:WaypointExtension xmlns:gpxx="http://www.garmin.com/xmlschemas/GpxExtensions/v3">
        <gpxx:DisplayMode>SymbolOnly</gpxx:DisplayMode>
      </gpxx:WaypointExtension>
    </extensions>
  </wpt>

  <wpt lat="24.4541670" lon="-81.7708330">
    <name>KWTOURNEY1</name>
    <cmt>260 FOOT SHIP L.S.M.R.</cmt>
    <desc>260 FOOT SHIP L.S.M.R.</desc>
    <sym>Pin, Red</sym>
    <extensions>
      <gpxx:WaypointExtension xmlns:gpxx="http://www.garmin.com/xmlschemas/GpxExtensions/v3">
        <gpxx:DisplayMode>SymbolOnly</gpxx:DisplayMode>
      </gpxx:WaypointExtension>
    </extensions>
  </wpt>

  <wpt lat="24.9127697" lon="-80.4932235">
    <name>LIVE BOTTOM D</name>
    <cmt>LIVE BOTTOM AREA -GOOD BOTTOM FISHING AND TROLLING</cmt>
    <desc>LIVE BOTTOM AREA -GOOD BOTTOM FISHING AND TROLLING</desc>
    <sym>Fishing Area</sym>
    <extensions>
      <gpxx:WaypointExtension xmlns:gpxx="http://www.garmin.com/xmlschemas/GpxExtensions/v3">
        <gpxx:Depth>42.4891200</gpxx:Depth>
        <gpxx:DisplayMode>SymbolOnly</gpxx:DisplayMode>
      </gpxx:WaypointExtension>
    </extensions>
  </wpt>

  <wpt lat="24.5599365" lon="-82.7098846">
    <time>2012-10-02T19:31:49Z</time>
    <name>LIVEBOTOM021</name>
    <cmt>GOOD REEF FISHING FOR GROUPER, SNAPPER AND MACKEREL. SEE YOUR TUTORIAL ON PATCH REEF FISHING</cmt>
    <desc>GOOD REEF FISHING FOR GROUPER, SNAPPER AND MACKEREL. SEE YOUR TUTORIAL ON PATCH REEF FISHING</desc>
    <sym>Fishing Area</sym>
    <extensions>
      <gpxx:WaypointExtension xmlns:gpxx="http://www.garmin.com/xmlschemas/GpxExtensions/v3">
        <gpxx:DisplayMode>SymbolOnly</gpxx:DisplayMode>
      </gpxx:WaypointExtension>
    </extensions>
  </wpt>

  <wpt lat="24.9314976" lon="-80.4828649">
    <name>LIVEBOTOM1</name>
    <cmt>live bottom reef</cmt>
    <desc>live bottom reef</desc>
    <sym>Flag, Green</sym>
    <extensions>
      <gpxx:WaypointExtension xmlns:gpxx="http://www.garmin.com/xmlschemas/GpxExtensions/v3">
        <gpxx:Depth>18.8976000</gpxx:Depth>
        <gpxx:DisplayMode>SymbolOnly</gpxx:DisplayMode>
      </gpxx:WaypointExtension>
    </extensions>
  </wpt>

  <wpt lat="24.9188993" lon="-80.5343540">
    <name>LIVEBOTOM2</name>
    <cmt>PATCH REEF FISHING SPOT</cmt>
    <desc>PATCH REEF FISHING SPOT</desc>
    <sym>Fishing Area</sym>
    <extensions>
      <gpxx:WaypointExtension xmlns:gpxx="http://www.garmin.com/xmlschemas/GpxExtensions/v3">
        <gpxx:Depth>6.0045600</gpxx:Depth>
        <gpxx:DisplayMode>SymbolOnly</gpxx:DisplayMode>
      </gpxx:WaypointExtension>
    </extensions>
  </wpt>

  <wpt lat="24.5374981" lon="-81.8216693">
    <time>2000-01-01T05:00:00Z</time>
    <name>LIVEBOTTOM13</name>
    <cmt>Live Bottom, Ricks or good structure for drfit fishing, lostering or Anchor chum fishing</cmt>
    <desc>Live Bottom, Ricks or good structure for drfit fishing, lostering or Anchor chum fishing</desc>
    <sym>Fishing Area</sym>
    <extensions>
      <gpxx:WaypointExtension xmlns:gpxx="http://www.garmin.com/xmlschemas/GpxExtensions/v3">
        <gpxx:DisplayMode>SymbolOnly</gpxx:DisplayMode>
      </gpxx:WaypointExtension>
    </extensions>
  </wpt>

  <wpt lat="24.7001833" lon="-80.8787000">
    <name>LOB21</name>
    <cmt>GOOD BOTTOM FISHING AND LOBSTERING</cmt>
    <desc>GOOD BOTTOM FISHING AND LOBSTERING</desc>
    <sym>Fishing Area</sym>
    <extensions>
      <gpxx:WaypointExtension xmlns:gpxx="http://www.garmin.com/xmlschemas/GpxExtensions/v3">
        <gpxx:Depth>1.7678400</gpxx:Depth>
        <gpxx:DisplayMode>SymbolOnly</gpxx:DisplayMode>
      </gpxx:WaypointExtension>
    </extensions>
  </wpt>

  <wpt lat="24.8457500" lon="-80.6821666">
    <name>LOBSNAPPER1</name>
    <cmt>GROUPER, SNAPPER AND HOGFISH</cmt>
    <desc>GROUPER, SNAPPER AND HOGFISH</desc>
    <sym>Fishing Area</sym>
    <extensions>
      <gpxx:WaypointExtension xmlns:gpxx="http://www.garmin.com/xmlschemas/GpxExtensions/v3">
        <gpxx:Depth>4.8768000</gpxx:Depth>
        <gpxx:DisplayMode>SymbolOnly</gpxx:DisplayMode>
      </gpxx:WaypointExtension>
    </extensions>
  </wpt>

  <wpt lat="24.7029333" lon="-80.8946166">
    <name>LOBSNAPPER2</name>
    <cmt>GOOD SNAPPER GROUPER FISHING AND LOBSTERING</cmt>
    <desc>GOOD SNAPPER GROUPER FISHING AND LOBSTERING</desc>
    <sym>Fishing Area</sym>
    <extensions>
      <gpxx:WaypointExtension xmlns:gpxx="http://www.garmin.com/xmlschemas/GpxExtensions/v3">
        <gpxx:Depth>4.1148000</gpxx:Depth>
        <gpxx:DisplayMode>SymbolOnly</gpxx:DisplayMode>
      </gpxx:WaypointExtension>
    </extensions>
  </wpt>

  <wpt lat="24.6991833" lon="-80.8783166">
    <name>LOBSNAPPER3</name>
    <cmt>GOOD LOBTSERING AND LIVE BOTTOM</cmt>
    <desc>GOOD LOBTSERING AND LIVE BOTTOM</desc>
    <sym>Fishing Area</sym>
    <extensions>
      <gpxx:WaypointExtension xmlns:gpxx="http://www.garmin.com/xmlschemas/GpxExtensions/v3">
        <gpxx:Depth>1.4020800</gpxx:Depth>
        <gpxx:DisplayMode>SymbolOnly</gpxx:DisplayMode>
      </gpxx:WaypointExtension>
    </extensions>
  </wpt>

  <wpt lat="24.8459833" lon="-80.7141667">
    <name>LOBSNAPPER4</name>
    <cmt>GOOD LOBSTERING AND BOTTOM FISHING</cmt>
    <desc>GOOD LOBSTERING AND BOTTOM FISHING</desc>
    <sym>Fishing Area</sym>
    <extensions>
      <gpxx:WaypointExtension xmlns:gpxx="http://www.garmin.com/xmlschemas/GpxExtensions/v3">
        <gpxx:Depth>4.9987200</gpxx:Depth>
        <gpxx:DisplayMode>SymbolOnly</gpxx:DisplayMode>
      </gpxx:WaypointExtension>
    </extensions>
  </wpt>

  <wpt lat="24.8575000" lon="-80.6593333">
    <name>LOBSNAPPER5</name>
    <cmt>GOOD SNAPPER GROUPER FISHING AND LOBSTERING AND SPEARFISHING</cmt>
    <desc>GOOD SNAPPER GROUPER FISHING AND LOBSTERING AND SPEARFISHING</desc>
    <sym>Fishing Area</sym>
    <extensions>
      <gpxx:WaypointExtension xmlns:gpxx="http://www.garmin.com/xmlschemas/GpxExtensions/v3">
        <gpxx:Depth>4.9987200</gpxx:Depth>
        <gpxx:DisplayMode>SymbolOnly</gpxx:DisplayMode>
      </gpxx:WaypointExtension>
    </extensions>
  </wpt>

  <wpt lat="24.8360999" lon="-80.7132833">
    <name>LOBSNAPPER9</name>
    <cmt>GOOD BOTTOM FISHING, SPEARFISHING AND LOBSTERING</cmt>
    <desc>GOOD BOTTOM FISHING, SPEARFISHING AND LOBSTERING</desc>
    <sym>Fishing Area</sym>
    <extensions>
      <gpxx:WaypointExtension xmlns:gpxx="http://www.garmin.com/xmlschemas/GpxExtensions/v3">
        <gpxx:Depth>5.9131200</gpxx:Depth>
        <gpxx:DisplayMode>SymbolOnly</gpxx:DisplayMode>
      </gpxx:WaypointExtension>
    </extensions>
  </wpt>

  <wpt lat="24.8526666" lon="-80.7311999">
    <name>LOBSTER C</name>
    <cmt>LOBSTER HOLES</cmt>
    <desc>LOBSTER HOLES</desc>
    <sym>Fishing Area</sym>
    <extensions>
      <gpxx:WaypointExtension xmlns:gpxx="http://www.garmin.com/xmlschemas/GpxExtensions/v3">
        <gpxx:Depth>4.9682400</gpxx:Depth>
        <gpxx:DisplayMode>SymbolOnly</gpxx:DisplayMode>
      </gpxx:WaypointExtension>
    </extensions>
  </wpt>

  <wpt lat="24.6982166" lon="-80.8765666">
    <name>LOBSTER EAST</name>
    <cmt>LOBSTERING AND GROUPER SNAPPER FISHING OR SPEARFISHING</cmt>
    <desc>LOBSTERING AND GROUPER SNAPPER FISHING OR SPEARFISHING</desc>
    <sym>Fishing Area</sym>
    <extensions>
      <gpxx:WaypointExtension xmlns:gpxx="http://www.garmin.com/xmlschemas/GpxExtensions/v3">
        <gpxx:Depth>1.9812000</gpxx:Depth>
        <gpxx:DisplayMode>SymbolOnly</gpxx:DisplayMode>
      </gpxx:WaypointExtension>
    </extensions>
  </wpt>

  <wpt lat="24.8381500" lon="-80.7277500">
    <name>LOBSTER H</name>
    <cmt>LOBSTER ROCKS AND HOLES</cmt>
    <desc>LOBSTER ROCKS AND HOLES</desc>
    <sym>Fishing Area</sym>
    <extensions>
      <gpxx:WaypointExtension xmlns:gpxx="http://www.garmin.com/xmlschemas/GpxExtensions/v3">
        <gpxx:Depth>4.8768000</gpxx:Depth>
        <gpxx:DisplayMode>SymbolOnly</gpxx:DisplayMode>
      </gpxx:WaypointExtension>
    </extensions>
  </wpt>

  <wpt lat="24.5585738" lon="-81.8097940">
    <time>2000-01-01T05:00:00Z</time>
    <name>LOBSTER6</name>
    <cmt>Live Bottom, Ricks or good structure for drfit fishing, lostering or Anchor chum fishing</cmt>
    <desc>Live Bottom, Ricks or good structure for drfit fishing, lostering or Anchor chum fishing</desc>
    <sym>Fishing Area</sym>
    <extensions>
      <gpxx:WaypointExtension xmlns:gpxx="http://www.garmin.com/xmlschemas/GpxExtensions/v3">
        <gpxx:DisplayMode>SymbolOnly</gpxx:DisplayMode>
      </gpxx:WaypointExtension>
    </extensions>
  </wpt>

  <wpt lat="24.7108300" lon="-80.8265800">
    <name>Long Key Reef B</name>
    <cmt>	Long Key Reef  [S]		N24 42.295 W80 49.244					Symbol &amp; Name	































	Long Key Reef [S]		N24 42.650 W80 49.595					Symbol &amp; Name	































	LongKeyReef[S]1		N24 42.503 W80 49.390					Symbol &amp; Name	































	LongKeyReef[S]2		N24 42.601 W80 49.128					Symbol &amp; Name	































	LongKeyReef[S]3		N24 42.639 W80 49.226					Symbol &amp; Name</cmt>
    <desc>	Long Key Reef  [S]		N24 42.295 W80 49.244					Symbol &amp; Name	































	Long Key Reef [S]		N24 42.650 W80 49.595					Symbol &amp; Name	































	LongKeyReef[S]1		N24 42.503 W80 49.390					Symbol &amp; Name	































	LongKeyReef[S]2		N24 42.601 W80 49.128					Symbol &amp; Name	































	LongKeyReef[S]3		N24 42.639 W80 49.226					Symbol &amp; Name</desc>
    <sym>Fishing Area</sym>
    <extensions>
      <gpxx:WaypointExtension xmlns:gpxx="http://www.garmin.com/xmlschemas/GpxExtensions/v3">
        <gpxx:DisplayMode>SymbolOnly</gpxx:DisplayMode>
      </gpxx:WaypointExtension>
    </extensions>
  </wpt>

  <wpt lat="24.7317500" lon="-80.8277830">
    <name>LONGKEYREEF</name>
    <cmt>LONG KEY BRIDGE PARTS ON BOTTOM</cmt>
    <desc>LONG KEY BRIDGE PARTS ON BOTTOM</desc>
    <sym>Fishing Area</sym>
    <extensions>
      <gpxx:WaypointExtension xmlns:gpxx="http://www.garmin.com/xmlschemas/GpxExtensions/v3">
        <gpxx:DisplayMode>SymbolOnly</gpxx:DisplayMode>
      </gpxx:WaypointExtension>
    </extensions>
  </wpt>

  <wpt lat="24.7106500" lon="-80.8204300">
    <name>LongKeyReef0</name>
    <cmt>CORAL REEF AREA -GOOD FISHING</cmt>
    <desc>CORAL REEF AREA -GOOD FISHING</desc>
    <sym>Fishing Area</sym>
    <extensions>
      <gpxx:WaypointExtension xmlns:gpxx="http://www.garmin.com/xmlschemas/GpxExtensions/v3">
        <gpxx:DisplayMode>SymbolOnly</gpxx:DisplayMode>
      </gpxx:WaypointExtension>
    </extensions>
  </wpt>

  <wpt lat="24.7313000" lon="-80.8305330">
    <name>LONGKEYREEF01</name>
    <cmt>LONG KEY BRIDGE ON BOTTOM</cmt>
    <desc>LONG KEY BRIDGE ON BOTTOM</desc>
    <sym>Fishing Area</sym>
    <extensions>
      <gpxx:WaypointExtension xmlns:gpxx="http://www.garmin.com/xmlschemas/GpxExtensions/v3">
        <gpxx:DisplayMode>SymbolOnly</gpxx:DisplayMode>
      </gpxx:WaypointExtension>
    </extensions>
  </wpt>

  <wpt lat="24.7316670" lon="-80.8277830">
    <name>LONGKEYREEF03</name>
    <cmt>LONG KEY BRIDGE PARTS</cmt>
    <desc>LONG KEY BRIDGE PARTS</desc>
    <sym>Fishing Area</sym>
    <extensions>
      <gpxx:WaypointExtension xmlns:gpxx="http://www.garmin.com/xmlschemas/GpxExtensions/v3">
        <gpxx:DisplayMode>SymbolOnly</gpxx:DisplayMode>
      </gpxx:WaypointExtension>
    </extensions>
  </wpt>

  <wpt lat="24.7100200" lon="-80.8188000">
    <name>LongKeyReef1</name>
    <cmt>CORAL REEF AREA -GOOD FISHING</cmt>
    <desc>CORAL REEF AREA -GOOD FISHING</desc>
    <sym>Fishing Area</sym>
    <extensions>
      <gpxx:WaypointExtension xmlns:gpxx="http://www.garmin.com/xmlschemas/GpxExtensions/v3">
        <gpxx:DisplayMode>SymbolOnly</gpxx:DisplayMode>
      </gpxx:WaypointExtension>
    </extensions>
  </wpt>

  <wpt lat="24.7337670" lon="-80.8292500">
    <name>LONGKEYREEF11</name>
    <cmt>LONG KEY BRIDGE, 5 PATCH REEFS</cmt>
    <desc>LONG KEY BRIDGE, 5 PATCH REEFS</desc>
    <sym>Fishing Area</sym>
    <extensions>
      <gpxx:WaypointExtension xmlns:gpxx="http://www.garmin.com/xmlschemas/GpxExtensions/v3">
        <gpxx:DisplayMode>SymbolOnly</gpxx:DisplayMode>
      </gpxx:WaypointExtension>
    </extensions>
  </wpt>

  <wpt lat="24.7335330" lon="-80.8264830">
    <name>LONGKEYREEF12</name>
    <cmt>LONG KEY BRIDGE, 5 PATCH REEFS</cmt>
    <desc>LONG KEY BRIDGE, 5 PATCH REEFS</desc>
    <sym>Fishing Area</sym>
    <extensions>
      <gpxx:WaypointExtension xmlns:gpxx="http://www.garmin.com/xmlschemas/GpxExtensions/v3">
        <gpxx:DisplayMode>SymbolOnly</gpxx:DisplayMode>
      </gpxx:WaypointExtension>
    </extensions>
  </wpt>

  <wpt lat="24.7365000" lon="-80.8264170">
    <name>LONGKEYREEF13</name>
    <cmt>LONG KEY BRIDGE, 4 PATCH REEFS</cmt>
    <desc>LONG KEY BRIDGE, 4 PATCH REEFS</desc>
    <sym>Fishing Area</sym>
    <extensions>
      <gpxx:WaypointExtension xmlns:gpxx="http://www.garmin.com/xmlschemas/GpxExtensions/v3">
        <gpxx:DisplayMode>SymbolOnly</gpxx:DisplayMode>
      </gpxx:WaypointExtension>
    </extensions>
  </wpt>

  <wpt lat="24.7266830" lon="-80.8289000">
    <name>LONGKEYREEF2</name>
    <cmt>ONG KEY BRIDGE,5 PATCH REEFS</cmt>
    <desc>ONG KEY BRIDGE,5 PATCH REEFS</desc>
    <sym>Fishing Area</sym>
    <extensions>
      <gpxx:WaypointExtension xmlns:gpxx="http://www.garmin.com/xmlschemas/GpxExtensions/v3">
        <gpxx:DisplayMode>SymbolOnly</gpxx:DisplayMode>
      </gpxx:WaypointExtension>
    </extensions>
  </wpt>

  <wpt lat="24.7083800" lon="-80.8231700">
    <name>LongKeyReef3</name>
    <cmt>CORAL REEF AREA -GOOD FISHING</cmt>
    <desc>CORAL REEF AREA -GOOD FISHING</desc>
    <sym>Fishing Area</sym>
    <extensions>
      <gpxx:WaypointExtension xmlns:gpxx="http://www.garmin.com/xmlschemas/GpxExtensions/v3">
        <gpxx:DisplayMode>SymbolOnly</gpxx:DisplayMode>
      </gpxx:WaypointExtension>
    </extensions>
  </wpt>

  <wpt lat="24.7268830" lon="-80.8284670">
    <name>LONGKEYREEF6</name>
    <cmt>LONG KEY BRIDGE ,5 PATCH REEFS</cmt>
    <desc>LONG KEY BRIDGE ,5 PATCH REEFS</desc>
    <sym>Fishing Area</sym>
    <extensions>
      <gpxx:WaypointExtension xmlns:gpxx="http://www.garmin.com/xmlschemas/GpxExtensions/v3">
        <gpxx:DisplayMode>SymbolOnly</gpxx:DisplayMode>
      </gpxx:WaypointExtension>
    </extensions>
  </wpt>

  <wpt lat="24.7311670" lon="-80.8275330">
    <name>LONGKEYREEF7</name>
    <cmt>LONG KEY BRIDGE, 9 PATCH REEFS</cmt>
    <desc>LONG KEY BRIDGE, 9 PATCH REEFS</desc>
    <sym>Fishing Area</sym>
    <extensions>
      <gpxx:WaypointExtension xmlns:gpxx="http://www.garmin.com/xmlschemas/GpxExtensions/v3">
        <gpxx:DisplayMode>SymbolOnly</gpxx:DisplayMode>
      </gpxx:WaypointExtension>
    </extensions>
  </wpt>

  <wpt lat="24.7049200" lon="-80.8207300">
    <name>LongKeyReefA</name>
    <cmt>Reef materials, scattered capt. B.L.</cmt>
    <desc>Reef materials, scattered capt. B.L.</desc>
    <sym>Fishing Area</sym>
    <extensions>
      <gpxx:WaypointExtension xmlns:gpxx="http://www.garmin.com/xmlschemas/GpxExtensions/v3">
        <gpxx:DisplayMode>SymbolOnly</gpxx:DisplayMode>
      </gpxx:WaypointExtension>
    </extensions>
  </wpt>

  <wpt lat="24.8196039" lon="-80.3841511">
    <name>MAHISAILS D</name>
    <cmt>TROLLING FOR MAHI, SAILS AND WAHOO</cmt>
    <desc>TROLLING FOR MAHI, SAILS AND WAHOO</desc>
    <sym>Fishing Area</sym>
    <extensions>
      <gpxx:WaypointExtension xmlns:gpxx="http://www.garmin.com/xmlschemas/GpxExtensions/v3">
        <gpxx:DisplayMode>SymbolOnly</gpxx:DisplayMode>
      </gpxx:WaypointExtension>
    </extensions>
  </wpt>

  <wpt lat="24.4682667" lon="-83.0079500">
    <name>MAITAIWRK</name>
    <cmt>WRECK - GOOD BOTTOM FISHING AND GOOD TROLLING</cmt>
    <desc>WRECK - GOOD BOTTOM FISHING AND GOOD TROLLING</desc>
    <sym>Pin, Red</sym>
    <extensions>
      <gpxx:WaypointExtension xmlns:gpxx="http://www.garmin.com/xmlschemas/GpxExtensions/v3">
        <gpxx:Depth>1.6764000</gpxx:Depth>
        <gpxx:DisplayMode>SymbolOnly</gpxx:DisplayMode>
      </gpxx:WaypointExtension>
    </extensions>
  </wpt>

  <wpt lat="24.8862833" lon="-80.5607834">
    <name>MANG SNAPPER</name>
    <cmt>MANGROVE SNAPPER HEAVY CHUM</cmt>
    <desc>MANGROVE SNAPPER HEAVY CHUM</desc>
    <sym>Fishing Area</sym>
    <extensions>
      <gpxx:WaypointExtension xmlns:gpxx="http://www.garmin.com/xmlschemas/GpxExtensions/v3">
        <gpxx:DisplayMode>SymbolOnly</gpxx:DisplayMode>
      </gpxx:WaypointExtension>
    </extensions>
  </wpt>

  <wpt lat="24.6398000" lon="-80.9592500">
    <name>MARATHON0</name>
    <cmt>VACA CUT BRIDGE SPAN</cmt>
    <desc>VACA CUT BRIDGE SPAN</desc>
    <sym>Fishing Area</sym>
    <extensions>
      <gpxx:WaypointExtension xmlns:gpxx="http://www.garmin.com/xmlschemas/GpxExtensions/v3">
        <gpxx:DisplayMode>SymbolOnly</gpxx:DisplayMode>
      </gpxx:WaypointExtension>
    </extensions>
  </wpt>

  <wpt lat="24.6410170" lon="-80.9575170">
    <name>MARATHON1</name>
    <cmt>CONCRETE SLABS</cmt>
    <desc>CONCRETE SLABS</desc>
    <sym>Fishing Area</sym>
    <extensions>
      <gpxx:WaypointExtension xmlns:gpxx="http://www.garmin.com/xmlschemas/GpxExtensions/v3">
        <gpxx:DisplayMode>SymbolOnly</gpxx:DisplayMode>
      </gpxx:WaypointExtension>
    </extensions>
  </wpt>

  <wpt lat="24.6508330" lon="-80.9631170">
    <name>MARATHON4</name>
    <cmt>CONCRETE BRIDGE SPANS</cmt>
    <desc>CONCRETE BRIDGE SPANS</desc>
    <sym>Fishing Area</sym>
    <extensions>
      <gpxx:WaypointExtension xmlns:gpxx="http://www.garmin.com/xmlschemas/GpxExtensions/v3">
        <gpxx:DisplayMode>SymbolOnly</gpxx:DisplayMode>
      </gpxx:WaypointExtension>
    </extensions>
  </wpt>

  <wpt lat="24.6837542" lon="-81.0831304">
    <time>2000-01-01T05:00:00Z</time>
    <name>MARIA WRECK</name>
    <cmt>WRECK - HOLDS FISH</cmt>
    <desc>WRECK - HOLDS FISH</desc>
    <sym>Pin, Red</sym>
    <extensions>
      <gpxx:WaypointExtension xmlns:gpxx="http://www.garmin.com/xmlschemas/GpxExtensions/v3">
        <gpxx:DisplayMode>SymbolOnly</gpxx:DisplayMode>
      </gpxx:WaypointExtension>
    </extensions>
  </wpt>

  <wpt lat="24.4658333" lon="-82.2213333">
    <name>MARQU ROCK</name>
    <cmt>MARQUESAS</cmt>
    <desc>MARQUESAS</desc>
    <sym>Fishing Area</sym>
    <extensions>
      <gpxx:WaypointExtension xmlns:gpxx="http://www.garmin.com/xmlschemas/GpxExtensions/v3">
        <gpxx:DisplayMode>SymbolOnly</gpxx:DisplayMode>
      </gpxx:WaypointExtension>
    </extensions>
  </wpt>

  <wpt lat="24.5591666" lon="-82.4746666">
    <time>2012-06-11T10:22:02Z</time>
    <name>Marqueses1</name>
    <cmt>Good Bottom fishing drop and trolling drop near Marquese Light.































































Note: YELLOWTAIL, RED GROUPER, SILKY SNAPPER, CERO MACKEREL, KINGFISH, SAILFISH</cmt>
    <desc>Good Bottom fishing drop and trolling drop near Marquese Light.































































Note: YELLOWTAIL, RED GROUPER, SILKY SNAPPER, CERO MACKEREL, KINGFISH, SAILFISH</desc>
    <sym>Fishing Area</sym>
    <extensions>
      <gpxx:WaypointExtension xmlns:gpxx="http://www.garmin.com/xmlschemas/GpxExtensions/v3">
        <gpxx:DisplayMode>SymbolOnly</gpxx:DisplayMode>
      </gpxx:WaypointExtension>
    </extensions>
  </wpt>

  <wpt lat="25.0176700" lon="-80.3640000">
    <name>Molasses NE</name>
    <cmt>SNAPPER - YELLOWTAIL, MANGROVE, DAY OR NIGHT - CHUM HEAVY</cmt>
    <desc>SNAPPER - YELLOWTAIL, MANGROVE, DAY OR NIGHT - CHUM HEAVY</desc>
    <sym>Fishing Area</sym>
    <extensions>
      <gpxx:WaypointExtension xmlns:gpxx="http://www.garmin.com/xmlschemas/GpxExtensions/v3">
        <gpxx:DisplayMode>SymbolOnly</gpxx:DisplayMode>
      </gpxx:WaypointExtension>
    </extensions>
  </wpt>

  <wpt lat="25.0166700" lon="-80.3755000">
    <name>Molasses NW</name>
    <cmt>SNAPPER - YELLOWTAIL, MANGROVE, DAY OR NIGHT - CHUM HEAVY</cmt>
    <desc>SNAPPER - YELLOWTAIL, MANGROVE, DAY OR NIGHT - CHUM HEAVY</desc>
    <sym>Fishing Area</sym>
    <extensions>
      <gpxx:WaypointExtension xmlns:gpxx="http://www.garmin.com/xmlschemas/GpxExtensions/v3">
        <gpxx:DisplayMode>SymbolOnly</gpxx:DisplayMode>
      </gpxx:WaypointExtension>
    </extensions>
  </wpt>

  <wpt lat="25.0048300" lon="-80.3783300">
    <name>Molasses SE</name>
    <cmt>SNAPPER - YELLOWTAIL, MANGROVE, DAY OR NIGHT - CHUM HEAVY</cmt>
    <desc>SNAPPER - YELLOWTAIL, MANGROVE, DAY OR NIGHT - CHUM HEAVY</desc>
    <sym>Fishing Area</sym>
    <extensions>
      <gpxx:WaypointExtension xmlns:gpxx="http://www.garmin.com/xmlschemas/GpxExtensions/v3">
        <gpxx:DisplayMode>SymbolOnly</gpxx:DisplayMode>
      </gpxx:WaypointExtension>
    </extensions>
  </wpt>

  <wpt lat="25.0120000" lon="-80.3805000">
    <name>Molasses SW</name>
    <cmt>SNAPPER - YELLOWTAIL, MANGROVE, DAY OR NIGHT - CHUM HEAVY</cmt>
    <desc>SNAPPER - YELLOWTAIL, MANGROVE, DAY OR NIGHT - CHUM HEAVY</desc>
    <sym>Fishing Area</sym>
    <extensions>
      <gpxx:WaypointExtension xmlns:gpxx="http://www.garmin.com/xmlschemas/GpxExtensions/v3">
        <gpxx:DisplayMode>SymbolOnly</gpxx:DisplayMode>
      </gpxx:WaypointExtension>
    </extensions>
  </wpt>

  <wpt lat="25.0096400" lon="-80.3745300">
    <name>Molasses1</name>
    <cmt>SNAPPER - YELLOWTAIL, MANGROVE, DAY OR NIGHT - CHUM HEAVY</cmt>
    <desc>SNAPPER - YELLOWTAIL, MANGROVE, DAY OR NIGHT - CHUM HEAVY</desc>
    <sym>Fishing Area</sym>
    <extensions>
      <gpxx:WaypointExtension xmlns:gpxx="http://www.garmin.com/xmlschemas/GpxExtensions/v3">
        <gpxx:DisplayMode>SymbolOnly</gpxx:DisplayMode>
      </gpxx:WaypointExtension>
    </extensions>
  </wpt>

  <wpt lat="25.0075800" lon="-80.3734200">
    <name>Molasses2</name>
    <cmt>CORAL REEF AREA -GOOD FISHING</cmt>
    <desc>CORAL REEF AREA -GOOD FISHING</desc>
    <sym>Fishing Area</sym>
    <extensions>
      <gpxx:WaypointExtension xmlns:gpxx="http://www.garmin.com/xmlschemas/GpxExtensions/v3">
        <gpxx:DisplayMode>SymbolOnly</gpxx:DisplayMode>
      </gpxx:WaypointExtension>
    </extensions>
  </wpt>

  <wpt lat="25.0073200" lon="-80.3744700">
    <name>MolassesReef</name>
    <cmt>MOLASSES REEF AREA</cmt>
    <desc>MOLASSES REEF AREA</desc>
    <sym>Fishing Area</sym>
    <extensions>
      <gpxx:WaypointExtension xmlns:gpxx="http://www.garmin.com/xmlschemas/GpxExtensions/v3">
        <gpxx:DisplayMode>SymbolOnly</gpxx:DisplayMode>
      </gpxx:WaypointExtension>
    </extensions>
  </wpt>

  <wpt lat="25.0077000" lon="-80.3626667">
    <name>MUTTON 1</name>
    <cmt>MUTTONS AND GROUPER IN 86 FT CHUM HEAVY ON ANCHOR</cmt>
    <desc>MUTTONS AND GROUPER IN 86 FT CHUM HEAVY ON ANCHOR</desc>
    <sym>Fishing Area</sym>
    <extensions>
      <gpxx:WaypointExtension xmlns:gpxx="http://www.garmin.com/xmlschemas/GpxExtensions/v3">
        <gpxx:DisplayMode>SymbolOnly</gpxx:DisplayMode>
      </gpxx:WaypointExtension>
    </extensions>
  </wpt>

  <wpt lat="24.8959333" lon="-80.5254500">
    <name>MUTTON BOTTOM2</name>
    <cmt>ANCHOR AND CHUM FOR BEST MUTTON FISHING AROUND</cmt>
    <desc>ANCHOR AND CHUM FOR BEST MUTTON FISHING AROUND</desc>
    <sym>Fishing Area</sym>
    <extensions>
      <gpxx:WaypointExtension xmlns:gpxx="http://www.garmin.com/xmlschemas/GpxExtensions/v3">
        <gpxx:DisplayMode>SymbolOnly</gpxx:DisplayMode>
      </gpxx:WaypointExtension>
    </extensions>
  </wpt>

  <wpt lat="24.6001969" lon="-83.0565706">
    <time>2000-01-01T05:00:00Z</time>
    <name>NATURAL02</name>
    <cmt>Rocks or Natural Live Bottom Area</cmt>
    <desc>Rocks or Natural Live Bottom Area</desc>
    <sym>Fishing Area</sym>
    <extensions>
      <gpxx:WaypointExtension xmlns:gpxx="http://www.garmin.com/xmlschemas/GpxExtensions/v3">
        <gpxx:DisplayMode>SymbolOnly</gpxx:DisplayMode>
      </gpxx:WaypointExtension>
    </extensions>
  </wpt>

  <wpt lat="24.5004160" lon="-83.1338945">
    <time>2000-01-01T05:00:00Z</time>
    <name>NATURAL3</name>
    <cmt>Rocks or Natural Live Bottom Area</cmt>
    <desc>Rocks or Natural Live Bottom Area</desc>
    <sym>Fishing Area</sym>
    <extensions>
      <gpxx:WaypointExtension xmlns:gpxx="http://www.garmin.com/xmlschemas/GpxExtensions/v3">
        <gpxx:DisplayMode>SymbolOnly</gpxx:DisplayMode>
      </gpxx:WaypointExtension>
    </extensions>
  </wpt>

  <wpt lat="24.5348685" lon="-81.8448179">
    <time>2000-01-01T05:00:00Z</time>
    <name>NATURAL9</name>
    <cmt>GOOD REEF FISHING FOR GROUPER, SNAPPER AND MACKEREL. SEE YOUR TUTORIAL ON PATCH REEF FISHING</cmt>
    <desc>GOOD REEF FISHING FOR GROUPER, SNAPPER AND MACKEREL. SEE YOUR TUTORIAL ON PATCH REEF FISHING</desc>
    <sym>Fishing Area</sym>
    <extensions>
      <gpxx:WaypointExtension xmlns:gpxx="http://www.garmin.com/xmlschemas/GpxExtensions/v3">
        <gpxx:DisplayMode>SymbolOnly</gpxx:DisplayMode>
      </gpxx:WaypointExtension>
    </extensions>
  </wpt>

  <wpt lat="24.4305000" lon="-82.4230000">
    <time>2012-06-11T10:25:36Z</time>
    <name>newground1</name>
    <cmt>Good Bottom fishing drop or trolling.































































Note: YELLOWTAIL, RED GROUPER, SILKY SNAPPER, CERO MACKEREL, KINGFISH, SAILFISH</cmt>
    <desc>Good Bottom fishing drop or trolling.































































Note: YELLOWTAIL, RED GROUPER, SILKY SNAPPER, CERO MACKEREL, KINGFISH, SAILFISH</desc>
    <sym>Fishing Area</sym>
    <extensions>
      <gpxx:WaypointExtension xmlns:gpxx="http://www.garmin.com/xmlschemas/GpxExtensions/v3">
        <gpxx:DisplayMode>SymbolOnly</gpxx:DisplayMode>
      </gpxx:WaypointExtension>
    </extensions>
  </wpt>

  <wpt lat="25.0503978" lon="-80.2164340">
    <time>2000-01-01T05:00:00Z</time>
    <name>NORTHERN LI</name>
    <cmt>GOOD BOTTOM</cmt>
    <desc>GOOD BOTTOM</desc>
    <sym>Fishing Area</sym>
    <extensions>
      <gpxx:WaypointExtension xmlns:gpxx="http://www.garmin.com/xmlschemas/GpxExtensions/v3">
        <gpxx:DisplayMode>SymbolOnly</gpxx:DisplayMode>
      </gpxx:WaypointExtension>
    </extensions>
  </wpt>

  <wpt lat="24.5606689" lon="-81.8100365">
    <time>2000-01-01T05:00:00Z</time>
    <name>PATCH 3W</name>
    <cmt>Live Bottom, Ricks or good structure for drfit fishing, lostering or Anchor chum fishing</cmt>
    <desc>Live Bottom, Ricks or good structure for drfit fishing, lostering or Anchor chum fishing</desc>
    <sym>Fishing Area</sym>
    <extensions>
      <gpxx:WaypointExtension xmlns:gpxx="http://www.garmin.com/xmlschemas/GpxExtensions/v3">
        <gpxx:DisplayMode>SymbolOnly</gpxx:DisplayMode>
      </gpxx:WaypointExtension>
    </extensions>
  </wpt>

  <wpt lat="24.5425023" lon="-81.8180582">
    <time>2000-01-01T05:00:00Z</time>
    <name>PATCH A</name>
    <cmt>Live Bottom, Ricks or good structure for drfit fishing, lostering or Anchor chum fishing</cmt>
    <desc>Live Bottom, Ricks or good structure for drfit fishing, lostering or Anchor chum fishing</desc>
    <sym>Fishing Area</sym>
    <extensions>
      <gpxx:WaypointExtension xmlns:gpxx="http://www.garmin.com/xmlschemas/GpxExtensions/v3">
        <gpxx:DisplayMode>SymbolOnly</gpxx:DisplayMode>
      </gpxx:WaypointExtension>
    </extensions>
  </wpt>

  <wpt lat="24.5411137" lon="-81.8261157">
    <time>2000-01-01T05:00:00Z</time>
    <name>PATCH B</name>
    <cmt>Live Bottom, Ricks or good structure for drfit fishing, lostering or Anchor chum fishing</cmt>
    <desc>Live Bottom, Ricks or good structure for drfit fishing, lostering or Anchor chum fishing</desc>
    <sym>Fishing Area</sym>
    <extensions>
      <gpxx:WaypointExtension xmlns:gpxx="http://www.garmin.com/xmlschemas/GpxExtensions/v3">
        <gpxx:DisplayMode>SymbolOnly</gpxx:DisplayMode>
      </gpxx:WaypointExtension>
    </extensions>
  </wpt>

  <wpt lat="24.5458384" lon="-81.8302748">
    <time>2000-01-01T05:00:00Z</time>
    <name>PATCH C</name>
    <cmt>Live Bottom, Ricks or good structure for drfit fishing, lostering or Anchor chum fishing</cmt>
    <desc>Live Bottom, Ricks or good structure for drfit fishing, lostering or Anchor chum fishing</desc>
    <sym>Fishing Area</sym>
    <extensions>
      <gpxx:WaypointExtension xmlns:gpxx="http://www.garmin.com/xmlschemas/GpxExtensions/v3">
        <gpxx:DisplayMode>SymbolOnly</gpxx:DisplayMode>
      </gpxx:WaypointExtension>
    </extensions>
  </wpt>

  <wpt lat="24.5521077" lon="-81.8150220">
    <time>2000-01-01T05:00:00Z</time>
    <name>PATCH C1</name>
    <cmt>Live Bottom, Ricks or good structure for drfit fishing, lostering or Anchor chum fishing</cmt>
    <desc>Live Bottom, Ricks or good structure for drfit fishing, lostering or Anchor chum fishing</desc>
    <sym>Fishing Area</sym>
    <extensions>
      <gpxx:WaypointExtension xmlns:gpxx="http://www.garmin.com/xmlschemas/GpxExtensions/v3">
        <gpxx:DisplayMode>SymbolOnly</gpxx:DisplayMode>
      </gpxx:WaypointExtension>
    </extensions>
  </wpt>

  <wpt lat="24.4799964" lon="-81.7055576">
    <time>2000-01-01T05:00:00Z</time>
    <name>PATCH C2</name>
    <cmt>Live Bottom, Ricks or good structure for drfit fishing, lostering or Anchor chum fishing</cmt>
    <desc>Live Bottom, Ricks or good structure for drfit fishing, lostering or Anchor chum fishing</desc>
    <sym>Fishing Area</sym>
    <extensions>
      <gpxx:WaypointExtension xmlns:gpxx="http://www.garmin.com/xmlschemas/GpxExtensions/v3">
        <gpxx:DisplayMode>SymbolOnly</gpxx:DisplayMode>
      </gpxx:WaypointExtension>
    </extensions>
  </wpt>

  <wpt lat="24.5139204" lon="-81.8318288">
    <time>2000-01-01T05:00:00Z</time>
    <name>PATCH C5</name>
    <cmt>Live Bottom, Ricks or good structure for drfit fishing, lostering or Anchor chum fishing</cmt>
    <desc>Live Bottom, Ricks or good structure for drfit fishing, lostering or Anchor chum fishing</desc>
    <sym>Fishing Area</sym>
    <extensions>
      <gpxx:WaypointExtension xmlns:gpxx="http://www.garmin.com/xmlschemas/GpxExtensions/v3">
        <gpxx:DisplayMode>SymbolOnly</gpxx:DisplayMode>
      </gpxx:WaypointExtension>
    </extensions>
  </wpt>

  <wpt lat="24.5418122" lon="-81.8212022">
    <time>2000-01-01T05:00:00Z</time>
    <name>PATCH D</name>
    <cmt>Live Bottom, Ricks or good structure for drfit fishing, lostering or Anchor chum fishing</cmt>
    <desc>Live Bottom, Ricks or good structure for drfit fishing, lostering or Anchor chum fishing</desc>
    <sym>Fishing Area</sym>
    <extensions>
      <gpxx:WaypointExtension xmlns:gpxx="http://www.garmin.com/xmlschemas/GpxExtensions/v3">
        <gpxx:DisplayMode>SymbolOnly</gpxx:DisplayMode>
      </gpxx:WaypointExtension>
    </extensions>
  </wpt>

  <wpt lat="24.7093018" lon="-80.8697889">
    <time>2000-01-01T05:00:00Z</time>
    <name>PATCH F4</name>
    <cmt>Live Bottom, Ricks or good structure for drfit fishing, lostering or Anchor chum fishing</cmt>
    <desc>Live Bottom, Ricks or good structure for drfit fishing, lostering or Anchor chum fishing</desc>
    <sym>Fishing Area</sym>
    <extensions>
      <gpxx:WaypointExtension xmlns:gpxx="http://www.garmin.com/xmlschemas/GpxExtensions/v3">
        <gpxx:DisplayMode>SymbolOnly</gpxx:DisplayMode>
      </gpxx:WaypointExtension>
    </extensions>
  </wpt>

  <wpt lat="24.5572593" lon="-81.8117522">
    <time>2000-01-01T05:00:00Z</time>
    <name>PATCH G</name>
    <cmt>Live Bottom, Ricks or good structure for drfit fishing, lostering or Anchor chum fishing</cmt>
    <desc>Live Bottom, Ricks or good structure for drfit fishing, lostering or Anchor chum fishing</desc>
    <sym>Fishing Area</sym>
    <extensions>
      <gpxx:WaypointExtension xmlns:gpxx="http://www.garmin.com/xmlschemas/GpxExtensions/v3">
        <gpxx:DisplayMode>SymbolOnly</gpxx:DisplayMode>
      </gpxx:WaypointExtension>
    </extensions>
  </wpt>

  <wpt lat="24.8879132" lon="-80.5553371">
    <time>2000-01-01T05:00:00Z</time>
    <name>PATCH HH</name>
    <cmt>Live Bottom, Ricks or good structure for drfit fishing, lostering or Anchor chum fishing</cmt>
    <desc>Live Bottom, Ricks or good structure for drfit fishing, lostering or Anchor chum fishing</desc>
    <sym>Fishing Area</sym>
    <extensions>
      <gpxx:WaypointExtension xmlns:gpxx="http://www.garmin.com/xmlschemas/GpxExtensions/v3">
        <gpxx:DisplayMode>SymbolOnly</gpxx:DisplayMode>
      </gpxx:WaypointExtension>
    </extensions>
  </wpt>

  <wpt lat="24.9462006" lon="-80.4648421">
    <name>PATCH REEF D</name>
    <cmt>PATCH REEF FISHING SPOT FOR YTAIL SNAPPER AND CUBERA'S. CHUM HEAVY FOR BEST RESULTS</cmt>
    <desc>PATCH REEF FISHING SPOT FOR YTAIL SNAPPER AND CUBERA'S. CHUM HEAVY FOR BEST RESULTS</desc>
    <sym>Fishing Area</sym>
    <extensions>
      <gpxx:WaypointExtension xmlns:gpxx="http://www.garmin.com/xmlschemas/GpxExtensions/v3">
        <gpxx:Depth>11.0337600</gpxx:Depth>
        <gpxx:DisplayMode>SymbolOnly</gpxx:DisplayMode>
      </gpxx:WaypointExtension>
    </extensions>
  </wpt>

  <wpt lat="24.5462986" lon="-81.4082270">
    <time>2000-01-01T05:00:00Z</time>
    <name>PATCH YY</name>
    <cmt>Live Bottom, Ricks or good structure for drfit fishing, lostering or Anchor chum fishing</cmt>
    <desc>Live Bottom, Ricks or good structure for drfit fishing, lostering or Anchor chum fishing</desc>
    <sym>Fishing Area</sym>
    <extensions>
      <gpxx:WaypointExtension xmlns:gpxx="http://www.garmin.com/xmlschemas/GpxExtensions/v3">
        <gpxx:DisplayMode>SymbolOnly</gpxx:DisplayMode>
      </gpxx:WaypointExtension>
    </extensions>
  </wpt>

  <wpt lat="24.9615832" lon="-80.4762976">
    <time>2018-02-03T20:47:58Z</time>
    <name>patch017</name>
    <cmt>anhor chum bottom fish in fish use two chum blocks incoming or ebb tide mangrove ytail grouper</cmt>
    <desc>anhor chum bottom fish in fish use two chum blocks incoming or ebb tide mangrove ytail grouper</desc>
    <sym>Flag, Green</sym>
    <extensions>
      <gpxx:WaypointExtension xmlns:gpxx="http://www.garmin.com/xmlschemas/GpxExtensions/v3">
        <gpxx:Depth>5.4864000</gpxx:Depth>
        <gpxx:DisplayMode>SymbolOnly</gpxx:DisplayMode>
      </gpxx:WaypointExtension>
    </extensions>
  </wpt>

  <wpt lat="24.9068007" lon="-80.5472724">
    <time>2018-02-03T20:48:19Z</time>
    <name>patch018</name>
    <cmt>anhor chum bottom fish in fish use two chum blocks incoming or ebb tide mangrove ytail grouper</cmt>
    <desc>anhor chum bottom fish in fish use two chum blocks incoming or ebb tide mangrove ytail grouper</desc>
    <sym>Flag, Green</sym>
    <extensions>
      <gpxx:WaypointExtension xmlns:gpxx="http://www.garmin.com/xmlschemas/GpxExtensions/v3">
        <gpxx:Depth>5.4864000</gpxx:Depth>
        <gpxx:DisplayMode>SymbolOnly</gpxx:DisplayMode>
      </gpxx:WaypointExtension>
    </extensions>
  </wpt>

  <wpt lat="24.9114992" lon="-80.5928868">
    <time>2018-02-03T20:50:09Z</time>
    <name>patch020</name>
    <cmt>hawks channel anhor chum bottom fish in fish use two chum blocks incoming or ebb tide mangrove ytail grouper</cmt>
    <desc>hawks channel anhor chum bottom fish in fish use two chum blocks incoming or ebb tide mangrove ytail grouper</desc>
    <sym>Navaid, Blue</sym>
    <extensions>
      <gpxx:WaypointExtension xmlns:gpxx="http://www.garmin.com/xmlschemas/GpxExtensions/v3">
        <gpxx:DisplayMode>SymbolOnly</gpxx:DisplayMode>
      </gpxx:WaypointExtension>
    </extensions>
  </wpt>

  <wpt lat="24.6553779" lon="-81.0278465">
    <time>2018-02-03T20:52:54Z</time>
    <name>patch023</name>
    <cmt>anhor chum bottom fish in fish use two chum blocks incoming or ebb tide mangrove ytail grouper</cmt>
    <desc>anhor chum bottom fish in fish use two chum blocks incoming or ebb tide mangrove ytail grouper</desc>
    <sym>Flag, Green</sym>
    <extensions>
      <gpxx:WaypointExtension xmlns:gpxx="http://www.garmin.com/xmlschemas/GpxExtensions/v3">
        <gpxx:Depth>5.4864000</gpxx:Depth>
        <gpxx:DisplayMode>SymbolOnly</gpxx:DisplayMode>
      </gpxx:WaypointExtension>
    </extensions>
  </wpt>

  <wpt lat="24.5550638" lon="-81.5296466">
    <time>2013-02-21T18:51:17Z</time>
    <name>PATCHF17</name>
    <cmt>GOOD REEF FISHING FOR GROUPER, SNAPPER AND MACKEREL. SEE YOUR TUTORIAL ON PATCH REEF FISHING</cmt>
    <desc>GOOD REEF FISHING FOR GROUPER, SNAPPER AND MACKEREL. SEE YOUR TUTORIAL ON PATCH REEF FISHING</desc>
    <sym>Fishing Area</sym>
    <extensions>
      <gpxx:WaypointExtension xmlns:gpxx="http://www.garmin.com/xmlschemas/GpxExtensions/v3">
        <gpxx:Depth>5.4864000</gpxx:Depth>
        <gpxx:DisplayMode>SymbolOnly</gpxx:DisplayMode>
      </gpxx:WaypointExtension>
    </extensions>
  </wpt>

  <wpt lat="25.0781733" lon="-80.3367631">
    <time>2013-06-28T19:20:44Z</time>
    <name>PATCHPKAMP</name>
    <cmt>GOOD Y-TAIL AND MANGROVE SNAPPER FISHING - CHUM HEAVY, FISH A LIVE FLAT LINE FOR MACKEREL</cmt>
    <desc>GOOD Y-TAIL AND MANGROVE SNAPPER FISHING - CHUM HEAVY, FISH A LIVE FLAT LINE FOR MACKEREL</desc>
    <sym>Fishing Area</sym>
    <extensions>
      <gpxx:WaypointExtension xmlns:gpxx="http://www.garmin.com/xmlschemas/GpxExtensions/v3">
        <gpxx:Depth>0.0000000</gpxx:Depth>
        <gpxx:DisplayMode>SymbolOnly</gpxx:DisplayMode>
      </gpxx:WaypointExtension>
    </extensions>
  </wpt>

  <wpt lat="25.0617641" lon="-80.3571011">
    <time>2013-06-28T19:22:02Z</time>
    <name>PATCHPKAMP2</name>
    <cmt>GOOD Y-TAIL AND MANGROVE SNAPPER FISHING - CHUM HEAVY, FISH A LIVE FLAT LINE FOR MACKEREL</cmt>
    <desc>GOOD Y-TAIL AND MANGROVE SNAPPER FISHING - CHUM HEAVY, FISH A LIVE FLAT LINE FOR MACKEREL</desc>
    <sym>Fishing Area</sym>
    <extensions>
      <gpxx:WaypointExtension xmlns:gpxx="http://www.garmin.com/xmlschemas/GpxExtensions/v3">
        <gpxx:Depth>5.4864000</gpxx:Depth>
        <gpxx:DisplayMode>SymbolOnly</gpxx:DisplayMode>
      </gpxx:WaypointExtension>
    </extensions>
  </wpt>

  <wpt lat="24.5088624" lon="-81.6650525">
    <time>2016-10-01T21:18:33Z</time>
    <name>PATCHRE001</name>
    <cmt>PATCH REEF, BOTTOM FISHING WITH CHUM, LIVE AND CUT BAIT FOR YELLOWTAIL AND MORE</cmt>
    <desc>PATCH REEF, BOTTOM FISHING WITH CHUM, LIVE AND CUT BAIT FOR YELLOWTAIL AND MORE</desc>
    <sym>Flag</sym>
    <extensions>
      <gpxx:WaypointExtension xmlns:gpxx="http://www.garmin.com/xmlschemas/GpxExtensions/v3">
        <gpxx:Depth>5.4864000</gpxx:Depth>
        <gpxx:DisplayMode>SymbolOnly</gpxx:DisplayMode>
      </gpxx:WaypointExtension>
    </extensions>
  </wpt>

  <wpt lat="24.5395623" lon="-81.5143117">
    <time>2016-10-01T21:19:42Z</time>
    <name>PATCHRE002</name>
    <cmt>PATCH REEF, BOTTOM FISHING WITH CHUM, LIVE AND CUT BAIT FOR YELLOWTAIL AND MORE</cmt>
    <desc>PATCH REEF, BOTTOM FISHING WITH CHUM, LIVE AND CUT BAIT FOR YELLOWTAIL AND MORE</desc>
    <sym>Flag</sym>
    <extensions>
      <gpxx:WaypointExtension xmlns:gpxx="http://www.garmin.com/xmlschemas/GpxExtensions/v3">
        <gpxx:Depth>5.4864000</gpxx:Depth>
        <gpxx:DisplayMode>SymbolOnly</gpxx:DisplayMode>
      </gpxx:WaypointExtension>
    </extensions>
  </wpt>

  <wpt lat="24.5403671" lon="-81.4952946">
    <time>2016-10-01T21:19:55Z</time>
    <name>PATCHRE003</name>
    <cmt>PATCH REEF, BOTTOM FISHING WITH CHUM, LIVE AND CUT BAIT FOR YELLOWTAIL AND MORE</cmt>
    <desc>PATCH REEF, BOTTOM FISHING WITH CHUM, LIVE AND CUT BAIT FOR YELLOWTAIL AND MORE</desc>
    <sym>Flag</sym>
    <extensions>
      <gpxx:WaypointExtension xmlns:gpxx="http://www.garmin.com/xmlschemas/GpxExtensions/v3">
        <gpxx:Depth>5.4864000</gpxx:Depth>
        <gpxx:DisplayMode>SymbolOnly</gpxx:DisplayMode>
      </gpxx:WaypointExtension>
    </extensions>
  </wpt>

  <wpt lat="24.5610149" lon="-81.4989127">
    <time>2016-10-01T21:20:01Z</time>
    <name>PATCHRE004</name>
    <cmt>PATCH REEF, BOTTOM FISHING WITH CHUM, LIVE AND CUT BAIT FOR YELLOWTAIL AND MORE</cmt>
    <desc>PATCH REEF, BOTTOM FISHING WITH CHUM, LIVE AND CUT BAIT FOR YELLOWTAIL AND MORE</desc>
    <sym>Flag</sym>
    <extensions>
      <gpxx:WaypointExtension xmlns:gpxx="http://www.garmin.com/xmlschemas/GpxExtensions/v3">
        <gpxx:Depth>5.4864000</gpxx:Depth>
        <gpxx:DisplayMode>SymbolOnly</gpxx:DisplayMode>
      </gpxx:WaypointExtension>
    </extensions>
  </wpt>

  <wpt lat="24.5250427" lon="-81.5523179">
    <time>2016-10-01T21:20:12Z</time>
    <name>PATCHRE005</name>
    <cmt>PATCH REEF, BOTTOM FISHING WITH CHUM, LIVE AND CUT BAIT FOR YELLOWTAIL AND MORE</cmt>
    <desc>PATCH REEF, BOTTOM FISHING WITH CHUM, LIVE AND CUT BAIT FOR YELLOWTAIL AND MORE</desc>
    <sym>Flag</sym>
    <extensions>
      <gpxx:WaypointExtension xmlns:gpxx="http://www.garmin.com/xmlschemas/GpxExtensions/v3">
        <gpxx:Depth>5.4864000</gpxx:Depth>
        <gpxx:DisplayMode>SymbolOnly</gpxx:DisplayMode>
      </gpxx:WaypointExtension>
    </extensions>
  </wpt>

  <wpt lat="24.5833683" lon="-81.4325523">
    <time>2016-10-01T21:20:27Z</time>
    <name>PATCHRE006</name>
    <cmt>PATCH REEF, BOTTOM FISHING WITH CHUM, LIVE AND CUT BAIT FOR YELLOWTAIL AND MORE</cmt>
    <desc>PATCH REEF, BOTTOM FISHING WITH CHUM, LIVE AND CUT BAIT FOR YELLOWTAIL AND MORE</desc>
    <sym>Flag</sym>
    <extensions>
      <gpxx:WaypointExtension xmlns:gpxx="http://www.garmin.com/xmlschemas/GpxExtensions/v3">
        <gpxx:Depth>5.4864000</gpxx:Depth>
        <gpxx:DisplayMode>SymbolOnly</gpxx:DisplayMode>
      </gpxx:WaypointExtension>
    </extensions>
  </wpt>

  <wpt lat="24.6293649" lon="-81.3037407">
    <time>2016-10-01T21:21:22Z</time>
    <name>PATCHRE007</name>
    <cmt>PATCH REEF, BOTTOM FISHING WITH CHUM, LIVE AND CUT BAIT FOR YELLOWTAIL AND MORE</cmt>
    <desc>PATCH REEF, BOTTOM FISHING WITH CHUM, LIVE AND CUT BAIT FOR YELLOWTAIL AND MORE</desc>
    <sym>Flag</sym>
    <extensions>
      <gpxx:WaypointExtension xmlns:gpxx="http://www.garmin.com/xmlschemas/GpxExtensions/v3">
        <gpxx:Depth>5.4864000</gpxx:Depth>
        <gpxx:DisplayMode>SymbolOnly</gpxx:DisplayMode>
      </gpxx:WaypointExtension>
    </extensions>
  </wpt>

  <wpt lat="24.5639555" lon="-81.5509694">
    <time>2016-10-01T21:23:41Z</time>
    <name>PATCHRE008</name>
    <cmt>PATCH REEF, BOTTOM FISHING WITH CHUM, LIVE AND CUT BAIT FOR YELLOWTAIL AND MORE</cmt>
    <desc>PATCH REEF, BOTTOM FISHING WITH CHUM, LIVE AND CUT BAIT FOR YELLOWTAIL AND MORE</desc>
    <sym>Flag</sym>
    <extensions>
      <gpxx:WaypointExtension xmlns:gpxx="http://www.garmin.com/xmlschemas/GpxExtensions/v3">
        <gpxx:Depth>3.6576000</gpxx:Depth>
        <gpxx:DisplayMode>SymbolOnly</gpxx:DisplayMode>
      </gpxx:WaypointExtension>
    </extensions>
  </wpt>

  <wpt lat="24.5796007" lon="-81.5631008">
    <time>2016-10-01T21:23:51Z</time>
    <name>PATCHRE009</name>
    <cmt>PATCH REEF, BOTTOM FISHING WITH CHUM, LIVE AND CUT BAIT FOR YELLOWTAIL AND MORE</cmt>
    <desc>PATCH REEF, BOTTOM FISHING WITH CHUM, LIVE AND CUT BAIT FOR YELLOWTAIL AND MORE</desc>
    <sym>Flag</sym>
    <extensions>
      <gpxx:WaypointExtension xmlns:gpxx="http://www.garmin.com/xmlschemas/GpxExtensions/v3">
        <gpxx:Depth>3.6576000</gpxx:Depth>
        <gpxx:DisplayMode>SymbolOnly</gpxx:DisplayMode>
      </gpxx:WaypointExtension>
    </extensions>
  </wpt>

  <wpt lat="24.5808657" lon="-81.5741911">
    <time>2016-10-01T21:24:01Z</time>
    <name>PATCHRE010</name>
    <cmt>PATCH REEF, BOTTOM FISHING WITH CHUM, LIVE AND CUT BAIT FOR YELLOWTAIL AND MORE</cmt>
    <desc>PATCH REEF, BOTTOM FISHING WITH CHUM, LIVE AND CUT BAIT FOR YELLOWTAIL AND MORE</desc>
    <sym>Flag</sym>
    <extensions>
      <gpxx:WaypointExtension xmlns:gpxx="http://www.garmin.com/xmlschemas/GpxExtensions/v3">
        <gpxx:Depth>5.4864000</gpxx:Depth>
        <gpxx:DisplayMode>SymbolOnly</gpxx:DisplayMode>
      </gpxx:WaypointExtension>
    </extensions>
  </wpt>

  <wpt lat="24.5238711" lon="-81.6239713">
    <time>2013-02-21T18:48:46Z</time>
    <name>PATCHREEF 2</name>
    <cmt>GOOD REEF FISHING FOR GROUPER, SNAPPER AND MACKEREL. SEE YOUR TUTORIAL ON PATCH REEF FISHING</cmt>
    <desc>GOOD REEF FISHING FOR GROUPER, SNAPPER AND MACKEREL. SEE YOUR TUTORIAL ON PATCH REEF FISHING</desc>
    <sym>Fishing Area</sym>
    <extensions>
      <gpxx:WaypointExtension xmlns:gpxx="http://www.garmin.com/xmlschemas/GpxExtensions/v3">
        <gpxx:Depth>9.1440000</gpxx:Depth>
        <gpxx:DisplayMode>SymbolOnly</gpxx:DisplayMode>
      </gpxx:WaypointExtension>
    </extensions>
  </wpt>

  <wpt lat="24.5287433" lon="-81.6614553">
    <time>2013-02-21T18:45:22Z</time>
    <name>patchreef A</name>
    <cmt>GOOD REEF FISHING FOR GROUPER, SNAPPER AND MACKEREL. SEE YOUR TUTORIAL ON PATCH REEF FISHING</cmt>
    <desc>GOOD REEF FISHING FOR GROUPER, SNAPPER AND MACKEREL. SEE YOUR TUTORIAL ON PATCH REEF FISHING</desc>
    <sym>Fishing Area</sym>
    <extensions>
      <gpxx:WaypointExtension xmlns:gpxx="http://www.garmin.com/xmlschemas/GpxExtensions/v3">
        <gpxx:Depth>5.4864000</gpxx:Depth>
        <gpxx:DisplayMode>SymbolOnly</gpxx:DisplayMode>
      </gpxx:WaypointExtension>
    </extensions>
  </wpt>

  <wpt lat="25.0584286" lon="-80.3465743">
    <time>2013-06-28T19:24:54Z</time>
    <name>PATCHREEF001</name>
    <cmt>GOOD Y-TAIL AND MANGROVE SNAPPER FISHING - CHUM HEAVY, FISH A LIVE FLAT LINE FOR MACKEREL</cmt>
    <desc>GOOD Y-TAIL AND MANGROVE SNAPPER FISHING - CHUM HEAVY, FISH A LIVE FLAT LINE FOR MACKEREL</desc>
    <sym>Fishing Area</sym>
    <extensions>
      <gpxx:WaypointExtension xmlns:gpxx="http://www.garmin.com/xmlschemas/GpxExtensions/v3">
        <gpxx:Depth>3.6576000</gpxx:Depth>
        <gpxx:DisplayMode>SymbolOnly</gpxx:DisplayMode>
      </gpxx:WaypointExtension>
    </extensions>
  </wpt>

  <wpt lat="25.0541496" lon="-80.3480816">
    <time>2013-06-28T19:25:04Z</time>
    <name>PATCHREEF002</name>
    <cmt>GOOD Y-TAIL AND MANGROVE SNAPPER FISHING - CHUM HEAVY, FISH A LIVE FLAT LINE FOR MACKEREL</cmt>
    <desc>GOOD Y-TAIL AND MANGROVE SNAPPER FISHING - CHUM HEAVY, FISH A LIVE FLAT LINE FOR MACKEREL</desc>
    <sym>Fishing Area</sym>
    <extensions>
      <gpxx:WaypointExtension xmlns:gpxx="http://www.garmin.com/xmlschemas/GpxExtensions/v3">
        <gpxx:DisplayMode>SymbolOnly</gpxx:DisplayMode>
      </gpxx:WaypointExtension>
    </extensions>
  </wpt>

  <wpt lat="25.1257632" lon="-80.3532920">
    <time>2018-02-03T20:37:51Z</time>
    <name>PATCHREEF003</name>
    <cmt>PATCH REEF FOR BOTTOM FISHING YELLOWTAIL, MANGROVES - NIGHT FISHING FOR GROUPER- ALWAYS CHUM!!!</cmt>
    <desc>PATCH REEF FOR BOTTOM FISHING YELLOWTAIL, MANGROVES - NIGHT FISHING FOR GROUPER- ALWAYS CHUM!!!</desc>
    <sym>Fishing Area</sym>
    <extensions>
      <gpxx:WaypointExtension xmlns:gpxx="http://www.garmin.com/xmlschemas/GpxExtensions/v3">
        <gpxx:Depth>3.6576000</gpxx:Depth>
        <gpxx:DisplayMode>SymbolOnly</gpxx:DisplayMode>
      </gpxx:WaypointExtension>
    </extensions>
  </wpt>

  <wpt lat="25.1122749" lon="-80.3288310">
    <time>2018-02-03T20:37:42Z</time>
    <name>PATCHREEF004</name>
    <cmt>PATCH REEF FOR BOTTOM FISHING YELLOWTAIL, MANGROVES - NIGHT FISHING FOR GROUPER- ALWAYS CHUM!!!</cmt>
    <desc>PATCH REEF FOR BOTTOM FISHING YELLOWTAIL, MANGROVES - NIGHT FISHING FOR GROUPER- ALWAYS CHUM!!!</desc>
    <sym>Fishing Area</sym>
    <extensions>
      <gpxx:WaypointExtension xmlns:gpxx="http://www.garmin.com/xmlschemas/GpxExtensions/v3">
        <gpxx:Depth>3.6576000</gpxx:Depth>
        <gpxx:DisplayMode>SymbolOnly</gpxx:DisplayMode>
      </gpxx:WaypointExtension>
    </extensions>
  </wpt>

  <wpt lat="25.1063219" lon="-80.3274897">
    <time>2013-06-28T14:36:47Z</time>
    <name>PATCHREEF005</name>
    <cmt>PATCH REEF FOR BOTTOM FISHING YELLOWTAIL, MANGROVES - NIGHT FISHING FOR GROUPER- ALWAYS CHUM!!!</cmt>
    <desc>PATCH REEF FOR BOTTOM FISHING YELLOWTAIL, MANGROVES - NIGHT FISHING FOR GROUPER- ALWAYS CHUM!!!</desc>
    <sym>Fishing Area</sym>
    <extensions>
      <gpxx:WaypointExtension xmlns:gpxx="http://www.garmin.com/xmlschemas/GpxExtensions/v3">
        <gpxx:Depth>1.8288000</gpxx:Depth>
        <gpxx:DisplayMode>SymbolOnly</gpxx:DisplayMode>
      </gpxx:WaypointExtension>
    </extensions>
  </wpt>

  <wpt lat="25.0784397" lon="-80.3131485">
    <time>2013-06-28T19:25:12Z</time>
    <name>PATCHREEF006</name>
    <cmt>GOOD Y-TAIL AND MANGROVE SNAPPER FISHING - CHUM HEAVY, FISH A LIVE FLAT LINE FOR MACKEREL</cmt>
    <desc>GOOD Y-TAIL AND MANGROVE SNAPPER FISHING - CHUM HEAVY, FISH A LIVE FLAT LINE FOR MACKEREL</desc>
    <sym>Fishing Area</sym>
    <extensions>
      <gpxx:WaypointExtension xmlns:gpxx="http://www.garmin.com/xmlschemas/GpxExtensions/v3">
        <gpxx:DisplayMode>SymbolOnly</gpxx:DisplayMode>
      </gpxx:WaypointExtension>
    </extensions>
  </wpt>

  <wpt lat="25.0363129" lon="-80.3646203">
    <time>2013-06-28T19:30:24Z</time>
    <name>PATCHREEF007</name>
    <cmt>GOOD Y-TAIL AND MANGROVE SNAPPER FISHING - CHUM HEAVY, FISH A LIVE FLAT LINE FOR MACKEREL</cmt>
    <desc>GOOD Y-TAIL AND MANGROVE SNAPPER FISHING - CHUM HEAVY, FISH A LIVE FLAT LINE FOR MACKEREL</desc>
    <sym>Fishing Area</sym>
    <extensions>
      <gpxx:WaypointExtension xmlns:gpxx="http://www.garmin.com/xmlschemas/GpxExtensions/v3">
        <gpxx:Depth>5.4864000</gpxx:Depth>
        <gpxx:DisplayMode>SymbolOnly</gpxx:DisplayMode>
      </gpxx:WaypointExtension>
    </extensions>
  </wpt>

  <wpt lat="25.0265581" lon="-80.3563958">
    <time>2013-06-28T19:30:58Z</time>
    <name>PATCHREEF008</name>
    <cmt>GOOD Y-TAIL AND MANGROVE SNAPPER FISHING - CHUM HEAVY, FISH A LIVE FLAT LINE FOR MACKEREL</cmt>
    <desc>GOOD Y-TAIL AND MANGROVE SNAPPER FISHING - CHUM HEAVY, FISH A LIVE FLAT LINE FOR MACKEREL</desc>
    <sym>Fishing Area</sym>
    <extensions>
      <gpxx:WaypointExtension xmlns:gpxx="http://www.garmin.com/xmlschemas/GpxExtensions/v3">
        <gpxx:Depth>9.1440000</gpxx:Depth>
        <gpxx:DisplayMode>SymbolOnly</gpxx:DisplayMode>
      </gpxx:WaypointExtension>
    </extensions>
  </wpt>

  <wpt lat="25.0460556" lon="-80.3944915">
    <time>2013-06-28T19:31:16Z</time>
    <name>PATCHREEF009</name>
    <cmt>GOOD Y-TAIL AND MANGROVE SNAPPER FISHING - CHUM HEAVY, FISH A LIVE FLAT LINE FOR MACKEREL</cmt>
    <desc>GOOD Y-TAIL AND MANGROVE SNAPPER FISHING - CHUM HEAVY, FISH A LIVE FLAT LINE FOR MACKEREL</desc>
    <sym>Fishing Area</sym>
    <extensions>
      <gpxx:WaypointExtension xmlns:gpxx="http://www.garmin.com/xmlschemas/GpxExtensions/v3">
        <gpxx:Depth>3.6576000</gpxx:Depth>
        <gpxx:DisplayMode>SymbolOnly</gpxx:DisplayMode>
      </gpxx:WaypointExtension>
    </extensions>
  </wpt>

  <wpt lat="25.0462237" lon="-80.3803167">
    <time>2013-06-28T19:31:47Z</time>
    <name>PATCHREEF010</name>
    <cmt>YELLOWTAIL SNAPPER FISHING - MANGROVES, CHUM HEAVY - LIVE BAIT WHILE ANCHORED</cmt>
    <desc>YELLOWTAIL SNAPPER FISHING - MANGROVES, CHUM HEAVY - LIVE BAIT WHILE ANCHORED</desc>
    <sym>Flag, Green</sym>
    <extensions>
      <gpxx:WaypointExtension xmlns:gpxx="http://www.garmin.com/xmlschemas/GpxExtensions/v3">
        <gpxx:Depth>3.6576000</gpxx:Depth>
        <gpxx:DisplayMode>SymbolOnly</gpxx:DisplayMode>
      </gpxx:WaypointExtension>
    </extensions>
  </wpt>

  <wpt lat="25.0378144" lon="-80.3941101">
    <time>2013-06-28T19:38:15Z</time>
    <name>PATCHREEF011</name>
    <cmt>YELLOWTAIL SNAPPER FISHING - MANGROVES, CHUM HEAVY - LIVE BAIT WHILE ANCHORED</cmt>
    <desc>YELLOWTAIL SNAPPER FISHING - MANGROVES, CHUM HEAVY - LIVE BAIT WHILE ANCHORED</desc>
    <sym>Flag, Green</sym>
    <extensions>
      <gpxx:WaypointExtension xmlns:gpxx="http://www.garmin.com/xmlschemas/GpxExtensions/v3">
        <gpxx:Depth>3.6576000</gpxx:Depth>
        <gpxx:DisplayMode>SymbolOnly</gpxx:DisplayMode>
      </gpxx:WaypointExtension>
    </extensions>
  </wpt>

  <wpt lat="25.0318991" lon="-80.3811680">
    <time>2013-06-28T19:38:28Z</time>
    <name>PATCHREEF012</name>
    <cmt>YELLOWTAIL SNAPPER FISHING - MANGROVES, CHUM HEAVY - LIVE BAIT WHILE ANCHORED</cmt>
    <desc>YELLOWTAIL SNAPPER FISHING - MANGROVES, CHUM HEAVY - LIVE BAIT WHILE ANCHORED</desc>
    <sym>Flag, Green</sym>
    <extensions>
      <gpxx:WaypointExtension xmlns:gpxx="http://www.garmin.com/xmlschemas/GpxExtensions/v3">
        <gpxx:Depth>5.4864000</gpxx:Depth>
        <gpxx:DisplayMode>SymbolOnly</gpxx:DisplayMode>
      </gpxx:WaypointExtension>
    </extensions>
  </wpt>

  <wpt lat="24.5696014" lon="-81.5416777">
    <time>2013-02-21T18:50:39Z</time>
    <name>PATCHREEF014</name>
    <cmt>GOOD REEF FISHING FOR GROUPER, SNAPPER AND MACKEREL. SEE YOUR TUTORIAL ON PATCH REEF FISHING</cmt>
    <desc>GOOD REEF FISHING FOR GROUPER, SNAPPER AND MACKEREL. SEE YOUR TUTORIAL ON PATCH REEF FISHING</desc>
    <sym>Fishing Area</sym>
    <extensions>
      <gpxx:WaypointExtension xmlns:gpxx="http://www.garmin.com/xmlschemas/GpxExtensions/v3">
        <gpxx:Depth>5.4864000</gpxx:Depth>
        <gpxx:DisplayMode>SymbolOnly</gpxx:DisplayMode>
      </gpxx:WaypointExtension>
    </extensions>
  </wpt>

  <wpt lat="24.5856417" lon="-81.5474818">
    <time>2013-02-21T18:50:47Z</time>
    <name>PATCHREEF015</name>
    <cmt>GOOD REEF FISHING FOR GROUPER, SNAPPER AND MACKEREL. SEE YOUR TUTORIAL ON PATCH REEF FISHING</cmt>
    <desc>GOOD REEF FISHING FOR GROUPER, SNAPPER AND MACKEREL. SEE YOUR TUTORIAL ON PATCH REEF FISHING</desc>
    <sym>Fishing Area</sym>
    <extensions>
      <gpxx:WaypointExtension xmlns:gpxx="http://www.garmin.com/xmlschemas/GpxExtensions/v3">
        <gpxx:Depth>3.6576000</gpxx:Depth>
        <gpxx:DisplayMode>SymbolOnly</gpxx:DisplayMode>
      </gpxx:WaypointExtension>
    </extensions>
  </wpt>

  <wpt lat="25.0219227" lon="-80.4389763">
    <time>2013-06-28T20:26:53Z</time>
    <name>PATCHREEF016</name>
    <cmt>SNAPPER - YELLOWTAIL, MANGROVE, DAY OR NIGHT - CHUM HEAVY</cmt>
    <desc>SNAPPER - YELLOWTAIL, MANGROVE, DAY OR NIGHT - CHUM HEAVY</desc>
    <sym>Fishing Area</sym>
    <extensions>
      <gpxx:WaypointExtension xmlns:gpxx="http://www.garmin.com/xmlschemas/GpxExtensions/v3">
        <gpxx:Depth>5.4864000</gpxx:Depth>
        <gpxx:DisplayMode>SymbolOnly</gpxx:DisplayMode>
      </gpxx:WaypointExtension>
    </extensions>
  </wpt>

  <wpt lat="24.9994243" lon="-80.3991781">
    <time>2013-06-28T20:27:33Z</time>
    <name>PATCHREEF018</name>
    <cmt>SNAPPER - YELLOWTAIL, MANGROVE, DAY OR NIGHT - CHUM HEAVY</cmt>
    <desc>SNAPPER - YELLOWTAIL, MANGROVE, DAY OR NIGHT - CHUM HEAVY</desc>
    <sym>Fishing Area</sym>
    <extensions>
      <gpxx:WaypointExtension xmlns:gpxx="http://www.garmin.com/xmlschemas/GpxExtensions/v3">
        <gpxx:Depth>5.4864000</gpxx:Depth>
        <gpxx:DisplayMode>SymbolOnly</gpxx:DisplayMode>
      </gpxx:WaypointExtension>
    </extensions>
  </wpt>

  <wpt lat="24.5417958" lon="-81.6387750">
    <time>2013-02-21T18:46:27Z</time>
    <name>PATCHREEF02</name>
    <cmt>GOOD REEF FISHING FOR GROUPER, SNAPPER AND MACKEREL. SEE YOUR TUTORIAL ON PATCH REEF FISHING</cmt>
    <desc>GOOD REEF FISHING FOR GROUPER, SNAPPER AND MACKEREL. SEE YOUR TUTORIAL ON PATCH REEF FISHING</desc>
    <sym>Fishing Area</sym>
    <extensions>
      <gpxx:WaypointExtension xmlns:gpxx="http://www.garmin.com/xmlschemas/GpxExtensions/v3">
        <gpxx:Depth>5.4864000</gpxx:Depth>
        <gpxx:DisplayMode>SymbolOnly</gpxx:DisplayMode>
      </gpxx:WaypointExtension>
    </extensions>
  </wpt>

  <wpt lat="24.9936499" lon="-80.4071610">
    <time>2013-06-28T20:28:15Z</time>
    <name>PATCHREEF020</name>
    <cmt>SNAPPER - YELLOWTAIL, MANGROVE, DAY OR NIGHT - CHUM HEAVY</cmt>
    <desc>SNAPPER - YELLOWTAIL, MANGROVE, DAY OR NIGHT - CHUM HEAVY</desc>
    <sym>Fishing Area</sym>
    <extensions>
      <gpxx:WaypointExtension xmlns:gpxx="http://www.garmin.com/xmlschemas/GpxExtensions/v3">
        <gpxx:Depth>5.4864000</gpxx:Depth>
        <gpxx:DisplayMode>SymbolOnly</gpxx:DisplayMode>
      </gpxx:WaypointExtension>
    </extensions>
  </wpt>

  <wpt lat="24.9828796" lon="-80.4742366">
    <time>2013-06-28T20:28:28Z</time>
    <name>PATCHREEF021</name>
    <cmt>SNAPPER - YELLOWTAIL, MANGROVE, DAY OR NIGHT - CHUM HEAVY</cmt>
    <desc>SNAPPER - YELLOWTAIL, MANGROVE, DAY OR NIGHT - CHUM HEAVY</desc>
    <sym>Fishing Area</sym>
    <extensions>
      <gpxx:WaypointExtension xmlns:gpxx="http://www.garmin.com/xmlschemas/GpxExtensions/v3">
        <gpxx:Depth>3.6576000</gpxx:Depth>
        <gpxx:DisplayMode>SymbolOnly</gpxx:DisplayMode>
      </gpxx:WaypointExtension>
    </extensions>
  </wpt>

  <wpt lat="24.9761781" lon="-80.4649283">
    <time>2013-06-28T20:28:36Z</time>
    <name>PATCHREEF022</name>
    <cmt>SNAPPER - YELLOWTAIL, MANGROVE, DAY OR NIGHT - CHUM HEAVY</cmt>
    <desc>SNAPPER - YELLOWTAIL, MANGROVE, DAY OR NIGHT - CHUM HEAVY</desc>
    <sym>Fishing Area</sym>
    <extensions>
      <gpxx:WaypointExtension xmlns:gpxx="http://www.garmin.com/xmlschemas/GpxExtensions/v3">
        <gpxx:Depth>3.6576000</gpxx:Depth>
        <gpxx:DisplayMode>SymbolOnly</gpxx:DisplayMode>
      </gpxx:WaypointExtension>
    </extensions>
  </wpt>

  <wpt lat="24.9609677" lon="-80.4883568">
    <time>2013-06-28T20:28:47Z</time>
    <name>PATCHREEF023</name>
    <cmt>SNAPPER - YELLOWTAIL, MANGROVE, DAY OR NIGHT - CHUM HEAVY</cmt>
    <desc>SNAPPER - YELLOWTAIL, MANGROVE, DAY OR NIGHT - CHUM HEAVY</desc>
    <sym>Fishing Area</sym>
    <extensions>
      <gpxx:WaypointExtension xmlns:gpxx="http://www.garmin.com/xmlschemas/GpxExtensions/v3">
        <gpxx:Depth>3.6576000</gpxx:Depth>
        <gpxx:DisplayMode>SymbolOnly</gpxx:DisplayMode>
      </gpxx:WaypointExtension>
    </extensions>
  </wpt>

  <wpt lat="24.9802820" lon="-80.4218457">
    <time>2013-06-28T20:29:03Z</time>
    <name>PATCHREEF024</name>
    <cmt>SNAPPER - YELLOWTAIL, MANGROVE, DAY OR NIGHT - CHUM HEAVY</cmt>
    <desc>SNAPPER - YELLOWTAIL, MANGROVE, DAY OR NIGHT - CHUM HEAVY</desc>
    <sym>Fishing Area</sym>
    <extensions>
      <gpxx:WaypointExtension xmlns:gpxx="http://www.garmin.com/xmlschemas/GpxExtensions/v3">
        <gpxx:Depth>9.1440000</gpxx:Depth>
        <gpxx:DisplayMode>SymbolOnly</gpxx:DisplayMode>
      </gpxx:WaypointExtension>
    </extensions>
  </wpt>

  <wpt lat="24.9922657" lon="-80.4308224">
    <time>2013-06-28T20:29:14Z</time>
    <name>PATCHREEF025</name>
    <cmt>SNAPPER - YELLOWTAIL, MANGROVE, DAY OR NIGHT - CHUM HEAVY</cmt>
    <desc>SNAPPER - YELLOWTAIL, MANGROVE, DAY OR NIGHT - CHUM HEAVY</desc>
    <sym>Fishing Area</sym>
    <extensions>
      <gpxx:WaypointExtension xmlns:gpxx="http://www.garmin.com/xmlschemas/GpxExtensions/v3">
        <gpxx:Depth>3.6576000</gpxx:Depth>
        <gpxx:DisplayMode>SymbolOnly</gpxx:DisplayMode>
      </gpxx:WaypointExtension>
    </extensions>
  </wpt>

  <wpt lat="24.9500315" lon="-80.4951005">
    <time>2013-06-28T20:29:31Z</time>
    <name>PATCHREEF026</name>
    <cmt>SNAPPER - YELLOWTAIL, MANGROVE, DAY OR NIGHT - CHUM HEAVY</cmt>
    <desc>SNAPPER - YELLOWTAIL, MANGROVE, DAY OR NIGHT - CHUM HEAVY</desc>
    <sym>Fishing Area</sym>
    <extensions>
      <gpxx:WaypointExtension xmlns:gpxx="http://www.garmin.com/xmlschemas/GpxExtensions/v3">
        <gpxx:Depth>5.4864000</gpxx:Depth>
        <gpxx:DisplayMode>SymbolOnly</gpxx:DisplayMode>
      </gpxx:WaypointExtension>
    </extensions>
  </wpt>

  <wpt lat="24.9328433" lon="-80.5127944">
    <time>2013-06-28T20:29:39Z</time>
    <name>PATCHREEF027</name>
    <cmt>SNAPPER - YELLOWTAIL, MANGROVE, DAY OR NIGHT - CHUM HEAVY</cmt>
    <desc>SNAPPER - YELLOWTAIL, MANGROVE, DAY OR NIGHT - CHUM HEAVY</desc>
    <sym>Fishing Area</sym>
    <extensions>
      <gpxx:WaypointExtension xmlns:gpxx="http://www.garmin.com/xmlschemas/GpxExtensions/v3">
        <gpxx:Depth>3.6576000</gpxx:Depth>
        <gpxx:DisplayMode>SymbolOnly</gpxx:DisplayMode>
      </gpxx:WaypointExtension>
    </extensions>
  </wpt>

  <wpt lat="24.9392800" lon="-80.4775706">
    <time>2013-06-28T20:29:59Z</time>
    <name>PATCHREEF028</name>
    <cmt>SNAPPER - YELLOWTAIL, MANGROVE, DAY OR NIGHT - CHUM HEAVY</cmt>
    <desc>SNAPPER - YELLOWTAIL, MANGROVE, DAY OR NIGHT - CHUM HEAVY</desc>
    <sym>Fishing Area</sym>
    <extensions>
      <gpxx:WaypointExtension xmlns:gpxx="http://www.garmin.com/xmlschemas/GpxExtensions/v3">
        <gpxx:Depth>9.1440000</gpxx:Depth>
        <gpxx:DisplayMode>SymbolOnly</gpxx:DisplayMode>
      </gpxx:WaypointExtension>
    </extensions>
  </wpt>

  <wpt lat="24.9223350" lon="-80.5428455">
    <time>2013-06-28T20:30:17Z</time>
    <name>PATCHREEF029</name>
    <cmt>SNAPPER - YELLOWTAIL, MANGROVE, DAY OR NIGHT - CHUM HEAVY</cmt>
    <desc>SNAPPER - YELLOWTAIL, MANGROVE, DAY OR NIGHT - CHUM HEAVY</desc>
    <sym>Fishing Area</sym>
    <extensions>
      <gpxx:WaypointExtension xmlns:gpxx="http://www.garmin.com/xmlschemas/GpxExtensions/v3">
        <gpxx:Depth>5.4864000</gpxx:Depth>
        <gpxx:DisplayMode>SymbolOnly</gpxx:DisplayMode>
      </gpxx:WaypointExtension>
    </extensions>
  </wpt>

  <wpt lat="24.5713072" lon="-81.5963574">
    <time>2013-02-21T18:46:42Z</time>
    <name>PATCHREEF03</name>
    <cmt>GOOD REEF FISHING FOR GROUPER, SNAPPER AND MACKEREL. SEE YOUR TUTORIAL ON PATCH REEF FISHING</cmt>
    <desc>GOOD REEF FISHING FOR GROUPER, SNAPPER AND MACKEREL. SEE YOUR TUTORIAL ON PATCH REEF FISHING</desc>
    <sym>Fishing Area</sym>
    <extensions>
      <gpxx:WaypointExtension xmlns:gpxx="http://www.garmin.com/xmlschemas/GpxExtensions/v3">
        <gpxx:Depth>3.6576000</gpxx:Depth>
        <gpxx:DisplayMode>SymbolOnly</gpxx:DisplayMode>
      </gpxx:WaypointExtension>
    </extensions>
  </wpt>

  <wpt lat="24.9015553" lon="-80.5677490">
    <time>2013-06-28T20:30:30Z</time>
    <name>PATCHREEF030</name>
    <cmt>SNAPPER - YELLOWTAIL, MANGROVE, DAY OR NIGHT - CHUM HEAVY</cmt>
    <desc>SNAPPER - YELLOWTAIL, MANGROVE, DAY OR NIGHT - CHUM HEAVY</desc>
    <sym>Fishing Area</sym>
    <extensions>
      <gpxx:WaypointExtension xmlns:gpxx="http://www.garmin.com/xmlschemas/GpxExtensions/v3">
        <gpxx:Depth>5.4864000</gpxx:Depth>
        <gpxx:DisplayMode>SymbolOnly</gpxx:DisplayMode>
      </gpxx:WaypointExtension>
    </extensions>
  </wpt>

  <wpt lat="24.8776499" lon="-80.6212850">
    <time>2013-06-28T20:30:51Z</time>
    <name>PATCHREEF031</name>
    <cmt>SNAPPER - YELLOWTAIL, MANGROVE, DAY OR NIGHT - CHUM HEAVY</cmt>
    <desc>SNAPPER - YELLOWTAIL, MANGROVE, DAY OR NIGHT - CHUM HEAVY</desc>
    <sym>Fishing Area</sym>
    <extensions>
      <gpxx:WaypointExtension xmlns:gpxx="http://www.garmin.com/xmlschemas/GpxExtensions/v3">
        <gpxx:Depth>3.6576000</gpxx:Depth>
        <gpxx:DisplayMode>SymbolOnly</gpxx:DisplayMode>
      </gpxx:WaypointExtension>
    </extensions>
  </wpt>

  <wpt lat="24.8619198" lon="-80.5996041">
    <time>2013-06-28T20:31:00Z</time>
    <name>PATCHREEF032</name>
    <cmt>SNAPPER - YELLOWTAIL, MANGROVE, DAY OR NIGHT - CHUM HEAVY</cmt>
    <desc>SNAPPER - YELLOWTAIL, MANGROVE, DAY OR NIGHT - CHUM HEAVY</desc>
    <sym>Fishing Area</sym>
    <extensions>
      <gpxx:WaypointExtension xmlns:gpxx="http://www.garmin.com/xmlschemas/GpxExtensions/v3">
        <gpxx:Depth>3.6576000</gpxx:Depth>
        <gpxx:DisplayMode>SymbolOnly</gpxx:DisplayMode>
      </gpxx:WaypointExtension>
    </extensions>
  </wpt>

  <wpt lat="24.8731571" lon="-80.5997704">
    <time>2013-06-28T20:31:26Z</time>
    <name>PATCHREEF033</name>
    <cmt>SNAPPER - YELLOWTAIL, MANGROVE, DAY OR NIGHT - CHUM HEAVY</cmt>
    <desc>SNAPPER - YELLOWTAIL, MANGROVE, DAY OR NIGHT - CHUM HEAVY</desc>
    <sym>Fishing Area</sym>
    <extensions>
      <gpxx:WaypointExtension xmlns:gpxx="http://www.garmin.com/xmlschemas/GpxExtensions/v3">
        <gpxx:Depth>3.6576000</gpxx:Depth>
        <gpxx:DisplayMode>SymbolOnly</gpxx:DisplayMode>
      </gpxx:WaypointExtension>
    </extensions>
  </wpt>

  <wpt lat="24.8513037" lon="-80.6520873">
    <time>2013-06-28T20:33:29Z</time>
    <name>PATCHREEF034</name>
    <cmt>SNAPPER - YELLOWTAIL, MANGROVE, DAY OR NIGHT - CHUM HEAVY</cmt>
    <desc>SNAPPER - YELLOWTAIL, MANGROVE, DAY OR NIGHT - CHUM HEAVY</desc>
    <sym>Fishing Area</sym>
    <extensions>
      <gpxx:WaypointExtension xmlns:gpxx="http://www.garmin.com/xmlschemas/GpxExtensions/v3">
        <gpxx:Depth>5.4864000</gpxx:Depth>
        <gpxx:DisplayMode>SymbolOnly</gpxx:DisplayMode>
      </gpxx:WaypointExtension>
    </extensions>
  </wpt>

  <wpt lat="24.8970731" lon="-80.6180986">
    <time>2013-06-28T20:33:59Z</time>
    <name>PATCHREEF036</name>
    <cmt>SNAPPER - YELLOWTAIL, MANGROVE, DAY OR NIGHT - CHUM HEAVY</cmt>
    <desc>SNAPPER - YELLOWTAIL, MANGROVE, DAY OR NIGHT - CHUM HEAVY</desc>
    <sym>Fishing Area</sym>
    <extensions>
      <gpxx:WaypointExtension xmlns:gpxx="http://www.garmin.com/xmlschemas/GpxExtensions/v3">
        <gpxx:Depth>1.8288000</gpxx:Depth>
        <gpxx:DisplayMode>SymbolOnly</gpxx:DisplayMode>
      </gpxx:WaypointExtension>
    </extensions>
  </wpt>

  <wpt lat="24.8968009" lon="-80.5412074">
    <time>2013-06-28T20:35:00Z</time>
    <name>PATCHREEF037</name>
    <cmt>SNAPPER - YELLOWTAIL, MANGROVE, DAY OR NIGHT - CHUM HEAVY</cmt>
    <desc>SNAPPER - YELLOWTAIL, MANGROVE, DAY OR NIGHT - CHUM HEAVY</desc>
    <sym>Fishing Area</sym>
    <extensions>
      <gpxx:WaypointExtension xmlns:gpxx="http://www.garmin.com/xmlschemas/GpxExtensions/v3">
        <gpxx:Depth>9.1440000</gpxx:Depth>
        <gpxx:DisplayMode>SymbolOnly</gpxx:DisplayMode>
      </gpxx:WaypointExtension>
    </extensions>
  </wpt>

  <wpt lat="24.9174648" lon="-80.5866139">
    <time>2013-06-28T20:35:47Z</time>
    <name>PATCHREEF038</name>
    <cmt>SNAPPER - YELLOWTAIL, MANGROVE, DAY OR NIGHT - CHUM HEAVY</cmt>
    <desc>SNAPPER - YELLOWTAIL, MANGROVE, DAY OR NIGHT - CHUM HEAVY</desc>
    <sym>Fishing Area</sym>
    <extensions>
      <gpxx:WaypointExtension xmlns:gpxx="http://www.garmin.com/xmlschemas/GpxExtensions/v3">
        <gpxx:Depth>3.6576000</gpxx:Depth>
        <gpxx:DisplayMode>SymbolOnly</gpxx:DisplayMode>
      </gpxx:WaypointExtension>
    </extensions>
  </wpt>

  <wpt lat="24.8135493" lon="-80.6734197">
    <time>2013-06-28T20:36:36Z</time>
    <name>PATCHREEF039</name>
    <cmt>SNAPPER - YELLOWTAIL, MANGROVE, DAY OR NIGHT - CHUM HEAVY</cmt>
    <desc>SNAPPER - YELLOWTAIL, MANGROVE, DAY OR NIGHT - CHUM HEAVY</desc>
    <sym>Fishing Area</sym>
    <extensions>
      <gpxx:WaypointExtension xmlns:gpxx="http://www.garmin.com/xmlschemas/GpxExtensions/v3">
        <gpxx:Depth>9.1440000</gpxx:Depth>
        <gpxx:DisplayMode>SymbolOnly</gpxx:DisplayMode>
      </gpxx:WaypointExtension>
    </extensions>
  </wpt>

  <wpt lat="24.7741884" lon="-80.7234559">
    <time>2013-06-28T20:36:59Z</time>
    <name>PATCHREEF041</name>
    <cmt>SNAPPER - YELLOWTAIL, MANGROVE, DAY OR NIGHT - CHUM HEAVY</cmt>
    <desc>SNAPPER - YELLOWTAIL, MANGROVE, DAY OR NIGHT - CHUM HEAVY</desc>
    <sym>Fishing Area</sym>
    <extensions>
      <gpxx:WaypointExtension xmlns:gpxx="http://www.garmin.com/xmlschemas/GpxExtensions/v3">
        <gpxx:Depth>9.1440000</gpxx:Depth>
        <gpxx:DisplayMode>SymbolOnly</gpxx:DisplayMode>
      </gpxx:WaypointExtension>
    </extensions>
  </wpt>

  <wpt lat="24.7852225" lon="-80.7677072">
    <time>2013-06-28T20:37:28Z</time>
    <name>PATCHREEF042</name>
    <cmt>SNAPPER - YELLOWTAIL, MANGROVE, DAY OR NIGHT - CHUM HEAVY</cmt>
    <desc>SNAPPER - YELLOWTAIL, MANGROVE, DAY OR NIGHT - CHUM HEAVY</desc>
    <sym>Fishing Area</sym>
    <extensions>
      <gpxx:WaypointExtension xmlns:gpxx="http://www.garmin.com/xmlschemas/GpxExtensions/v3">
        <gpxx:Depth>5.4864000</gpxx:Depth>
        <gpxx:DisplayMode>SymbolOnly</gpxx:DisplayMode>
      </gpxx:WaypointExtension>
    </extensions>
  </wpt>

  <wpt lat="24.7567151" lon="-80.7730779">
    <time>2013-06-28T20:38:28Z</time>
    <name>PATCHREEF044</name>
    <cmt>SNAPPER - YELLOWTAIL, MANGROVE, DAY OR NIGHT - CHUM HEAVY</cmt>
    <desc>SNAPPER - YELLOWTAIL, MANGROVE, DAY OR NIGHT - CHUM HEAVY</desc>
    <sym>Fishing Area</sym>
    <extensions>
      <gpxx:WaypointExtension xmlns:gpxx="http://www.garmin.com/xmlschemas/GpxExtensions/v3">
        <gpxx:Depth>5.4864000</gpxx:Depth>
        <gpxx:DisplayMode>SymbolOnly</gpxx:DisplayMode>
      </gpxx:WaypointExtension>
    </extensions>
  </wpt>

  <wpt lat="24.7767847" lon="-80.7349881">
    <time>2013-06-28T20:38:37Z</time>
    <name>PATCHREEF045</name>
    <cmt>SNAPPER - YELLOWTAIL, MANGROVE, DAY OR NIGHT - CHUM HEAVY</cmt>
    <desc>SNAPPER - YELLOWTAIL, MANGROVE, DAY OR NIGHT - CHUM HEAVY</desc>
    <sym>Fishing Area</sym>
    <extensions>
      <gpxx:WaypointExtension xmlns:gpxx="http://www.garmin.com/xmlschemas/GpxExtensions/v3">
        <gpxx:Depth>5.4864000</gpxx:Depth>
        <gpxx:DisplayMode>SymbolOnly</gpxx:DisplayMode>
      </gpxx:WaypointExtension>
    </extensions>
  </wpt>

  <wpt lat="24.7971877" lon="-80.7504501">
    <time>2013-06-28T20:40:30Z</time>
    <name>PATCHREEF046</name>
    <cmt>SNAPPER - YELLOWTAIL, MANGROVE, DAY OR NIGHT - CHUM HEAVY</cmt>
    <desc>SNAPPER - YELLOWTAIL, MANGROVE, DAY OR NIGHT - CHUM HEAVY</desc>
    <sym>Fishing Area</sym>
    <extensions>
      <gpxx:WaypointExtension xmlns:gpxx="http://www.garmin.com/xmlschemas/GpxExtensions/v3">
        <gpxx:Depth>5.4864000</gpxx:Depth>
        <gpxx:DisplayMode>SymbolOnly</gpxx:DisplayMode>
      </gpxx:WaypointExtension>
    </extensions>
  </wpt>

  <wpt lat="24.7613811" lon="-80.8630657">
    <time>2013-06-28T20:41:56Z</time>
    <name>PATCHREEF047</name>
    <cmt>SNAPPER - YELLOWTAIL, MANGROVE, DAY OR NIGHT - CHUM HEAVY</cmt>
    <desc>SNAPPER - YELLOWTAIL, MANGROVE, DAY OR NIGHT - CHUM HEAVY</desc>
    <sym>Fishing Area</sym>
    <extensions>
      <gpxx:WaypointExtension xmlns:gpxx="http://www.garmin.com/xmlschemas/GpxExtensions/v3">
        <gpxx:DisplayMode>SymbolOnly</gpxx:DisplayMode>
      </gpxx:WaypointExtension>
    </extensions>
  </wpt>

  <wpt lat="24.7328600" lon="-80.9103237">
    <time>2013-06-28T20:42:13Z</time>
    <name>PATCHREEF048</name>
    <cmt>SNAPPER - YELLOWTAIL, MANGROVE, DAY OR NIGHT - CHUM HEAVY</cmt>
    <desc>SNAPPER - YELLOWTAIL, MANGROVE, DAY OR NIGHT - CHUM HEAVY</desc>
    <sym>Fishing Area</sym>
    <extensions>
      <gpxx:WaypointExtension xmlns:gpxx="http://www.garmin.com/xmlschemas/GpxExtensions/v3">
        <gpxx:Depth>5.4864000</gpxx:Depth>
        <gpxx:DisplayMode>SymbolOnly</gpxx:DisplayMode>
      </gpxx:WaypointExtension>
    </extensions>
  </wpt>

  <wpt lat="24.7193869" lon="-80.9265182">
    <time>2013-06-28T20:42:45Z</time>
    <name>PATCHREEF049</name>
    <cmt>SNAPPER - YELLOWTAIL, MANGROVE, DAY OR NIGHT - CHUM HEAVY</cmt>
    <desc>SNAPPER - YELLOWTAIL, MANGROVE, DAY OR NIGHT - CHUM HEAVY</desc>
    <sym>Fishing Area</sym>
    <extensions>
      <gpxx:WaypointExtension xmlns:gpxx="http://www.garmin.com/xmlschemas/GpxExtensions/v3">
        <gpxx:Depth>5.4864000</gpxx:Depth>
        <gpxx:DisplayMode>SymbolOnly</gpxx:DisplayMode>
      </gpxx:WaypointExtension>
    </extensions>
  </wpt>

  <wpt lat="24.5504947" lon="-81.6484472">
    <time>2013-02-21T18:46:54Z</time>
    <name>PATCHREEF05</name>
    <cmt>GOOD REEF FISHING FOR GROUPER, SNAPPER AND MACKEREL. SEE YOUR TUTORIAL ON PATCH REEF FISHING</cmt>
    <desc>GOOD REEF FISHING FOR GROUPER, SNAPPER AND MACKEREL. SEE YOUR TUTORIAL ON PATCH REEF FISHING</desc>
    <sym>Fishing Area</sym>
    <extensions>
      <gpxx:WaypointExtension xmlns:gpxx="http://www.garmin.com/xmlschemas/GpxExtensions/v3">
        <gpxx:DisplayMode>SymbolOnly</gpxx:DisplayMode>
      </gpxx:WaypointExtension>
    </extensions>
  </wpt>

  <wpt lat="24.7195474" lon="-80.9203141">
    <time>2013-06-28T20:42:52Z</time>
    <name>PATCHREEF050</name>
    <cmt>PATCH REEF - YELLOWTAIL SNAPPER, GROUPER, MACKEREL ON FLAT LINES</cmt>
    <desc>PATCH REEF - YELLOWTAIL SNAPPER, GROUPER, MACKEREL ON FLAT LINES</desc>
    <sym>Fishing Area</sym>
    <extensions>
      <gpxx:WaypointExtension xmlns:gpxx="http://www.garmin.com/xmlschemas/GpxExtensions/v3">
        <gpxx:Depth>5.4864000</gpxx:Depth>
        <gpxx:DisplayMode>SymbolOnly</gpxx:DisplayMode>
      </gpxx:WaypointExtension>
    </extensions>
  </wpt>

  <wpt lat="24.7106888" lon="-80.9468064">
    <time>2013-06-28T20:43:42Z</time>
    <name>PATCHREEF051</name>
    <cmt>PATCH REEF - YELLOWTAIL SNAPPER, GROUPER, MACKEREL ON FLAT LINES</cmt>
    <desc>PATCH REEF - YELLOWTAIL SNAPPER, GROUPER, MACKEREL ON FLAT LINES</desc>
    <sym>Fishing Area</sym>
    <extensions>
      <gpxx:WaypointExtension xmlns:gpxx="http://www.garmin.com/xmlschemas/GpxExtensions/v3">
        <gpxx:Depth>5.4864000</gpxx:Depth>
        <gpxx:DisplayMode>SymbolOnly</gpxx:DisplayMode>
      </gpxx:WaypointExtension>
    </extensions>
  </wpt>

  <wpt lat="24.7318116" lon="-80.9403187">
    <time>2013-06-28T20:43:58Z</time>
    <name>PATCHREEF052</name>
    <cmt>PATCH REEF - YELLOWTAIL SNAPPER, GROUPER, MACKEREL ON FLAT LINES</cmt>
    <desc>PATCH REEF - YELLOWTAIL SNAPPER, GROUPER, MACKEREL ON FLAT LINES</desc>
    <sym>Fishing Area</sym>
    <extensions>
      <gpxx:WaypointExtension xmlns:gpxx="http://www.garmin.com/xmlschemas/GpxExtensions/v3">
        <gpxx:Depth>5.4864000</gpxx:Depth>
        <gpxx:DisplayMode>SymbolOnly</gpxx:DisplayMode>
      </gpxx:WaypointExtension>
    </extensions>
  </wpt>

  <wpt lat="24.7174893" lon="-80.9779159">
    <time>2013-06-28T20:44:32Z</time>
    <name>PATCHREEF053</name>
    <cmt>PATCH REEF - YELLOWTAIL SNAPPER, GROUPER, MACKEREL ON FLAT LINES</cmt>
    <desc>PATCH REEF - YELLOWTAIL SNAPPER, GROUPER, MACKEREL ON FLAT LINES</desc>
    <sym>Fishing Area</sym>
    <extensions>
      <gpxx:WaypointExtension xmlns:gpxx="http://www.garmin.com/xmlschemas/GpxExtensions/v3">
        <gpxx:Depth>5.4864000</gpxx:Depth>
        <gpxx:DisplayMode>SymbolOnly</gpxx:DisplayMode>
      </gpxx:WaypointExtension>
    </extensions>
  </wpt>

  <wpt lat="24.6734660" lon="-80.9794441">
    <time>2013-06-28T20:44:41Z</time>
    <name>PATCHREEF054</name>
    <cmt>PATCH REEF - YELLOWTAIL SNAPPER, GROUPER, MACKEREL ON FLAT LINES</cmt>
    <desc>PATCH REEF - YELLOWTAIL SNAPPER, GROUPER, MACKEREL ON FLAT LINES</desc>
    <sym>Fishing Area</sym>
    <extensions>
      <gpxx:WaypointExtension xmlns:gpxx="http://www.garmin.com/xmlschemas/GpxExtensions/v3">
        <gpxx:Depth>5.4864000</gpxx:Depth>
        <gpxx:DisplayMode>SymbolOnly</gpxx:DisplayMode>
      </gpxx:WaypointExtension>
    </extensions>
  </wpt>

  <wpt lat="24.6723292" lon="-81.0470161">
    <time>2013-06-28T20:44:49Z</time>
    <name>PATCHREEF055</name>
    <cmt>PATCH REEF - YELLOWTAIL SNAPPER, GROUPER, MACKEREL ON FLAT LINES</cmt>
    <desc>PATCH REEF - YELLOWTAIL SNAPPER, GROUPER, MACKEREL ON FLAT LINES</desc>
    <sym>Fishing Area</sym>
    <extensions>
      <gpxx:WaypointExtension xmlns:gpxx="http://www.garmin.com/xmlschemas/GpxExtensions/v3">
        <gpxx:Depth>9.1440000</gpxx:Depth>
        <gpxx:DisplayMode>SymbolOnly</gpxx:DisplayMode>
      </gpxx:WaypointExtension>
    </extensions>
  </wpt>

  <wpt lat="24.6931566" lon="-81.0203203">
    <time>2013-06-28T20:44:58Z</time>
    <name>PATCHREEF056</name>
    <cmt>PATCH REEF - YELLOWTAIL SNAPPER, GROUPER, MACKEREL ON FLAT LINES</cmt>
    <desc>PATCH REEF - YELLOWTAIL SNAPPER, GROUPER, MACKEREL ON FLAT LINES</desc>
    <sym>Fishing Area</sym>
    <extensions>
      <gpxx:WaypointExtension xmlns:gpxx="http://www.garmin.com/xmlschemas/GpxExtensions/v3">
        <gpxx:Depth>3.6576000</gpxx:Depth>
        <gpxx:DisplayMode>SymbolOnly</gpxx:DisplayMode>
      </gpxx:WaypointExtension>
    </extensions>
  </wpt>

  <wpt lat="24.6942616" lon="-80.9382534">
    <time>2013-06-28T20:45:24Z</time>
    <name>PATCHREEF058</name>
    <cmt>PATCH REEF - YELLOWTAIL SNAPPER, GROUPER, MACKEREL ON FLAT LINES</cmt>
    <desc>PATCH REEF - YELLOWTAIL SNAPPER, GROUPER, MACKEREL ON FLAT LINES</desc>
    <sym>Fishing Area</sym>
    <extensions>
      <gpxx:WaypointExtension xmlns:gpxx="http://www.garmin.com/xmlschemas/GpxExtensions/v3">
        <gpxx:DisplayMode>SymbolOnly</gpxx:DisplayMode>
      </gpxx:WaypointExtension>
    </extensions>
  </wpt>

  <wpt lat="24.6890259" lon="-80.9325886">
    <time>2013-06-28T20:45:32Z</time>
    <name>PATCHREEF059</name>
    <cmt>PATCH REEF - YELLOWTAIL SNAPPER, GROUPER, MACKEREL ON FLAT LINES</cmt>
    <desc>PATCH REEF - YELLOWTAIL SNAPPER, GROUPER, MACKEREL ON FLAT LINES</desc>
    <sym>Fishing Area</sym>
    <extensions>
      <gpxx:WaypointExtension xmlns:gpxx="http://www.garmin.com/xmlschemas/GpxExtensions/v3">
        <gpxx:DisplayMode>SymbolOnly</gpxx:DisplayMode>
      </gpxx:WaypointExtension>
    </extensions>
  </wpt>

  <wpt lat="24.6976884" lon="-80.9722886">
    <time>2013-06-28T20:45:43Z</time>
    <name>PATCHREEF060</name>
    <cmt>PATCH REEF - YELLOWTAIL SNAPPER, GROUPER, MACKEREL ON FLAT LINES</cmt>
    <desc>PATCH REEF - YELLOWTAIL SNAPPER, GROUPER, MACKEREL ON FLAT LINES</desc>
    <sym>Fishing Area</sym>
    <extensions>
      <gpxx:WaypointExtension xmlns:gpxx="http://www.garmin.com/xmlschemas/GpxExtensions/v3">
        <gpxx:Depth>5.4864000</gpxx:Depth>
        <gpxx:DisplayMode>SymbolOnly</gpxx:DisplayMode>
      </gpxx:WaypointExtension>
    </extensions>
  </wpt>

  <wpt lat="24.6599009" lon="-81.0036281">
    <time>2013-06-28T20:46:04Z</time>
    <name>PATCHREEF062</name>
    <cmt>PATCH REEF - YELLOWTAIL SNAPPER, GROUPER, MACKEREL ON FLAT LINES</cmt>
    <desc>PATCH REEF - YELLOWTAIL SNAPPER, GROUPER, MACKEREL ON FLAT LINES</desc>
    <sym>Fishing Area</sym>
    <extensions>
      <gpxx:WaypointExtension xmlns:gpxx="http://www.garmin.com/xmlschemas/GpxExtensions/v3">
        <gpxx:Depth>3.6576000</gpxx:Depth>
        <gpxx:DisplayMode>SymbolOnly</gpxx:DisplayMode>
      </gpxx:WaypointExtension>
    </extensions>
  </wpt>

  <wpt lat="24.6477795" lon="-81.0368409">
    <time>2013-06-28T20:46:17Z</time>
    <name>PATCHREEF063</name>
    <cmt>PATCH REEF - YELLOWTAIL SNAPPER, GROUPER, MACKEREL ON FLAT LINES</cmt>
    <desc>PATCH REEF - YELLOWTAIL SNAPPER, GROUPER, MACKEREL ON FLAT LINES</desc>
    <sym>Fishing Area</sym>
    <extensions>
      <gpxx:WaypointExtension xmlns:gpxx="http://www.garmin.com/xmlschemas/GpxExtensions/v3">
        <gpxx:Depth>5.4864000</gpxx:Depth>
        <gpxx:DisplayMode>SymbolOnly</gpxx:DisplayMode>
      </gpxx:WaypointExtension>
    </extensions>
  </wpt>

  <wpt lat="24.6881195" lon="-81.0391297">
    <time>2013-06-28T20:46:42Z</time>
    <name>PATCHREEF065</name>
    <cmt>PATCH REEF - YELLOWTAIL SNAPPER, GROUPER, MACKEREL ON FLAT LINES</cmt>
    <desc>PATCH REEF - YELLOWTAIL SNAPPER, GROUPER, MACKEREL ON FLAT LINES</desc>
    <sym>Fishing Area</sym>
    <extensions>
      <gpxx:WaypointExtension xmlns:gpxx="http://www.garmin.com/xmlschemas/GpxExtensions/v3">
        <gpxx:Depth>3.6576000</gpxx:Depth>
        <gpxx:DisplayMode>SymbolOnly</gpxx:DisplayMode>
      </gpxx:WaypointExtension>
    </extensions>
  </wpt>

  <wpt lat="24.6580106" lon="-81.0356816">
    <time>2013-06-28T20:46:56Z</time>
    <name>PATCHREEF066</name>
    <cmt>PATCH REEF - YELLOWTAIL SNAPPER, GROUPER, MACKEREL ON FLAT LINES</cmt>
    <desc>PATCH REEF - YELLOWTAIL SNAPPER, GROUPER, MACKEREL ON FLAT LINES</desc>
    <sym>Fishing Area</sym>
    <extensions>
      <gpxx:WaypointExtension xmlns:gpxx="http://www.garmin.com/xmlschemas/GpxExtensions/v3">
        <gpxx:Depth>5.4864000</gpxx:Depth>
        <gpxx:DisplayMode>SymbolOnly</gpxx:DisplayMode>
      </gpxx:WaypointExtension>
    </extensions>
  </wpt>

  <wpt lat="24.6871875" lon="-80.9916186">
    <time>2013-06-28T20:47:08Z</time>
    <name>PATCHREEF067</name>
    <cmt>PATCH REEF - YELLOWTAIL SNAPPER, GROUPER, MACKEREL ON FLAT LINES</cmt>
    <desc>PATCH REEF - YELLOWTAIL SNAPPER, GROUPER, MACKEREL ON FLAT LINES</desc>
    <sym>Fishing Area</sym>
    <extensions>
      <gpxx:WaypointExtension xmlns:gpxx="http://www.garmin.com/xmlschemas/GpxExtensions/v3">
        <gpxx:Depth>9.1440000</gpxx:Depth>
        <gpxx:DisplayMode>SymbolOnly</gpxx:DisplayMode>
      </gpxx:WaypointExtension>
    </extensions>
  </wpt>

  <wpt lat="24.6816151" lon="-80.9321028">
    <time>2013-06-28T20:47:16Z</time>
    <name>PATCHREEF068</name>
    <cmt>PATCH REEF - YELLOWTAIL SNAPPER, GROUPER, MACKEREL ON FLAT LINES</cmt>
    <desc>PATCH REEF - YELLOWTAIL SNAPPER, GROUPER, MACKEREL ON FLAT LINES</desc>
    <sym>Fishing Area</sym>
    <extensions>
      <gpxx:WaypointExtension xmlns:gpxx="http://www.garmin.com/xmlschemas/GpxExtensions/v3">
        <gpxx:Depth>9.1440000</gpxx:Depth>
        <gpxx:DisplayMode>SymbolOnly</gpxx:DisplayMode>
      </gpxx:WaypointExtension>
    </extensions>
  </wpt>

  <wpt lat="24.5487572" lon="-81.6182044">
    <time>2013-02-21T18:47:45Z</time>
    <name>PATCHREEF07</name>
    <cmt>GOOD REEF FISHING FOR GROUPER, SNAPPER AND MACKEREL. SEE YOUR TUTORIAL ON PATCH REEF FISHING</cmt>
    <desc>GOOD REEF FISHING FOR GROUPER, SNAPPER AND MACKEREL. SEE YOUR TUTORIAL ON PATCH REEF FISHING</desc>
    <sym>Fishing Area</sym>
    <extensions>
      <gpxx:WaypointExtension xmlns:gpxx="http://www.garmin.com/xmlschemas/GpxExtensions/v3">
        <gpxx:Depth>5.4864000</gpxx:Depth>
        <gpxx:DisplayMode>SymbolOnly</gpxx:DisplayMode>
      </gpxx:WaypointExtension>
    </extensions>
  </wpt>

  <wpt lat="24.6481206" lon="-81.0649816">
    <time>2013-06-28T20:47:36Z</time>
    <name>PATCHREEF070</name>
    <cmt>PATCH REEF - YELLOWTAIL SNAPPER, GROUPER, MACKEREL ON FLAT LINES</cmt>
    <desc>PATCH REEF - YELLOWTAIL SNAPPER, GROUPER, MACKEREL ON FLAT LINES</desc>
    <sym>Fishing Area</sym>
    <extensions>
      <gpxx:WaypointExtension xmlns:gpxx="http://www.garmin.com/xmlschemas/GpxExtensions/v3">
        <gpxx:Depth>5.4864000</gpxx:Depth>
        <gpxx:DisplayMode>SymbolOnly</gpxx:DisplayMode>
      </gpxx:WaypointExtension>
    </extensions>
  </wpt>

  <wpt lat="24.6474483" lon="-81.0287168">
    <time>2013-06-28T20:48:01Z</time>
    <name>PATCHREEF071</name>
    <cmt>PATCH REEF - YELLOWTAIL SNAPPER, GROUPER, MACKEREL ON FLAT LINES</cmt>
    <desc>PATCH REEF - YELLOWTAIL SNAPPER, GROUPER, MACKEREL ON FLAT LINES</desc>
    <sym>Fishing Area</sym>
    <extensions>
      <gpxx:WaypointExtension xmlns:gpxx="http://www.garmin.com/xmlschemas/GpxExtensions/v3">
        <gpxx:Depth>18.2880000</gpxx:Depth>
        <gpxx:DisplayMode>SymbolOnly</gpxx:DisplayMode>
      </gpxx:WaypointExtension>
    </extensions>
  </wpt>

  <wpt lat="24.6665382" lon="-81.0833073">
    <time>2013-06-28T20:48:12Z</time>
    <name>PATCHREEF072</name>
    <cmt>PATCH REEF - YELLOWTAIL SNAPPER, GROUPER, MACKEREL ON FLAT LINES</cmt>
    <desc>PATCH REEF - YELLOWTAIL SNAPPER, GROUPER, MACKEREL ON FLAT LINES</desc>
    <sym>Fishing Area</sym>
    <extensions>
      <gpxx:WaypointExtension xmlns:gpxx="http://www.garmin.com/xmlschemas/GpxExtensions/v3">
        <gpxx:DisplayMode>SymbolOnly</gpxx:DisplayMode>
      </gpxx:WaypointExtension>
    </extensions>
  </wpt>

  <wpt lat="24.6421943" lon="-81.1045110">
    <time>2013-06-28T20:48:27Z</time>
    <name>PATCHREEF073</name>
    <cmt>PATCH REEF - YELLOWTAIL SNAPPER, GROUPER, MACKEREL ON FLAT LINES</cmt>
    <desc>PATCH REEF - YELLOWTAIL SNAPPER, GROUPER, MACKEREL ON FLAT LINES</desc>
    <sym>Fishing Area</sym>
    <extensions>
      <gpxx:WaypointExtension xmlns:gpxx="http://www.garmin.com/xmlschemas/GpxExtensions/v3">
        <gpxx:Depth>5.4864000</gpxx:Depth>
        <gpxx:DisplayMode>SymbolOnly</gpxx:DisplayMode>
      </gpxx:WaypointExtension>
    </extensions>
  </wpt>

  <wpt lat="24.6354172" lon="-81.0944099">
    <time>2013-06-28T20:48:35Z</time>
    <name>PATCHREEF074</name>
    <cmt>PATCH REEF - YELLOWTAIL SNAPPER, GROUPER, MACKEREL ON FLAT LINES</cmt>
    <desc>PATCH REEF - YELLOWTAIL SNAPPER, GROUPER, MACKEREL ON FLAT LINES</desc>
    <sym>Fishing Area</sym>
    <extensions>
      <gpxx:WaypointExtension xmlns:gpxx="http://www.garmin.com/xmlschemas/GpxExtensions/v3">
        <gpxx:Depth>3.6576000</gpxx:Depth>
        <gpxx:DisplayMode>SymbolOnly</gpxx:DisplayMode>
      </gpxx:WaypointExtension>
    </extensions>
  </wpt>

  <wpt lat="24.6340422" lon="-81.0812156">
    <time>2013-06-28T20:48:46Z</time>
    <name>PATCHREEF075</name>
    <cmt>PATCH REEF - YELLOWTAIL SNAPPER, GROUPER, MACKEREL ON FLAT LINES</cmt>
    <desc>PATCH REEF - YELLOWTAIL SNAPPER, GROUPER, MACKEREL ON FLAT LINES</desc>
    <sym>Fishing Area</sym>
    <extensions>
      <gpxx:WaypointExtension xmlns:gpxx="http://www.garmin.com/xmlschemas/GpxExtensions/v3">
        <gpxx:Depth>5.4864000</gpxx:Depth>
        <gpxx:DisplayMode>SymbolOnly</gpxx:DisplayMode>
      </gpxx:WaypointExtension>
    </extensions>
  </wpt>

  <wpt lat="24.5906321" lon="-81.2415124">
    <time>2013-06-28T20:49:32Z</time>
    <name>PATCHREEF076</name>
    <cmt>PATCH REEF - YELLOWTAIL SNAPPER, GROUPER, MACKEREL ON FLAT LINES</cmt>
    <desc>PATCH REEF - YELLOWTAIL SNAPPER, GROUPER, MACKEREL ON FLAT LINES</desc>
    <sym>Fishing Area</sym>
    <extensions>
      <gpxx:WaypointExtension xmlns:gpxx="http://www.garmin.com/xmlschemas/GpxExtensions/v3">
        <gpxx:Depth>9.1440000</gpxx:Depth>
        <gpxx:DisplayMode>SymbolOnly</gpxx:DisplayMode>
      </gpxx:WaypointExtension>
    </extensions>
  </wpt>

  <wpt lat="24.5854842" lon="-81.2544081">
    <time>2013-06-28T20:49:39Z</time>
    <name>PATCHREEF077</name>
    <cmt>PATCH REEF - YELLOWTAIL SNAPPER, GROUPER, MACKEREL ON FLAT LINES</cmt>
    <desc>PATCH REEF - YELLOWTAIL SNAPPER, GROUPER, MACKEREL ON FLAT LINES</desc>
    <sym>Fishing Area</sym>
    <extensions>
      <gpxx:WaypointExtension xmlns:gpxx="http://www.garmin.com/xmlschemas/GpxExtensions/v3">
        <gpxx:Depth>9.1440000</gpxx:Depth>
        <gpxx:DisplayMode>SymbolOnly</gpxx:DisplayMode>
      </gpxx:WaypointExtension>
    </extensions>
  </wpt>

  <wpt lat="24.6051928" lon="-81.2250079">
    <time>2013-06-28T20:49:46Z</time>
    <name>PATCHREEF078</name>
    <cmt>PATCH REEF - YELLOWTAIL SNAPPER, GROUPER, MACKEREL ON FLAT LINES</cmt>
    <desc>PATCH REEF - YELLOWTAIL SNAPPER, GROUPER, MACKEREL ON FLAT LINES</desc>
    <sym>Fishing Area</sym>
    <extensions>
      <gpxx:WaypointExtension xmlns:gpxx="http://www.garmin.com/xmlschemas/GpxExtensions/v3">
        <gpxx:Depth>9.1440000</gpxx:Depth>
        <gpxx:DisplayMode>SymbolOnly</gpxx:DisplayMode>
      </gpxx:WaypointExtension>
    </extensions>
  </wpt>

  <wpt lat="24.6029318" lon="-81.3175892">
    <time>2013-06-28T20:50:02Z</time>
    <name>PATCHREEF079</name>
    <cmt>PATCH REEF - YELLOWTAIL SNAPPER, GROUPER, MACKEREL ON FLAT LINES</cmt>
    <desc>PATCH REEF - YELLOWTAIL SNAPPER, GROUPER, MACKEREL ON FLAT LINES</desc>
    <sym>Fishing Area</sym>
    <extensions>
      <gpxx:WaypointExtension xmlns:gpxx="http://www.garmin.com/xmlschemas/GpxExtensions/v3">
        <gpxx:Depth>9.1440000</gpxx:Depth>
        <gpxx:DisplayMode>SymbolOnly</gpxx:DisplayMode>
      </gpxx:WaypointExtension>
    </extensions>
  </wpt>

  <wpt lat="24.5457294" lon="-81.6072850">
    <time>2013-02-21T18:47:55Z</time>
    <name>PATCHREEF08</name>
    <cmt>GOOD REEF FISHING FOR GROUPER, SNAPPER AND MACKEREL. SEE YOUR TUTORIAL ON PATCH REEF FISHING</cmt>
    <desc>GOOD REEF FISHING FOR GROUPER, SNAPPER AND MACKEREL. SEE YOUR TUTORIAL ON PATCH REEF FISHING</desc>
    <sym>Fishing Area</sym>
    <extensions>
      <gpxx:WaypointExtension xmlns:gpxx="http://www.garmin.com/xmlschemas/GpxExtensions/v3">
        <gpxx:Depth>5.4864000</gpxx:Depth>
        <gpxx:DisplayMode>SymbolOnly</gpxx:DisplayMode>
      </gpxx:WaypointExtension>
    </extensions>
  </wpt>

  <wpt lat="24.6152158" lon="-81.2959127">
    <time>2013-06-28T20:50:11Z</time>
    <name>PATCHREEF080</name>
    <cmt>PATCH REEF - YELLOWTAIL SNAPPER, GROUPER, MACKEREL ON FLAT LINES</cmt>
    <desc>PATCH REEF - YELLOWTAIL SNAPPER, GROUPER, MACKEREL ON FLAT LINES</desc>
    <sym>Fishing Area</sym>
    <extensions>
      <gpxx:WaypointExtension xmlns:gpxx="http://www.garmin.com/xmlschemas/GpxExtensions/v3">
        <gpxx:DisplayMode>SymbolOnly</gpxx:DisplayMode>
      </gpxx:WaypointExtension>
    </extensions>
  </wpt>

  <wpt lat="24.5698071" lon="-81.3450502">
    <time>2013-06-28T20:50:20Z</time>
    <name>PATCHREEF081</name>
    <cmt>PATCH REEF - YELLOWTAIL SNAPPER, GROUPER, MACKEREL ON FLAT LINES</cmt>
    <desc>PATCH REEF - YELLOWTAIL SNAPPER, GROUPER, MACKEREL ON FLAT LINES</desc>
    <sym>Fishing Area</sym>
    <extensions>
      <gpxx:WaypointExtension xmlns:gpxx="http://www.garmin.com/xmlschemas/GpxExtensions/v3">
        <gpxx:Depth>5.4864000</gpxx:Depth>
        <gpxx:DisplayMode>SymbolOnly</gpxx:DisplayMode>
      </gpxx:WaypointExtension>
    </extensions>
  </wpt>

  <wpt lat="24.5629839" lon="-81.3391251">
    <time>2013-06-28T20:50:30Z</time>
    <name>PATCHREEF082</name>
    <cmt>PATCH REEF - YELLOWTAIL SNAPPER, GROUPER, MACKEREL ON FLAT LINES</cmt>
    <desc>PATCH REEF - YELLOWTAIL SNAPPER, GROUPER, MACKEREL ON FLAT LINES</desc>
    <sym>Fishing Area</sym>
    <extensions>
      <gpxx:WaypointExtension xmlns:gpxx="http://www.garmin.com/xmlschemas/GpxExtensions/v3">
        <gpxx:Depth>5.4864000</gpxx:Depth>
        <gpxx:DisplayMode>SymbolOnly</gpxx:DisplayMode>
      </gpxx:WaypointExtension>
    </extensions>
  </wpt>

  <wpt lat="24.5731459" lon="-81.2921185">
    <time>2013-06-28T20:50:39Z</time>
    <name>PATCHREEF083</name>
    <cmt>PATCH REEF - YELLOWTAIL SNAPPER, GROUPER, MACKEREL ON FLAT LINES</cmt>
    <desc>PATCH REEF - YELLOWTAIL SNAPPER, GROUPER, MACKEREL ON FLAT LINES</desc>
    <sym>Fishing Area</sym>
    <extensions>
      <gpxx:WaypointExtension xmlns:gpxx="http://www.garmin.com/xmlschemas/GpxExtensions/v3">
        <gpxx:Depth>9.1440000</gpxx:Depth>
        <gpxx:DisplayMode>SymbolOnly</gpxx:DisplayMode>
      </gpxx:WaypointExtension>
    </extensions>
  </wpt>

  <wpt lat="24.5553612" lon="-81.4277809">
    <time>2013-06-28T20:51:05Z</time>
    <name>PATCHREEF085</name>
    <cmt>PATCH REEF - YELLOWTAIL SNAPPER, GROUPER, MACKEREL ON FLAT LINES</cmt>
    <desc>PATCH REEF - YELLOWTAIL SNAPPER, GROUPER, MACKEREL ON FLAT LINES</desc>
    <sym>Fishing Area</sym>
    <extensions>
      <gpxx:WaypointExtension xmlns:gpxx="http://www.garmin.com/xmlschemas/GpxExtensions/v3">
        <gpxx:Depth>5.4864000</gpxx:Depth>
        <gpxx:DisplayMode>SymbolOnly</gpxx:DisplayMode>
      </gpxx:WaypointExtension>
    </extensions>
  </wpt>

  <wpt lat="24.5492293" lon="-81.3889774">
    <time>2013-06-28T20:51:17Z</time>
    <name>PATCHREEF087</name>
    <cmt>PATCH REEF - YELLOWTAIL SNAPPER, GROUPER, MACKEREL ON FLAT LINES</cmt>
    <desc>PATCH REEF - YELLOWTAIL SNAPPER, GROUPER, MACKEREL ON FLAT LINES</desc>
    <sym>Fishing Area</sym>
    <extensions>
      <gpxx:WaypointExtension xmlns:gpxx="http://www.garmin.com/xmlschemas/GpxExtensions/v3">
        <gpxx:Depth>9.1440000</gpxx:Depth>
        <gpxx:DisplayMode>SymbolOnly</gpxx:DisplayMode>
      </gpxx:WaypointExtension>
    </extensions>
  </wpt>

  <wpt lat="24.5592692" lon="-81.3323152">
    <time>2013-06-28T20:51:26Z</time>
    <name>PATCHREEF088</name>
    <cmt>PATCH REEF - YELLOWTAIL SNAPPER, GROUPER, MACKEREL ON FLAT LINES</cmt>
    <desc>PATCH REEF - YELLOWTAIL SNAPPER, GROUPER, MACKEREL ON FLAT LINES</desc>
    <sym>Fishing Area</sym>
    <extensions>
      <gpxx:WaypointExtension xmlns:gpxx="http://www.garmin.com/xmlschemas/GpxExtensions/v3">
        <gpxx:DisplayMode>SymbolOnly</gpxx:DisplayMode>
      </gpxx:WaypointExtension>
    </extensions>
  </wpt>

  <wpt lat="24.5129048" lon="-81.6385814">
    <time>2013-02-21T18:48:08Z</time>
    <name>PATCHREEF09</name>
    <cmt>GOOD REEF FISHING FOR GROUPER, SNAPPER AND MACKEREL. SEE YOUR TUTORIAL ON PATCH REEF FISHING</cmt>
    <desc>GOOD REEF FISHING FOR GROUPER, SNAPPER AND MACKEREL. SEE YOUR TUTORIAL ON PATCH REEF FISHING</desc>
    <sym>Fishing Area</sym>
    <extensions>
      <gpxx:WaypointExtension xmlns:gpxx="http://www.garmin.com/xmlschemas/GpxExtensions/v3">
        <gpxx:Depth>5.4864000</gpxx:Depth>
        <gpxx:DisplayMode>SymbolOnly</gpxx:DisplayMode>
      </gpxx:WaypointExtension>
    </extensions>
  </wpt>

  <wpt lat="24.5352762" lon="-81.4709161">
    <time>2013-06-28T20:52:08Z</time>
    <name>PATCH-REEF-090</name>
    <cmt>PATCH REEF - YELLOWTAIL SNAPPER, GROUPER, MACKEREL ON FLAT LINES</cmt>
    <desc>PATCH REEF - YELLOWTAIL SNAPPER, GROUPER, MACKEREL ON FLAT LINES</desc>
    <sym>Fishing Area</sym>
    <extensions>
      <gpxx:WaypointExtension xmlns:gpxx="http://www.garmin.com/xmlschemas/GpxExtensions/v3">
        <gpxx:Depth>5.4864000</gpxx:Depth>
        <gpxx:DisplayMode>SymbolOnly</gpxx:DisplayMode>
      </gpxx:WaypointExtension>
    </extensions>
  </wpt>

  <wpt lat="24.6004230" lon="-81.4897658">
    <time>2013-06-28T20:52:19Z</time>
    <name>PATCHREEF092</name>
    <cmt>PATCH REEF - YELLOWTAIL SNAPPER, GROUPER, MACKEREL ON FLAT LINES</cmt>
    <desc>PATCH REEF - YELLOWTAIL SNAPPER, GROUPER, MACKEREL ON FLAT LINES</desc>
    <sym>Fishing Area</sym>
    <extensions>
      <gpxx:WaypointExtension xmlns:gpxx="http://www.garmin.com/xmlschemas/GpxExtensions/v3">
        <gpxx:Depth>3.6576000</gpxx:Depth>
        <gpxx:DisplayMode>SymbolOnly</gpxx:DisplayMode>
      </gpxx:WaypointExtension>
    </extensions>
  </wpt>

  <wpt lat="24.6051693" lon="-81.4299284">
    <time>2013-06-28T20:52:27Z</time>
    <name>PATCHREEF093</name>
    <cmt>PATCH REEF - YELLOWTAIL SNAPPER, GROUPER, MACKEREL ON FLAT LINES</cmt>
    <desc>PATCH REEF - YELLOWTAIL SNAPPER, GROUPER, MACKEREL ON FLAT LINES</desc>
    <sym>Fishing Area</sym>
    <extensions>
      <gpxx:WaypointExtension xmlns:gpxx="http://www.garmin.com/xmlschemas/GpxExtensions/v3">
        <gpxx:Depth>3.6576000</gpxx:Depth>
        <gpxx:DisplayMode>SymbolOnly</gpxx:DisplayMode>
      </gpxx:WaypointExtension>
    </extensions>
  </wpt>

  <wpt lat="24.5450327" lon="-81.5641103">
    <time>2013-06-28T20:52:45Z</time>
    <name>PATCHREEF094</name>
    <cmt>PATCH REEF - YELLOWTAIL SNAPPER, GROUPER, MACKEREL ON FLAT LINES</cmt>
    <desc>PATCH REEF - YELLOWTAIL SNAPPER, GROUPER, MACKEREL ON FLAT LINES</desc>
    <sym>Fishing Area</sym>
    <extensions>
      <gpxx:WaypointExtension xmlns:gpxx="http://www.garmin.com/xmlschemas/GpxExtensions/v3">
        <gpxx:Depth>3.6576000</gpxx:Depth>
        <gpxx:DisplayMode>SymbolOnly</gpxx:DisplayMode>
      </gpxx:WaypointExtension>
    </extensions>
  </wpt>

  <wpt lat="24.5392238" lon="-81.5876042">
    <time>2013-06-28T20:52:52Z</time>
    <name>PATCHREEF095</name>
    <cmt>PATCH REEF - YELLOWTAIL SNAPPER, GROUPER, MACKEREL ON FLAT LINES</cmt>
    <desc>PATCH REEF - YELLOWTAIL SNAPPER, GROUPER, MACKEREL ON FLAT LINES</desc>
    <sym>Fishing Area</sym>
    <extensions>
      <gpxx:WaypointExtension xmlns:gpxx="http://www.garmin.com/xmlschemas/GpxExtensions/v3">
        <gpxx:Depth>9.1440000</gpxx:Depth>
        <gpxx:DisplayMode>SymbolOnly</gpxx:DisplayMode>
      </gpxx:WaypointExtension>
    </extensions>
  </wpt>

  <wpt lat="24.5370580" lon="-81.5954939">
    <time>2013-06-28T20:52:58Z</time>
    <name>PATCHREEF096</name>
    <cmt>PATCH REEF - YELLOWTAIL SNAPPER, GROUPER, MACKEREL ON FLAT LINES</cmt>
    <desc>PATCH REEF - YELLOWTAIL SNAPPER, GROUPER, MACKEREL ON FLAT LINES</desc>
    <sym>Fishing Area</sym>
    <extensions>
      <gpxx:WaypointExtension xmlns:gpxx="http://www.garmin.com/xmlschemas/GpxExtensions/v3">
        <gpxx:Depth>1.8288000</gpxx:Depth>
        <gpxx:DisplayMode>SymbolOnly</gpxx:DisplayMode>
      </gpxx:WaypointExtension>
    </extensions>
  </wpt>

  <wpt lat="24.5140117" lon="-81.5527046">
    <time>2013-06-28T20:53:09Z</time>
    <name>PATCHREEF097</name>
    <cmt>PATCH REEF - YELLOWTAIL SNAPPER, GROUPER, MACKEREL ON FLAT LINES</cmt>
    <desc>PATCH REEF - YELLOWTAIL SNAPPER, GROUPER, MACKEREL ON FLAT LINES</desc>
    <sym>Fishing Area</sym>
    <extensions>
      <gpxx:WaypointExtension xmlns:gpxx="http://www.garmin.com/xmlschemas/GpxExtensions/v3">
        <gpxx:Depth>5.4864000</gpxx:Depth>
        <gpxx:DisplayMode>SymbolOnly</gpxx:DisplayMode>
      </gpxx:WaypointExtension>
    </extensions>
  </wpt>

  <wpt lat="24.5509163" lon="-81.5770470">
    <time>2013-06-28T20:53:19Z</time>
    <name>PATCHREEF098</name>
    <cmt>CORAL AND PATCH REEF - CHUM HEAVY FOR SNAPPER, GROUPER - LIVE AND CUT BAIT</cmt>
    <desc>CORAL AND PATCH REEF - CHUM HEAVY FOR SNAPPER, GROUPER - LIVE AND CUT BAIT</desc>
    <sym>Fishing Area</sym>
    <extensions>
      <gpxx:WaypointExtension xmlns:gpxx="http://www.garmin.com/xmlschemas/GpxExtensions/v3">
        <gpxx:Depth>3.6576000</gpxx:Depth>
        <gpxx:DisplayMode>SymbolOnly</gpxx:DisplayMode>
      </gpxx:WaypointExtension>
    </extensions>
  </wpt>

  <wpt lat="25.1381384" lon="-80.2664076">
    <time>2018-02-03T20:43:03Z</time>
    <name>PatchReef10</name>
    <cmt>PATCH REEF FOR BOTTOM FISHING YELLOWTAIL, MANGROVES - NIGHT FISHING FOR GROUPER- ALWAYS CHUM!!!</cmt>
    <desc>PATCH REEF FOR BOTTOM FISHING YELLOWTAIL, MANGROVES - NIGHT FISHING FOR GROUPER- ALWAYS CHUM!!!</desc>
    <sym>Fishing Area</sym>
    <extensions>
      <gpxx:WaypointExtension xmlns:gpxx="http://www.garmin.com/xmlschemas/GpxExtensions/v3">
        <gpxx:DisplayMode>SymbolOnly</gpxx:DisplayMode>
      </gpxx:WaypointExtension>
    </extensions>
  </wpt>

  <wpt lat="24.5024697" lon="-81.6177750">
    <time>2013-02-21T18:48:36Z</time>
    <name>PATCHREEF11b</name>
    <cmt>GOOD REEF FISHING FOR GROUPER, SNAPPER AND MACKEREL. SEE YOUR TUTORIAL ON PATCH REEF FISHING</cmt>
    <desc>GOOD REEF FISHING FOR GROUPER, SNAPPER AND MACKEREL. SEE YOUR TUTORIAL ON PATCH REEF FISHING</desc>
    <sym>Fishing Area</sym>
    <extensions>
      <gpxx:WaypointExtension xmlns:gpxx="http://www.garmin.com/xmlschemas/GpxExtensions/v3">
        <gpxx:Depth>5.4864000</gpxx:Depth>
        <gpxx:DisplayMode>SymbolOnly</gpxx:DisplayMode>
      </gpxx:WaypointExtension>
    </extensions>
  </wpt>

  <wpt lat="25.1355074" lon="-80.3219303">
    <time>2018-02-03T20:41:52Z</time>
    <name>PatchReef12</name>
    <cmt>anhor chum in over 14 ft fish use two chum blocks incoming or ebb tide mangrove ytail grouper</cmt>
    <desc>anhor chum in over 14 ft fish use two chum blocks incoming or ebb tide mangrove ytail grouper</desc>
    <sym>Flag, Green</sym>
    <extensions>
      <gpxx:WaypointExtension xmlns:gpxx="http://www.garmin.com/xmlschemas/GpxExtensions/v3">
        <gpxx:DisplayMode>SymbolOnly</gpxx:DisplayMode>
      </gpxx:WaypointExtension>
    </extensions>
  </wpt>

  <wpt lat="25.1073500" lon="-80.3407200">
    <name>PatchReef13</name>
    <cmt>PATCH REEF FOR BOTTOM FISHING YELLOWTAIL, MANGROVES - NIGHT FISHING FOR GROUPER- ALWAYS CHUM!!!</cmt>
    <desc>PATCH REEF FOR BOTTOM FISHING YELLOWTAIL, MANGROVES - NIGHT FISHING FOR GROUPER- ALWAYS CHUM!!!</desc>
    <sym>Fishing Area</sym>
    <extensions>
      <gpxx:WaypointExtension xmlns:gpxx="http://www.garmin.com/xmlschemas/GpxExtensions/v3">
        <gpxx:DisplayMode>SymbolOnly</gpxx:DisplayMode>
      </gpxx:WaypointExtension>
    </extensions>
  </wpt>

  <wpt lat="25.1052489" lon="-80.3153826">
    <time>2018-02-03T20:39:24Z</time>
    <name>PatchReef14</name>
    <cmt>PATCH REEF FOR BOTTOM FISHING YELLOWTAIL, MANGROVES - NIGHT FISHING FOR GROUPER- ALWAYS CHUM!!!</cmt>
    <desc>PATCH REEF FOR BOTTOM FISHING YELLOWTAIL, MANGROVES - NIGHT FISHING FOR GROUPER- ALWAYS CHUM!!!</desc>
    <sym>Fishing Area</sym>
    <extensions>
      <gpxx:WaypointExtension xmlns:gpxx="http://www.garmin.com/xmlschemas/GpxExtensions/v3">
        <gpxx:DisplayMode>SymbolOnly</gpxx:DisplayMode>
      </gpxx:WaypointExtension>
    </extensions>
  </wpt>

  <wpt lat="25.0935096" lon="-80.3237306">
    <time>2018-02-03T20:43:28Z</time>
    <name>PatchReef15</name>
    <cmt>PATCH REEF FOR BOTTOM FISHING YELLOWTAIL, MANGROVES - NIGHT FISHING FOR GROUPER- ALWAYS CHUM!!!</cmt>
    <desc>PATCH REEF FOR BOTTOM FISHING YELLOWTAIL, MANGROVES - NIGHT FISHING FOR GROUPER- ALWAYS CHUM!!!</desc>
    <sym>Fishing Area</sym>
    <extensions>
      <gpxx:WaypointExtension xmlns:gpxx="http://www.garmin.com/xmlschemas/GpxExtensions/v3">
        <gpxx:DisplayMode>SymbolOnly</gpxx:DisplayMode>
      </gpxx:WaypointExtension>
    </extensions>
  </wpt>

  <wpt lat="25.1181010" lon="-80.2829621">
    <time>2018-02-03T20:43:14Z</time>
    <name>PatchReef18</name>
    <cmt>PATCH REEF FOR BOTTOM FISHING YELLOWTAIL, MANGROVES - NIGHT FISHING FOR GROUPER- ALWAYS CHUM!!!</cmt>
    <desc>PATCH REEF FOR BOTTOM FISHING YELLOWTAIL, MANGROVES - NIGHT FISHING FOR GROUPER- ALWAYS CHUM!!!</desc>
    <sym>Fishing Area</sym>
    <extensions>
      <gpxx:WaypointExtension xmlns:gpxx="http://www.garmin.com/xmlschemas/GpxExtensions/v3">
        <gpxx:DisplayMode>SymbolOnly</gpxx:DisplayMode>
      </gpxx:WaypointExtension>
    </extensions>
  </wpt>

  <wpt lat="25.1060002" lon="-80.3459862">
    <time>2018-02-03T20:35:57Z</time>
    <name>PatchReef19</name>
    <cmt>PATCH REEF FOR BOTTOM FISHING YELLOWTAIL, MANGROVES - NIGHT FISHING FOR GROUPER- ALWAYS CHUM!!!</cmt>
    <desc>PATCH REEF FOR BOTTOM FISHING YELLOWTAIL, MANGROVES - NIGHT FISHING FOR GROUPER- ALWAYS CHUM!!!</desc>
    <sym>Fishing Area</sym>
    <extensions>
      <gpxx:WaypointExtension xmlns:gpxx="http://www.garmin.com/xmlschemas/GpxExtensions/v3">
        <gpxx:DisplayMode>SymbolOnly</gpxx:DisplayMode>
      </gpxx:WaypointExtension>
    </extensions>
  </wpt>

  <wpt lat="25.1125864" lon="-80.3407009">
    <time>2018-02-03T20:35:35Z</time>
    <name>PatchReef2</name>
    <cmt>PATCH REEF FOR BOTTOM FISHING YELLOWTAIL, MANGROVES - NIGHT FISHING FOR GROUPER- ALWAYS CHUM!!!</cmt>
    <desc>PATCH REEF FOR BOTTOM FISHING YELLOWTAIL, MANGROVES - NIGHT FISHING FOR GROUPER- ALWAYS CHUM!!!</desc>
    <sym>Fishing Area</sym>
    <extensions>
      <gpxx:WaypointExtension xmlns:gpxx="http://www.garmin.com/xmlschemas/GpxExtensions/v3">
        <gpxx:DisplayMode>SymbolOnly</gpxx:DisplayMode>
      </gpxx:WaypointExtension>
    </extensions>
  </wpt>

  <wpt lat="25.1035000" lon="-80.3462100">
    <name>PatchReef20</name>
    <cmt>PATCH REEF FOR BOTTOM FISHING YELLOWTAIL, MANGROVES - NIGHT FISHING FOR GROUPER- ALWAYS CHUM!!!</cmt>
    <desc>PATCH REEF FOR BOTTOM FISHING YELLOWTAIL, MANGROVES - NIGHT FISHING FOR GROUPER- ALWAYS CHUM!!!</desc>
    <sym>Fishing Area</sym>
    <extensions>
      <gpxx:WaypointExtension xmlns:gpxx="http://www.garmin.com/xmlschemas/GpxExtensions/v3">
        <gpxx:DisplayMode>SymbolOnly</gpxx:DisplayMode>
      </gpxx:WaypointExtension>
    </extensions>
  </wpt>

  <wpt lat="25.1027418" lon="-80.3432954">
    <time>2018-02-03T20:35:51Z</time>
    <name>PatchReef21</name>
    <cmt>PATCH REEF FOR BOTTOM FISHING YELLOWTAIL, MANGROVES - NIGHT FISHING FOR GROUPER- ALWAYS CHUM!!!</cmt>
    <desc>PATCH REEF FOR BOTTOM FISHING YELLOWTAIL, MANGROVES - NIGHT FISHING FOR GROUPER- ALWAYS CHUM!!!</desc>
    <sym>Fishing Area</sym>
    <extensions>
      <gpxx:WaypointExtension xmlns:gpxx="http://www.garmin.com/xmlschemas/GpxExtensions/v3">
        <gpxx:DisplayMode>SymbolOnly</gpxx:DisplayMode>
      </gpxx:WaypointExtension>
    </extensions>
  </wpt>

  <wpt lat="25.0730674" lon="-80.3453503">
    <time>2018-02-03T20:43:59Z</time>
    <name>PatchReef22</name>
    <cmt>PATCH REEF FOR BOTTOM FISHING YELLOWTAIL, MANGROVES - NIGHT FISHING FOR GROUPER- ALWAYS CHUM!!!</cmt>
    <desc>PATCH REEF FOR BOTTOM FISHING YELLOWTAIL, MANGROVES - NIGHT FISHING FOR GROUPER- ALWAYS CHUM!!!</desc>
    <sym>Fishing Area</sym>
    <extensions>
      <gpxx:WaypointExtension xmlns:gpxx="http://www.garmin.com/xmlschemas/GpxExtensions/v3">
        <gpxx:DisplayMode>SymbolOnly</gpxx:DisplayMode>
      </gpxx:WaypointExtension>
    </extensions>
  </wpt>

  <wpt lat="25.1282209" lon="-80.3018638">
    <time>2018-02-03T20:44:27Z</time>
    <name>PatchReef23</name>
    <cmt>PATCH REEF FOR BOTTOM FISHING YELLOWTAIL, MANGROVES - NIGHT FISHING FOR GROUPER- ALWAYS CHUM!!!</cmt>
    <desc>PATCH REEF FOR BOTTOM FISHING YELLOWTAIL, MANGROVES - NIGHT FISHING FOR GROUPER- ALWAYS CHUM!!!</desc>
    <sym>Fishing Area</sym>
    <extensions>
      <gpxx:WaypointExtension xmlns:gpxx="http://www.garmin.com/xmlschemas/GpxExtensions/v3">
        <gpxx:DisplayMode>SymbolOnly</gpxx:DisplayMode>
      </gpxx:WaypointExtension>
    </extensions>
  </wpt>

  <wpt lat="25.1063900" lon="-80.3343400">
    <name>PatchReef24</name>
    <cmt>PATCH REEF FOR BOTTOM FISHING YELLOWTAIL, MANGROVES - NIGHT FISHING FOR GROUPER- ALWAYS CHUM!!!</cmt>
    <desc>PATCH REEF FOR BOTTOM FISHING YELLOWTAIL, MANGROVES - NIGHT FISHING FOR GROUPER- ALWAYS CHUM!!!</desc>
    <sym>Fishing Area</sym>
    <extensions>
      <gpxx:WaypointExtension xmlns:gpxx="http://www.garmin.com/xmlschemas/GpxExtensions/v3">
        <gpxx:DisplayMode>SymbolOnly</gpxx:DisplayMode>
      </gpxx:WaypointExtension>
    </extensions>
  </wpt>

  <wpt lat="25.1001893" lon="-80.3357204">
    <time>2013-06-28T14:42:17Z</time>
    <name>PatchReef25</name>
    <cmt>PATCH REEF FOR BOTTOM FISHING YELLOWTAIL, MANGROVES - NIGHT FISHING FOR GROUPER- ALWAYS CHUM!!!</cmt>
    <desc>PATCH REEF FOR BOTTOM FISHING YELLOWTAIL, MANGROVES - NIGHT FISHING FOR GROUPER- ALWAYS CHUM!!!</desc>
    <sym>Fishing Area</sym>
    <extensions>
      <gpxx:WaypointExtension xmlns:gpxx="http://www.garmin.com/xmlschemas/GpxExtensions/v3">
        <gpxx:DisplayMode>SymbolOnly</gpxx:DisplayMode>
      </gpxx:WaypointExtension>
    </extensions>
  </wpt>

  <wpt lat="25.1008600" lon="-80.3361500">
    <name>PatchReef26</name>
    <cmt>PATCH REEF FOR BOTTOM FISHING YELLOWTAIL, MANGROVES - NIGHT FISHING FOR GROUPER- ALWAYS CHUM!!!</cmt>
    <desc>PATCH REEF FOR BOTTOM FISHING YELLOWTAIL, MANGROVES - NIGHT FISHING FOR GROUPER- ALWAYS CHUM!!!</desc>
    <sym>Fishing Area</sym>
    <extensions>
      <gpxx:WaypointExtension xmlns:gpxx="http://www.garmin.com/xmlschemas/GpxExtensions/v3">
        <gpxx:DisplayMode>SymbolOnly</gpxx:DisplayMode>
      </gpxx:WaypointExtension>
    </extensions>
  </wpt>

  <wpt lat="25.0852113" lon="-80.3499212">
    <time>2018-02-03T20:43:35Z</time>
    <name>PatchReef28</name>
    <cmt>PATCH REEF FOR BOTTOM FISHING YELLOWTAIL, MANGROVES - NIGHT FISHING FOR GROUPER- ALWAYS CHUM!!!</cmt>
    <desc>PATCH REEF FOR BOTTOM FISHING YELLOWTAIL, MANGROVES - NIGHT FISHING FOR GROUPER- ALWAYS CHUM!!!</desc>
    <sym>Fishing Area</sym>
    <extensions>
      <gpxx:WaypointExtension xmlns:gpxx="http://www.garmin.com/xmlschemas/GpxExtensions/v3">
        <gpxx:DisplayMode>SymbolOnly</gpxx:DisplayMode>
      </gpxx:WaypointExtension>
    </extensions>
  </wpt>

  <wpt lat="25.0909200" lon="-80.3338900">
    <name>PatchReef29</name>
    <cmt>PATCH REEF FOR BOTTOM FISHING YELLOWTAIL, MANGROVES - NIGHT FISHING FOR GROUPER- ALWAYS CHUM!!!</cmt>
    <desc>PATCH REEF FOR BOTTOM FISHING YELLOWTAIL, MANGROVES - NIGHT FISHING FOR GROUPER- ALWAYS CHUM!!!</desc>
    <sym>Fishing Area</sym>
    <extensions>
      <gpxx:WaypointExtension xmlns:gpxx="http://www.garmin.com/xmlschemas/GpxExtensions/v3">
        <gpxx:DisplayMode>SymbolOnly</gpxx:DisplayMode>
      </gpxx:WaypointExtension>
    </extensions>
  </wpt>

  <wpt lat="25.1238549" lon="-80.3104057">
    <time>2018-02-03T20:37:34Z</time>
    <name>PatchReef3</name>
    <cmt>PATCH REEF FOR BOTTOM FISHING YELLOWTAIL, MANGROVES - NIGHT FISHING FOR GROUPER- ALWAYS CHUM!!!</cmt>
    <desc>PATCH REEF FOR BOTTOM FISHING YELLOWTAIL, MANGROVES - NIGHT FISHING FOR GROUPER- ALWAYS CHUM!!!</desc>
    <sym>Fishing Area</sym>
    <extensions>
      <gpxx:WaypointExtension xmlns:gpxx="http://www.garmin.com/xmlschemas/GpxExtensions/v3">
        <gpxx:DisplayMode>SymbolOnly</gpxx:DisplayMode>
      </gpxx:WaypointExtension>
    </extensions>
  </wpt>

  <wpt lat="25.0914500" lon="-80.3336700">
    <name>PatchReef30</name>
    <cmt>PATCH REEF FOR BOTTOM FISHING YELLOWTAIL, MANGROVES - NIGHT FISHING FOR GROUPER- ALWAYS CHUM!!!</cmt>
    <desc>PATCH REEF FOR BOTTOM FISHING YELLOWTAIL, MANGROVES - NIGHT FISHING FOR GROUPER- ALWAYS CHUM!!!</desc>
    <sym>Fishing Area</sym>
    <extensions>
      <gpxx:WaypointExtension xmlns:gpxx="http://www.garmin.com/xmlschemas/GpxExtensions/v3">
        <gpxx:DisplayMode>SymbolOnly</gpxx:DisplayMode>
      </gpxx:WaypointExtension>
    </extensions>
  </wpt>

  <wpt lat="25.0920500" lon="-80.3335300">
    <name>PatchReef31</name>
    <cmt>PATCH REEF FOR BOTTOM FISHING YELLOWTAIL, MANGROVES - NIGHT FISHING FOR GROUPER- ALWAYS CHUM!!!</cmt>
    <desc>PATCH REEF FOR BOTTOM FISHING YELLOWTAIL, MANGROVES - NIGHT FISHING FOR GROUPER- ALWAYS CHUM!!!</desc>
    <sym>Fishing Area</sym>
    <extensions>
      <gpxx:WaypointExtension xmlns:gpxx="http://www.garmin.com/xmlschemas/GpxExtensions/v3">
        <gpxx:DisplayMode>SymbolOnly</gpxx:DisplayMode>
      </gpxx:WaypointExtension>
    </extensions>
  </wpt>

  <wpt lat="24.5676304" lon="-81.4638314">
    <time>2013-02-21T18:50:55Z</time>
    <name>PATCHREEF3g</name>
    <cmt>GOOD REEF FISHING FOR GROUPER, SNAPPER AND MACKEREL. SEE YOUR TUTORIAL ON PATCH REEF FISHING</cmt>
    <desc>GOOD REEF FISHING FOR GROUPER, SNAPPER AND MACKEREL. SEE YOUR TUTORIAL ON PATCH REEF FISHING</desc>
    <sym>Fishing Area</sym>
    <extensions>
      <gpxx:WaypointExtension xmlns:gpxx="http://www.garmin.com/xmlschemas/GpxExtensions/v3">
        <gpxx:Depth>5.4864000</gpxx:Depth>
        <gpxx:DisplayMode>SymbolOnly</gpxx:DisplayMode>
      </gpxx:WaypointExtension>
    </extensions>
  </wpt>

  <wpt lat="25.0995818" lon="-80.3172358">
    <time>2018-02-03T20:40:33Z</time>
    <name>PatchReef4</name>
    <cmt>anhor chum in over 15 ft fish use two chum blocks incoming or ebb tide mangrove ytail grouper</cmt>
    <desc>anhor chum in over 15 ft fish use two chum blocks incoming or ebb tide mangrove ytail grouper</desc>
    <sym>Flag, Green</sym>
    <extensions>
      <gpxx:WaypointExtension xmlns:gpxx="http://www.garmin.com/xmlschemas/GpxExtensions/v3">
        <gpxx:DisplayMode>SymbolOnly</gpxx:DisplayMode>
      </gpxx:WaypointExtension>
    </extensions>
  </wpt>

  <wpt lat="25.0809200" lon="-80.3486300">
    <name>PatchReef40</name>
    <cmt>GOOD Y-TAIL AND MANGROVE SNAPPER FISHING - CHUM HEAVY, FISH A LIVE FLAT LINE FOR MACKEREL</cmt>
    <desc>GOOD Y-TAIL AND MANGROVE SNAPPER FISHING - CHUM HEAVY, FISH A LIVE FLAT LINE FOR MACKEREL</desc>
    <sym>Fishing Area</sym>
    <extensions>
      <gpxx:WaypointExtension xmlns:gpxx="http://www.garmin.com/xmlschemas/GpxExtensions/v3">
        <gpxx:DisplayMode>SymbolOnly</gpxx:DisplayMode>
      </gpxx:WaypointExtension>
    </extensions>
  </wpt>

  <wpt lat="25.0792200" lon="-80.3498900">
    <name>PatchReef47</name>
    <cmt>GOOD Y-TAIL AND MANGROVE SNAPPER FISHING - CHUM HEAVY, FISH A LIVE FLAT LINE FOR MACKEREL</cmt>
    <desc>GOOD Y-TAIL AND MANGROVE SNAPPER FISHING - CHUM HEAVY, FISH A LIVE FLAT LINE FOR MACKEREL</desc>
    <sym>Fishing Area</sym>
    <extensions>
      <gpxx:WaypointExtension xmlns:gpxx="http://www.garmin.com/xmlschemas/GpxExtensions/v3">
        <gpxx:DisplayMode>SymbolOnly</gpxx:DisplayMode>
      </gpxx:WaypointExtension>
    </extensions>
  </wpt>

  <wpt lat="25.0846044" lon="-80.3709761">
    <time>2018-02-03T20:39:35Z</time>
    <name>PatchReef5</name>
    <cmt>anhor chum in over 10 ft fish use two chum blocks incoming or ebb tide mangrove ytail grouper</cmt>
    <desc>anhor chum in over 10 ft fish use two chum blocks incoming or ebb tide mangrove ytail grouper</desc>
    <sym>Flag, Green</sym>
    <extensions>
      <gpxx:WaypointExtension xmlns:gpxx="http://www.garmin.com/xmlschemas/GpxExtensions/v3">
        <gpxx:DisplayMode>SymbolOnly</gpxx:DisplayMode>
      </gpxx:WaypointExtension>
    </extensions>
  </wpt>

  <wpt lat="25.1101400" lon="-80.3440500">
    <name>PatchReef6</name>
    <cmt>PATCH REEF FOR BOTTOM FISHING YELLOWTAIL, MANGROVES - NIGHT FISHING FOR GROUPER- ALWAYS CHUM!!!</cmt>
    <desc>PATCH REEF FOR BOTTOM FISHING YELLOWTAIL, MANGROVES - NIGHT FISHING FOR GROUPER- ALWAYS CHUM!!!</desc>
    <sym>Fishing Area</sym>
    <extensions>
      <gpxx:WaypointExtension xmlns:gpxx="http://www.garmin.com/xmlschemas/GpxExtensions/v3">
        <gpxx:DisplayMode>SymbolOnly</gpxx:DisplayMode>
      </gpxx:WaypointExtension>
    </extensions>
  </wpt>

  <wpt lat="25.1053017" lon="-80.3341368">
    <time>2018-02-03T20:36:57Z</time>
    <name>PatchReef9</name>
    <cmt>PATCH REEF FOR BOTTOM FISHING YELLOWTAIL, MANGROVES - NIGHT FISHING FOR GROUPER- ALWAYS CHUM!!!</cmt>
    <desc>PATCH REEF FOR BOTTOM FISHING YELLOWTAIL, MANGROVES - NIGHT FISHING FOR GROUPER- ALWAYS CHUM!!!</desc>
    <sym>Fishing Area</sym>
    <extensions>
      <gpxx:WaypointExtension xmlns:gpxx="http://www.garmin.com/xmlschemas/GpxExtensions/v3">
        <gpxx:DisplayMode>SymbolOnly</gpxx:DisplayMode>
      </gpxx:WaypointExtension>
    </extensions>
  </wpt>

  <wpt lat="24.5625399" lon="-81.5034772">
    <time>2013-02-21T18:50:30Z</time>
    <name>PATCHREEFB13</name>
    <cmt>GOOD REEF FISHING FOR GROUPER, SNAPPER AND MACKEREL. SEE YOUR TUTORIAL ON PATCH REEF FISHING</cmt>
    <desc>GOOD REEF FISHING FOR GROUPER, SNAPPER AND MACKEREL. SEE YOUR TUTORIAL ON PATCH REEF FISHING</desc>
    <sym>Fishing Area</sym>
    <extensions>
      <gpxx:WaypointExtension xmlns:gpxx="http://www.garmin.com/xmlschemas/GpxExtensions/v3">
        <gpxx:Depth>3.6576000</gpxx:Depth>
        <gpxx:DisplayMode>SymbolOnly</gpxx:DisplayMode>
      </gpxx:WaypointExtension>
    </extensions>
  </wpt>

  <wpt lat="24.5639903" lon="-81.4775539">
    <time>2013-02-21T18:51:30Z</time>
    <name>PATCHREEFC18</name>
    <cmt>GOOD REEF FISHING FOR GROUPER, SNAPPER AND MACKEREL. SEE YOUR TUTORIAL ON PATCH REEF FISHING</cmt>
    <desc>GOOD REEF FISHING FOR GROUPER, SNAPPER AND MACKEREL. SEE YOUR TUTORIAL ON PATCH REEF FISHING</desc>
    <sym>Fishing Area</sym>
    <extensions>
      <gpxx:WaypointExtension xmlns:gpxx="http://www.garmin.com/xmlschemas/GpxExtensions/v3">
        <gpxx:Depth>5.4864000</gpxx:Depth>
        <gpxx:DisplayMode>SymbolOnly</gpxx:DisplayMode>
      </gpxx:WaypointExtension>
    </extensions>
  </wpt>

  <wpt lat="24.5583916" lon="-81.3784282">
    <time>2013-06-28T20:50:54Z</time>
    <name>PATCHREEFf84</name>
    <cmt>PATCH REEF - YELLOWTAIL SNAPPER, GROUPER, MACKEREL ON FLAT LINES</cmt>
    <desc>PATCH REEF - YELLOWTAIL SNAPPER, GROUPER, MACKEREL ON FLAT LINES</desc>
    <sym>Fishing Area</sym>
    <extensions>
      <gpxx:WaypointExtension xmlns:gpxx="http://www.garmin.com/xmlschemas/GpxExtensions/v3">
        <gpxx:Depth>5.4864000</gpxx:Depth>
        <gpxx:DisplayMode>SymbolOnly</gpxx:DisplayMode>
      </gpxx:WaypointExtension>
    </extensions>
  </wpt>

  <wpt lat="24.5277550" lon="-81.6771851">
    <time>2013-02-21T18:48:19Z</time>
    <name>PATCHREEFh10</name>
    <cmt>GOOD REEF FISHING FOR GROUPER, SNAPPER AND MACKEREL. SEE YOUR TUTORIAL ON PATCH REEF FISHING</cmt>
    <desc>GOOD REEF FISHING FOR GROUPER, SNAPPER AND MACKEREL. SEE YOUR TUTORIAL ON PATCH REEF FISHING</desc>
    <sym>Fishing Area</sym>
    <extensions>
      <gpxx:WaypointExtension xmlns:gpxx="http://www.garmin.com/xmlschemas/GpxExtensions/v3">
        <gpxx:Depth>3.6576000</gpxx:Depth>
        <gpxx:DisplayMode>SymbolOnly</gpxx:DisplayMode>
      </gpxx:WaypointExtension>
    </extensions>
  </wpt>

  <wpt lat="24.6742630" lon="-80.9349060">
    <time>2013-06-28T20:45:07Z</time>
    <name>PATCHWK9E</name>
    <cmt>Wk</cmt>
    <desc>Wk</desc>
    <sym>Pin, Red</sym>
    <extensions>
      <gpxx:WaypointExtension xmlns:gpxx="http://www.garmin.com/xmlschemas/GpxExtensions/v3">
        <gpxx:DisplayMode>SymbolOnly</gpxx:DisplayMode>
      </gpxx:WaypointExtension>
    </extensions>
  </wpt>

  <wpt lat="24.5597649" lon="-81.6201782">
    <time>2013-02-21T18:47:00Z</time>
    <name>PATCHWRECK</name>
    <cmt>WRECK AND GOOD REEF FISHING FOR GROUPER, SNAPPER AND MACKEREL. SEE YOUR TUTORIAL ON PATCH REEF FISHING</cmt>
    <desc>WRECK AND GOOD REEF FISHING FOR GROUPER, SNAPPER AND MACKEREL. SEE YOUR TUTORIAL ON PATCH REEF FISHING</desc>
    <sym>Pin, Red</sym>
    <extensions>
      <gpxx:WaypointExtension xmlns:gpxx="http://www.garmin.com/xmlschemas/GpxExtensions/v3">
        <gpxx:DisplayMode>SymbolOnly</gpxx:DisplayMode>
      </gpxx:WaypointExtension>
    </extensions>
  </wpt>

  <wpt lat="24.8837757" lon="-80.5747604">
    <time>2013-06-28T20:33:44Z</time>
    <name>PATCHWRECK B</name>
    <cmt>Wreck</cmt>
    <desc>Wreck</desc>
    <sym>Pin, Red</sym>
    <extensions>
      <gpxx:WaypointExtension xmlns:gpxx="http://www.garmin.com/xmlschemas/GpxExtensions/v3">
        <gpxx:DisplayMode>SymbolOnly</gpxx:DisplayMode>
      </gpxx:WaypointExtension>
    </extensions>
  </wpt>

  <wpt lat="24.5589066" lon="-81.4731503">
    <time>2013-06-28T20:51:43Z</time>
    <name>PATCHWRECK4</name>
    <cmt>Wreck</cmt>
    <desc>Wreck</desc>
    <sym>Pin, Red</sym>
    <extensions>
      <gpxx:WaypointExtension xmlns:gpxx="http://www.garmin.com/xmlschemas/GpxExtensions/v3">
        <gpxx:DisplayMode>SymbolOnly</gpxx:DisplayMode>
      </gpxx:WaypointExtension>
    </extensions>
  </wpt>

  <wpt lat="24.6704006" lon="-80.9630585">
    <time>2013-06-28T20:46:27Z</time>
    <name>PATCHWRK LM</name>
    <cmt>Wreck</cmt>
    <desc>Wreck</desc>
    <sym>Pin, Red</sym>
    <extensions>
      <gpxx:WaypointExtension xmlns:gpxx="http://www.garmin.com/xmlschemas/GpxExtensions/v3">
        <gpxx:DisplayMode>SymbolOnly</gpxx:DisplayMode>
      </gpxx:WaypointExtension>
    </extensions>
  </wpt>

  <wpt lat="24.4833574" lon="-81.6100852">
    <name>PELICAN</name>
    <cmt>GOOD REEF FISHING FOR GROUPER, SNAPPER AND MACKEREL. SEE YOUR TUTORIAL ON PATCH REEF FISHING</cmt>
    <desc>GOOD REEF FISHING FOR GROUPER, SNAPPER AND MACKEREL. SEE YOUR TUTORIAL ON PATCH REEF FISHING</desc>
    <sym>Fishing Area</sym>
    <extensions>
      <gpxx:WaypointExtension xmlns:gpxx="http://www.garmin.com/xmlschemas/GpxExtensions/v3">
        <gpxx:DisplayMode>SymbolOnly</gpxx:DisplayMode>
      </gpxx:WaypointExtension>
    </extensions>
  </wpt>

  <wpt lat="24.9856068" lon="-80.4162389">
    <time>2013-06-28T20:11:21Z</time>
    <name>Pickles Reef</name>
    <cmt>PICKLES REEF AREA - BOTTOM FISHING IS GOOD FOR SNAPPER AND GROUPER - CHUM HEAVY</cmt>
    <desc>PICKLES REEF AREA - BOTTOM FISHING IS GOOD FOR SNAPPER AND GROUPER - CHUM HEAVY</desc>
    <sym>Fishing Area</sym>
    <extensions>
      <gpxx:WaypointExtension xmlns:gpxx="http://www.garmin.com/xmlschemas/GpxExtensions/v3">
        <gpxx:DisplayMode>SymbolOnly</gpxx:DisplayMode>
      </gpxx:WaypointExtension>
    </extensions>
  </wpt>

  <wpt lat="24.9887394" lon="-80.4156096">
    <time>2000-01-01T05:00:00Z</time>
    <name>PICKLESWRK</name>
    <cmt>PICKLES REEF WRECK AREA</cmt>
    <desc>PICKLES REEF WRECK AREA</desc>
    <sym>Fishing Area</sym>
    <extensions>
      <gpxx:WaypointExtension xmlns:gpxx="http://www.garmin.com/xmlschemas/GpxExtensions/v3">
        <gpxx:DisplayMode>SymbolOnly</gpxx:DisplayMode>
      </gpxx:WaypointExtension>
    </extensions>
  </wpt>

  <wpt lat="24.9387833" lon="-80.4874166">
    <name>PIKEPATCH</name>
    <cmt>LOBSTER, SNAPPER, GROUPER -CHARTER BOAT RINGO SPOT</cmt>
    <desc>LOBSTER, SNAPPER, GROUPER -CHARTER BOAT RINGO SPOT</desc>
    <sym>Fishing Area</sym>
    <extensions>
      <gpxx:WaypointExtension xmlns:gpxx="http://www.garmin.com/xmlschemas/GpxExtensions/v3">
        <gpxx:Depth>1.4935200</gpxx:Depth>
        <gpxx:DisplayMode>SymbolOnly</gpxx:DisplayMode>
      </gpxx:WaypointExtension>
    </extensions>
  </wpt>

  <wpt lat="25.0167400" lon="-80.3726400">
    <name>PLATFORMARGI</name>
    <sym>Fishing Area</sym>
    <extensions>
      <gpxx:WaypointExtension xmlns:gpxx="http://www.garmin.com/xmlschemas/GpxExtensions/v3">
        <gpxx:DisplayMode>SymbolOnly</gpxx:DisplayMode>
      </gpxx:WaypointExtension>
    </extensions>
  </wpt>

  <wpt lat="25.1248370" lon="-80.3447800">
    <time>2018-02-03T20:33:41Z</time>
    <name>pro pat011</name>
    <cmt>anhor chum fish around this deeper ledge use two chum blocks incoming or ebb tide</cmt>
    <desc>anhor chum fish around this deeper ledge use two chum blocks incoming or ebb tide</desc>
    <sym>Flag, Green</sym>
    <extensions>
      <gpxx:WaypointExtension xmlns:gpxx="http://www.garmin.com/xmlschemas/GpxExtensions/v3">
        <gpxx:DisplayMode>SymbolOnly</gpxx:DisplayMode>
      </gpxx:WaypointExtension>
    </extensions>
  </wpt>

  <wpt lat="25.1139039" lon="-80.3552859">
    <time>2018-02-03T20:34:03Z</time>
    <name>pro pat012</name>
    <cmt>anhor chum fish around this deeper ledge use two chum blocks incoming or ebb tide</cmt>
    <desc>anhor chum fish around this deeper ledge use two chum blocks incoming or ebb tide</desc>
    <sym>Flag, Green</sym>
    <extensions>
      <gpxx:WaypointExtension xmlns:gpxx="http://www.garmin.com/xmlschemas/GpxExtensions/v3">
        <gpxx:Depth>3.6576000</gpxx:Depth>
        <gpxx:DisplayMode>SymbolOnly</gpxx:DisplayMode>
      </gpxx:WaypointExtension>
    </extensions>
  </wpt>

  <wpt lat="25.1363458" lon="-80.3334020">
    <time>2018-02-03T20:45:06Z</time>
    <name>pro pat013</name>
    <cmt>anhor chum in over 10 ft fish use two chum blocks incoming or ebb tide mangrove ytail grouper</cmt>
    <desc>anhor chum in over 10 ft fish use two chum blocks incoming or ebb tide mangrove ytail grouper</desc>
    <sym>Navaid, Blue</sym>
    <extensions>
      <gpxx:WaypointExtension xmlns:gpxx="http://www.garmin.com/xmlschemas/GpxExtensions/v3">
        <gpxx:DisplayMode>SymbolOnly</gpxx:DisplayMode>
      </gpxx:WaypointExtension>
    </extensions>
  </wpt>

  <wpt lat="25.0198305" lon="-80.4222934">
    <time>2018-02-03T20:45:56Z</time>
    <name>pro pat014</name>
    <cmt>anhor chum in over 15 ft fish use two chum blocks incoming or ebb tide mangrove ytail grouper</cmt>
    <desc>anhor chum in over 15 ft fish use two chum blocks incoming or ebb tide mangrove ytail grouper</desc>
    <sym>Navaid, Blue</sym>
    <extensions>
      <gpxx:WaypointExtension xmlns:gpxx="http://www.garmin.com/xmlschemas/GpxExtensions/v3">
        <gpxx:Depth>5.4864000</gpxx:Depth>
        <gpxx:DisplayMode>SymbolOnly</gpxx:DisplayMode>
      </gpxx:WaypointExtension>
    </extensions>
  </wpt>

  <wpt lat="25.0186157" lon="-80.4387188">
    <time>2018-02-03T20:46:12Z</time>
    <name>pro pat015</name>
    <cmt>anhor chum in over 15 ft fish use two chum blocks incoming or ebb tide mangrove ytail grouper</cmt>
    <desc>anhor chum in over 15 ft fish use two chum blocks incoming or ebb tide mangrove ytail grouper</desc>
    <sym>Navaid, Blue</sym>
    <extensions>
      <gpxx:WaypointExtension xmlns:gpxx="http://www.garmin.com/xmlschemas/GpxExtensions/v3">
        <gpxx:Depth>5.4864000</gpxx:Depth>
        <gpxx:DisplayMode>SymbolOnly</gpxx:DisplayMode>
      </gpxx:WaypointExtension>
    </extensions>
  </wpt>

  <wpt lat="25.1272387" lon="-80.3197213">
    <time>2018-02-03T20:23:49Z</time>
    <name>pro patch1</name>
    <cmt>anhor chum fish around this deeper ledge use two chum blocks last 2 hours of falling tide</cmt>
    <desc>anhor chum fish around this deeper ledge use two chum blocks last 2 hours of falling tide</desc>
    <sym>Flag, Green</sym>
    <extensions>
      <gpxx:WaypointExtension xmlns:gpxx="http://www.garmin.com/xmlschemas/GpxExtensions/v3">
        <gpxx:Depth>5.4864000</gpxx:Depth>
        <gpxx:DisplayMode>SymbolOnly</gpxx:DisplayMode>
      </gpxx:WaypointExtension>
    </extensions>
  </wpt>

  <wpt lat="25.1383134" lon="-80.3132762">
    <time>2018-02-03T20:27:27Z</time>
    <name>pro patch2</name>
    <cmt>anhor chum fish around this deeper ledge use two chum blocks last 2 hours of falling tide</cmt>
    <desc>anhor chum fish around this deeper ledge use two chum blocks last 2 hours of falling tide</desc>
    <sym>Flag, Green</sym>
    <extensions>
      <gpxx:WaypointExtension xmlns:gpxx="http://www.garmin.com/xmlschemas/GpxExtensions/v3">
        <gpxx:Depth>5.4864000</gpxx:Depth>
        <gpxx:DisplayMode>SymbolOnly</gpxx:DisplayMode>
      </gpxx:WaypointExtension>
    </extensions>
  </wpt>

  <wpt lat="25.1427168" lon="-80.3119695">
    <time>2018-02-03T20:28:14Z</time>
    <name>pro patch3</name>
    <cmt>anhor chum fish around this deeper ledge use two chum blocks last 2 hours of falling tide</cmt>
    <desc>anhor chum fish around this deeper ledge use two chum blocks last 2 hours of falling tide</desc>
    <sym>Flag, Green</sym>
    <extensions>
      <gpxx:WaypointExtension xmlns:gpxx="http://www.garmin.com/xmlschemas/GpxExtensions/v3">
        <gpxx:Depth>5.4864000</gpxx:Depth>
        <gpxx:DisplayMode>SymbolOnly</gpxx:DisplayMode>
      </gpxx:WaypointExtension>
    </extensions>
  </wpt>

  <wpt lat="25.1381409" lon="-80.2923039">
    <time>2018-02-03T20:30:18Z</time>
    <name>pro patch4</name>
    <cmt>anhor chum fish around this deeper ledge use two chum blocks last 2 hours of falling tide</cmt>
    <desc>anhor chum fish around this deeper ledge use two chum blocks last 2 hours of falling tide</desc>
    <sym>Flag, Green</sym>
    <extensions>
      <gpxx:WaypointExtension xmlns:gpxx="http://www.garmin.com/xmlschemas/GpxExtensions/v3">
        <gpxx:Depth>5.4864000</gpxx:Depth>
        <gpxx:DisplayMode>SymbolOnly</gpxx:DisplayMode>
      </gpxx:WaypointExtension>
    </extensions>
  </wpt>

  <wpt lat="25.1329422" lon="-80.2959986">
    <time>2018-02-03T20:30:54Z</time>
    <name>pro patch5</name>
    <cmt>anhor chum fish around this deeper ledge use two chum blocks last 2 hours of falling tide</cmt>
    <desc>anhor chum fish around this deeper ledge use two chum blocks last 2 hours of falling tide</desc>
    <sym>Flag, Green</sym>
    <extensions>
      <gpxx:WaypointExtension xmlns:gpxx="http://www.garmin.com/xmlschemas/GpxExtensions/v3">
        <gpxx:Depth>5.4864000</gpxx:Depth>
        <gpxx:DisplayMode>SymbolOnly</gpxx:DisplayMode>
      </gpxx:WaypointExtension>
    </extensions>
  </wpt>

  <wpt lat="24.9286166" lon="-80.4621166">
    <name>PT109140FTGROUPER</name>
    <cmt>PT109140FTGROUPER</cmt>
    <desc>PT109140FTGROUPER</desc>
    <sym>Fishing Area</sym>
    <extensions>
      <gpxx:WaypointExtension xmlns:gpxx="http://www.garmin.com/xmlschemas/GpxExtensions/v3">
        <gpxx:DisplayMode>SymbolOnly</gpxx:DisplayMode>
      </gpxx:WaypointExtension>
    </extensions>
  </wpt>

  <wpt lat="25.0992782" lon="-80.2936394">
    <time>2018-02-03T20:40:58Z</time>
    <name>reefedge11</name>
    <cmt>anhor chum fish use two chum blocks incoming or ebb tide mangrove ytail grouper</cmt>
    <desc>anhor chum fish use two chum blocks incoming or ebb tide mangrove ytail grouper</desc>
    <sym>Flag, Green</sym>
    <extensions>
      <gpxx:WaypointExtension xmlns:gpxx="http://www.garmin.com/xmlschemas/GpxExtensions/v3">
        <gpxx:DisplayMode>SymbolOnly</gpxx:DisplayMode>
      </gpxx:WaypointExtension>
    </extensions>
  </wpt>

  <wpt lat="24.7783202" lon="-80.7026295">
    <time>2018-02-03T20:51:35Z</time>
    <name>reefedge12</name>
    <cmt>anhor chum bottom fish in fish use two chum blocks incoming or ebb tide mangrove ytail grouper</cmt>
    <desc>anhor chum bottom fish in fish use two chum blocks incoming or ebb tide mangrove ytail grouper</desc>
    <sym>Flag, Green</sym>
    <extensions>
      <gpxx:WaypointExtension xmlns:gpxx="http://www.garmin.com/xmlschemas/GpxExtensions/v3">
        <gpxx:DisplayMode>SymbolOnly</gpxx:DisplayMode>
      </gpxx:WaypointExtension>
    </extensions>
  </wpt>

  <wpt lat="24.9068855" lon="-80.5238415">
    <time>2018-02-03T20:48:31Z</time>
    <name>reefedge13</name>
    <cmt>anhor chum bottom fish in fish use two chum blocks incoming or ebb tide mangrove ytail grouper</cmt>
    <desc>anhor chum bottom fish in fish use two chum blocks incoming or ebb tide mangrove ytail grouper</desc>
    <sym>Flag, Green</sym>
    <extensions>
      <gpxx:WaypointExtension xmlns:gpxx="http://www.garmin.com/xmlschemas/GpxExtensions/v3">
        <gpxx:Depth>18.2880000</gpxx:Depth>
        <gpxx:DisplayMode>SymbolOnly</gpxx:DisplayMode>
      </gpxx:WaypointExtension>
    </extensions>
  </wpt>

  <wpt lat="24.6410660" lon="-81.0493624">
    <time>2018-02-03T20:52:33Z</time>
    <name>reefedge15</name>
    <cmt>anhor chum bottom fish in fish use two chum blocks incoming or ebb tide mangrove ytail grouper</cmt>
    <desc>anhor chum bottom fish in fish use two chum blocks incoming or ebb tide mangrove ytail grouper</desc>
    <sym>Flag, Green</sym>
    <extensions>
      <gpxx:WaypointExtension xmlns:gpxx="http://www.garmin.com/xmlschemas/GpxExtensions/v3">
        <gpxx:Depth>18.2880000</gpxx:Depth>
        <gpxx:DisplayMode>SymbolOnly</gpxx:DisplayMode>
      </gpxx:WaypointExtension>
    </extensions>
  </wpt>

  <wpt lat="25.1064807" lon="-80.2867695">
    <time>2018-02-03T20:31:52Z</time>
    <name>reefedge2</name>
    <cmt>anhor chum fish around this deeper ledge use two chum blocks incoming or ebb tide</cmt>
    <desc>anhor chum fish around this deeper ledge use two chum blocks incoming or ebb tide</desc>
    <sym>Flag, Green</sym>
    <extensions>
      <gpxx:WaypointExtension xmlns:gpxx="http://www.garmin.com/xmlschemas/GpxExtensions/v3">
        <gpxx:Depth>18.2880000</gpxx:Depth>
        <gpxx:DisplayMode>SymbolOnly</gpxx:DisplayMode>
      </gpxx:WaypointExtension>
    </extensions>
  </wpt>

  <wpt lat="25.0902367" lon="-80.3024228">
    <time>2018-02-03T20:32:33Z</time>
    <name>reefedge4</name>
    <cmt>anhor chum fish around this deeper ledge use two chum blocks incoming or ebb tide</cmt>
    <desc>anhor chum fish around this deeper ledge use two chum blocks incoming or ebb tide</desc>
    <sym>Flag, Green</sym>
    <extensions>
      <gpxx:WaypointExtension xmlns:gpxx="http://www.garmin.com/xmlschemas/GpxExtensions/v3">
        <gpxx:Depth>9.1440000</gpxx:Depth>
        <gpxx:DisplayMode>SymbolOnly</gpxx:DisplayMode>
      </gpxx:WaypointExtension>
    </extensions>
  </wpt>

  <wpt lat="24.0004379" lon="-82.7998063">
    <time>2000-01-01T05:00:00Z</time>
    <name>ROBIN HOOD</name>
    <cmt>GOOD REEF FISHING FOR GROUPER, SNAPPER AND MACKEREL. SEE YOUR TUTORIAL ON PATCH REEF FISHING</cmt>
    <desc>GOOD REEF FISHING FOR GROUPER, SNAPPER AND MACKEREL. SEE YOUR TUTORIAL ON PATCH REEF FISHING</desc>
    <sym>Fishing Area</sym>
    <extensions>
      <gpxx:WaypointExtension xmlns:gpxx="http://www.garmin.com/xmlschemas/GpxExtensions/v3">
        <gpxx:DisplayMode>SymbolOnly</gpxx:DisplayMode>
      </gpxx:WaypointExtension>
    </extensions>
  </wpt>

  <wpt lat="24.5407439" lon="-81.7493667">
    <time>2000-01-01T05:00:00Z</time>
    <name>ROCK PILE 11</name>
    <cmt>Live Bottom, Ricks or good structure for drfit fishing, lostering or Anchor chum fishing</cmt>
    <desc>Live Bottom, Ricks or good structure for drfit fishing, lostering or Anchor chum fishing</desc>
    <sym>Fishing Area</sym>
    <extensions>
      <gpxx:WaypointExtension xmlns:gpxx="http://www.garmin.com/xmlschemas/GpxExtensions/v3">
        <gpxx:DisplayMode>SymbolOnly</gpxx:DisplayMode>
      </gpxx:WaypointExtension>
    </extensions>
  </wpt>

  <wpt lat="24.5095231" lon="-81.8034072">
    <time>2000-01-01T05:00:00Z</time>
    <name>ROCK PILE 13</name>
    <cmt>Live Bottom, Ricks or good structure for drfit fishing, lostering or Anchor chum fishing</cmt>
    <desc>Live Bottom, Ricks or good structure for drfit fishing, lostering or Anchor chum fishing</desc>
    <sym>Fishing Area</sym>
    <extensions>
      <gpxx:WaypointExtension xmlns:gpxx="http://www.garmin.com/xmlschemas/GpxExtensions/v3">
        <gpxx:DisplayMode>SymbolOnly</gpxx:DisplayMode>
      </gpxx:WaypointExtension>
    </extensions>
  </wpt>

  <wpt lat="24.5178407" lon="-81.7631823">
    <time>2000-01-01T05:00:00Z</time>
    <name>ROCK PILE 17</name>
    <cmt>Live Bottom, Ricks or good structure for drfit fishing, lostering or Anchor chum fishing</cmt>
    <desc>Live Bottom, Ricks or good structure for drfit fishing, lostering or Anchor chum fishing</desc>
    <sym>Fishing Area</sym>
    <extensions>
      <gpxx:WaypointExtension xmlns:gpxx="http://www.garmin.com/xmlschemas/GpxExtensions/v3">
        <gpxx:DisplayMode>SymbolOnly</gpxx:DisplayMode>
      </gpxx:WaypointExtension>
    </extensions>
  </wpt>

  <wpt lat="24.5342769" lon="-81.8338679">
    <time>2000-01-01T05:00:00Z</time>
    <name>ROCK PILE 22</name>
    <cmt>Live Bottom, Ricks or good structure for drfit fishing, lostering or Anchor chum fishing</cmt>
    <desc>Live Bottom, Ricks or good structure for drfit fishing, lostering or Anchor chum fishing</desc>
    <sym>Fishing Area</sym>
    <extensions>
      <gpxx:WaypointExtension xmlns:gpxx="http://www.garmin.com/xmlschemas/GpxExtensions/v3">
        <gpxx:DisplayMode>SymbolOnly</gpxx:DisplayMode>
      </gpxx:WaypointExtension>
    </extensions>
  </wpt>

  <wpt lat="24.5354027" lon="-81.8321522">
    <time>2000-01-01T05:00:00Z</time>
    <name>ROCK PILE 23</name>
    <cmt>Live Bottom, Ricks or good structure for drfit fishing, lostering or Anchor chum fishing</cmt>
    <desc>Live Bottom, Ricks or good structure for drfit fishing, lostering or Anchor chum fishing</desc>
    <sym>Fishing Area</sym>
    <extensions>
      <gpxx:WaypointExtension xmlns:gpxx="http://www.garmin.com/xmlschemas/GpxExtensions/v3">
        <gpxx:DisplayMode>SymbolOnly</gpxx:DisplayMode>
      </gpxx:WaypointExtension>
    </extensions>
  </wpt>

  <wpt lat="24.5095561" lon="-81.8401289">
    <time>2000-01-01T05:00:00Z</time>
    <name>ROCK PILE 33</name>
    <cmt>Rocks or Natural Live Bottom Area</cmt>
    <desc>Rocks or Natural Live Bottom Area</desc>
    <sym>Fishing Area</sym>
    <extensions>
      <gpxx:WaypointExtension xmlns:gpxx="http://www.garmin.com/xmlschemas/GpxExtensions/v3">
        <gpxx:DisplayMode>SymbolOnly</gpxx:DisplayMode>
      </gpxx:WaypointExtension>
    </extensions>
  </wpt>

  <wpt lat="24.5131971" lon="-81.8462013">
    <time>2000-01-01T05:00:00Z</time>
    <name>ROCK PILE 332</name>
    <cmt>GOOD REEF FISHING FOR GROUPER, SNAPPER AND MACKEREL. SEE YOUR TUTORIAL ON PATCH REEF FISHING</cmt>
    <desc>GOOD REEF FISHING FOR GROUPER, SNAPPER AND MACKEREL. SEE YOUR TUTORIAL ON PATCH REEF FISHING</desc>
    <sym>Fishing Area</sym>
    <extensions>
      <gpxx:WaypointExtension xmlns:gpxx="http://www.garmin.com/xmlschemas/GpxExtensions/v3">
        <gpxx:DisplayMode>SymbolOnly</gpxx:DisplayMode>
      </gpxx:WaypointExtension>
    </extensions>
  </wpt>

  <wpt lat="24.5624105" lon="-81.8072698">
    <time>2000-01-01T05:00:00Z</time>
    <name>ROCK PILE 34</name>
    <cmt>Live Bottom, Ricks or good structure for drfit fishing, lostering or Anchor chum fishing</cmt>
    <desc>Live Bottom, Ricks or good structure for drfit fishing, lostering or Anchor chum fishing</desc>
    <sym>Fishing Area</sym>
    <extensions>
      <gpxx:WaypointExtension xmlns:gpxx="http://www.garmin.com/xmlschemas/GpxExtensions/v3">
        <gpxx:DisplayMode>SymbolOnly</gpxx:DisplayMode>
      </gpxx:WaypointExtension>
    </extensions>
  </wpt>

  <wpt lat="24.5402755" lon="-81.8188935">
    <time>2000-01-01T05:00:00Z</time>
    <name>ROCK PILE12</name>
    <cmt>Live Bottom, Ricks or good structure for drfit fishing, lostering or Anchor chum fishing</cmt>
    <desc>Live Bottom, Ricks or good structure for drfit fishing, lostering or Anchor chum fishing</desc>
    <sym>Fishing Area</sym>
    <extensions>
      <gpxx:WaypointExtension xmlns:gpxx="http://www.garmin.com/xmlschemas/GpxExtensions/v3">
        <gpxx:DisplayMode>SymbolOnly</gpxx:DisplayMode>
      </gpxx:WaypointExtension>
    </extensions>
  </wpt>

  <wpt lat="24.5340961" lon="-81.8321432">
    <time>2000-01-01T05:00:00Z</time>
    <name>ROCK PILE2</name>
    <cmt>Live Bottom, Ricks or good structure for drfit fishing, lostering or Anchor chum fishing</cmt>
    <desc>Live Bottom, Ricks or good structure for drfit fishing, lostering or Anchor chum fishing</desc>
    <sym>Fishing Area</sym>
    <extensions>
      <gpxx:WaypointExtension xmlns:gpxx="http://www.garmin.com/xmlschemas/GpxExtensions/v3">
        <gpxx:DisplayMode>SymbolOnly</gpxx:DisplayMode>
      </gpxx:WaypointExtension>
    </extensions>
  </wpt>

  <wpt lat="24.5571770" lon="-81.8116894">
    <time>2000-01-01T05:00:00Z</time>
    <name>ROCKBOTM04</name>
    <cmt>Live Bottom, Ricks or good structure for drfit fishing, lostering or Anchor chum fishing</cmt>
    <desc>Live Bottom, Ricks or good structure for drfit fishing, lostering or Anchor chum fishing</desc>
    <sym>Fishing Area</sym>
    <extensions>
      <gpxx:WaypointExtension xmlns:gpxx="http://www.garmin.com/xmlschemas/GpxExtensions/v3">
        <gpxx:DisplayMode>SymbolOnly</gpxx:DisplayMode>
      </gpxx:WaypointExtension>
    </extensions>
  </wpt>

  <wpt lat="24.6857239" lon="-83.0501928">
    <time>2000-01-01T05:00:00Z</time>
    <name>ROCKBOTM21</name>
    <cmt>Rocks or Natural Live Bottom Area</cmt>
    <desc>Rocks or Natural Live Bottom Area</desc>
    <sym>Fishing Area</sym>
    <extensions>
      <gpxx:WaypointExtension xmlns:gpxx="http://www.garmin.com/xmlschemas/GpxExtensions/v3">
        <gpxx:DisplayMode>SymbolOnly</gpxx:DisplayMode>
      </gpxx:WaypointExtension>
    </extensions>
  </wpt>

  <wpt lat="24.6794532" lon="-83.0379673">
    <time>2000-01-01T05:00:00Z</time>
    <name>ROCKBOTM24</name>
    <cmt>Rocks or Natural Live Bottom Area</cmt>
    <desc>Rocks or Natural Live Bottom Area</desc>
    <sym>Fishing Area</sym>
    <extensions>
      <gpxx:WaypointExtension xmlns:gpxx="http://www.garmin.com/xmlschemas/GpxExtensions/v3">
        <gpxx:DisplayMode>SymbolOnly</gpxx:DisplayMode>
      </gpxx:WaypointExtension>
    </extensions>
  </wpt>

  <wpt lat="24.6813329" lon="-83.0318858">
    <time>2000-01-01T05:00:00Z</time>
    <name>ROCKBOTM26</name>
    <cmt>Rocks or Natural Live Bottom Area</cmt>
    <desc>Rocks or Natural Live Bottom Area</desc>
    <sym>Fishing Area</sym>
    <extensions>
      <gpxx:WaypointExtension xmlns:gpxx="http://www.garmin.com/xmlschemas/GpxExtensions/v3">
        <gpxx:DisplayMode>SymbolOnly</gpxx:DisplayMode>
      </gpxx:WaypointExtension>
    </extensions>
  </wpt>

  <wpt lat="24.5505630" lon="-81.8236095">
    <time>2000-01-01T05:00:00Z</time>
    <name>ROCKBOTM3</name>
    <cmt>Live Bottom, Ricks or good structure for drfit fishing, lostering or Anchor chum fishing</cmt>
    <desc>Live Bottom, Ricks or good structure for drfit fishing, lostering or Anchor chum fishing</desc>
    <sym>Fishing Area</sym>
    <extensions>
      <gpxx:WaypointExtension xmlns:gpxx="http://www.garmin.com/xmlschemas/GpxExtensions/v3">
        <gpxx:DisplayMode>SymbolOnly</gpxx:DisplayMode>
      </gpxx:WaypointExtension>
    </extensions>
  </wpt>

  <wpt lat="24.5574728" lon="-81.8113481">
    <time>2000-01-01T05:00:00Z</time>
    <name>ROCKBOTM4</name>
    <cmt>Live Bottom, Ricks or good structure for drfit fishing, lostering or Anchor chum fishing</cmt>
    <desc>Live Bottom, Ricks or good structure for drfit fishing, lostering or Anchor chum fishing</desc>
    <sym>Fishing Area</sym>
    <extensions>
      <gpxx:WaypointExtension xmlns:gpxx="http://www.garmin.com/xmlschemas/GpxExtensions/v3">
        <gpxx:DisplayMode>SymbolOnly</gpxx:DisplayMode>
      </gpxx:WaypointExtension>
    </extensions>
  </wpt>

  <wpt lat="24.5515161" lon="-81.8097940">
    <time>2000-01-01T05:00:00Z</time>
    <name>ROCKLOBSTER4</name>
    <cmt>Live Bottom, Ricks or good structure for drfit fishing, lostering or Anchor chum fishing</cmt>
    <desc>Live Bottom, Ricks or good structure for drfit fishing, lostering or Anchor chum fishing</desc>
    <sym>Fishing Area</sym>
    <extensions>
      <gpxx:WaypointExtension xmlns:gpxx="http://www.garmin.com/xmlschemas/GpxExtensions/v3">
        <gpxx:DisplayMode>SymbolOnly</gpxx:DisplayMode>
      </gpxx:WaypointExtension>
    </extensions>
  </wpt>

  <wpt lat="24.5516722" lon="-81.8089766">
    <time>2000-01-01T05:00:00Z</time>
    <name>ROCKYBOTM4</name>
    <cmt>Live Bottom, Ricks or good structure for drfit fishing, lostering or Anchor chum fishing</cmt>
    <desc>Live Bottom, Ricks or good structure for drfit fishing, lostering or Anchor chum fishing</desc>
    <sym>Fishing Area</sym>
    <extensions>
      <gpxx:WaypointExtension xmlns:gpxx="http://www.garmin.com/xmlschemas/GpxExtensions/v3">
        <gpxx:DisplayMode>SymbolOnly</gpxx:DisplayMode>
      </gpxx:WaypointExtension>
    </extensions>
  </wpt>

  <wpt lat="24.5473996" lon="-81.8269691">
    <time>2000-01-01T05:00:00Z</time>
    <name>ROCKYBOTOM4</name>
    <cmt>Live Bottom, Ricks or good structure for drfit fishing, lostering or Anchor chum fishing</cmt>
    <desc>Live Bottom, Ricks or good structure for drfit fishing, lostering or Anchor chum fishing</desc>
    <sym>Fishing Area</sym>
    <extensions>
      <gpxx:WaypointExtension xmlns:gpxx="http://www.garmin.com/xmlschemas/GpxExtensions/v3">
        <gpxx:DisplayMode>SymbolOnly</gpxx:DisplayMode>
      </gpxx:WaypointExtension>
    </extensions>
  </wpt>

  <wpt lat="25.0190200" lon="-80.3692200">
    <name>Sand Island A</name>
    <cmt>SNAPPER - YELLOWTAIL, MANGROVE, DAY OR NIGHT - CHUM HEAVY</cmt>
    <desc>SNAPPER - YELLOWTAIL, MANGROVE, DAY OR NIGHT - CHUM HEAVY</desc>
    <sym>Fishing Area</sym>
    <extensions>
      <gpxx:WaypointExtension xmlns:gpxx="http://www.garmin.com/xmlschemas/GpxExtensions/v3">
        <gpxx:DisplayMode>SymbolOnly</gpxx:DisplayMode>
      </gpxx:WaypointExtension>
    </extensions>
  </wpt>

  <wpt lat="24.4433333" lon="-81.9800000">
    <name>SATIN SPOT</name>
    <cmt>TOURNAMENT FISHING - WILD INJUN WIN IN 2002</cmt>
    <desc>TOURNAMENT FISHING - WILD INJUN WIN IN 2002</desc>
    <sym>Fishing Area</sym>
    <extensions>
      <gpxx:WaypointExtension xmlns:gpxx="http://www.garmin.com/xmlschemas/GpxExtensions/v3">
        <gpxx:DisplayMode>SymbolOnly</gpxx:DisplayMode>
      </gpxx:WaypointExtension>
    </extensions>
  </wpt>

  <wpt lat="24.6470606" lon="-83.0765035">
    <time>2000-01-01T05:00:00Z</time>
    <name>SCAT REEF A</name>
    <cmt>Rocks or Natural Live Bottom Area</cmt>
    <desc>Rocks or Natural Live Bottom Area</desc>
    <sym>Fishing Area</sym>
    <extensions>
      <gpxx:WaypointExtension xmlns:gpxx="http://www.garmin.com/xmlschemas/GpxExtensions/v3">
        <gpxx:DisplayMode>SymbolOnly</gpxx:DisplayMode>
      </gpxx:WaypointExtension>
    </extensions>
  </wpt>

  <wpt lat="24.6484317" lon="-83.0766471">
    <time>2000-01-01T05:00:00Z</time>
    <name>SCAT REEF B</name>
    <cmt>Rocks or Natural Live Bottom Area</cmt>
    <desc>Rocks or Natural Live Bottom Area</desc>
    <sym>Fishing Area</sym>
    <extensions>
      <gpxx:WaypointExtension xmlns:gpxx="http://www.garmin.com/xmlschemas/GpxExtensions/v3">
        <gpxx:DisplayMode>SymbolOnly</gpxx:DisplayMode>
      </gpxx:WaypointExtension>
    </extensions>
  </wpt>

  <wpt lat="24.4565969" lon="-81.9519827">
    <time>2000-01-01T05:00:00Z</time>
    <name>SCAT REEF D1</name>
    <cmt>Rocks or Natural Live Bottom Area</cmt>
    <desc>Rocks or Natural Live Bottom Area</desc>
    <sym>Fishing Area</sym>
    <extensions>
      <gpxx:WaypointExtension xmlns:gpxx="http://www.garmin.com/xmlschemas/GpxExtensions/v3">
        <gpxx:DisplayMode>SymbolOnly</gpxx:DisplayMode>
      </gpxx:WaypointExtension>
    </extensions>
  </wpt>

  <wpt lat="24.4550921" lon="-81.9503209">
    <time>2000-01-01T05:00:00Z</time>
    <name>SCAT REEF N</name>
    <cmt>Rocks or Natural Live Bottom Area</cmt>
    <desc>Rocks or Natural Live Bottom Area</desc>
    <sym>Fishing Area</sym>
    <extensions>
      <gpxx:WaypointExtension xmlns:gpxx="http://www.garmin.com/xmlschemas/GpxExtensions/v3">
        <gpxx:DisplayMode>SymbolOnly</gpxx:DisplayMode>
      </gpxx:WaypointExtension>
    </extensions>
  </wpt>

  <wpt lat="24.4534228" lon="-81.9551446">
    <time>2000-01-01T05:00:00Z</time>
    <name>SCAT REEF02</name>
    <cmt>Rocks or Natural Live Bottom Area</cmt>
    <desc>Rocks or Natural Live Bottom Area</desc>
    <sym>Fishing Area</sym>
    <extensions>
      <gpxx:WaypointExtension xmlns:gpxx="http://www.garmin.com/xmlschemas/GpxExtensions/v3">
        <gpxx:DisplayMode>SymbolOnly</gpxx:DisplayMode>
      </gpxx:WaypointExtension>
    </extensions>
  </wpt>

  <wpt lat="24.6387271" lon="-83.0814620">
    <time>2000-01-01T05:00:00Z</time>
    <name>SCATE REEF C</name>
    <cmt>Rocks or Natural Live Bottom Area</cmt>
    <desc>Rocks or Natural Live Bottom Area</desc>
    <sym>Fishing Area</sym>
    <extensions>
      <gpxx:WaypointExtension xmlns:gpxx="http://www.garmin.com/xmlschemas/GpxExtensions/v3">
        <gpxx:DisplayMode>SymbolOnly</gpxx:DisplayMode>
      </gpxx:WaypointExtension>
    </extensions>
  </wpt>

  <wpt lat="24.4552647" lon="-81.9483177">
    <time>2000-01-01T05:00:00Z</time>
    <name>SCATPATCH2</name>
    <cmt>Rocks or Natural Live Bottom Area</cmt>
    <desc>Rocks or Natural Live Bottom Area</desc>
    <sym>Fishing Area</sym>
    <extensions>
      <gpxx:WaypointExtension xmlns:gpxx="http://www.garmin.com/xmlschemas/GpxExtensions/v3">
        <gpxx:DisplayMode>SymbolOnly</gpxx:DisplayMode>
      </gpxx:WaypointExtension>
    </extensions>
  </wpt>

  <wpt lat="24.6200466" lon="-83.0842197">
    <time>2000-01-01T05:00:00Z</time>
    <name>SCATREEF 1A</name>
    <cmt>Rocks or Natural Live Bottom Area</cmt>
    <desc>Rocks or Natural Live Bottom Area</desc>
    <sym>Fishing Area</sym>
    <extensions>
      <gpxx:WaypointExtension xmlns:gpxx="http://www.garmin.com/xmlschemas/GpxExtensions/v3">
        <gpxx:DisplayMode>SymbolOnly</gpxx:DisplayMode>
      </gpxx:WaypointExtension>
    </extensions>
  </wpt>

  <wpt lat="24.4532584" lon="-81.9639838">
    <time>2000-01-01T05:00:00Z</time>
    <name>SCATREEF S</name>
    <cmt>Rocks or Natural Live Bottom Area</cmt>
    <desc>Rocks or Natural Live Bottom Area</desc>
    <sym>Fishing Area</sym>
    <extensions>
      <gpxx:WaypointExtension xmlns:gpxx="http://www.garmin.com/xmlschemas/GpxExtensions/v3">
        <gpxx:DisplayMode>SymbolOnly</gpxx:DisplayMode>
      </gpxx:WaypointExtension>
    </extensions>
  </wpt>

  <wpt lat="24.4444349" lon="-81.9593127">
    <time>2000-01-01T05:00:00Z</time>
    <name>SCATREEFA3</name>
    <cmt>Rocks or Natural Live Bottom Area</cmt>
    <desc>Rocks or Natural Live Bottom Area</desc>
    <sym>Fishing Area</sym>
    <extensions>
      <gpxx:WaypointExtension xmlns:gpxx="http://www.garmin.com/xmlschemas/GpxExtensions/v3">
        <gpxx:DisplayMode>SymbolOnly</gpxx:DisplayMode>
      </gpxx:WaypointExtension>
    </extensions>
  </wpt>

  <wpt lat="24.5121040" lon="-82.7123317">
    <time>2000-01-01T05:00:00Z</time>
    <name>SCATREEFB</name>
    <cmt>Rocks or Natural Live Bottom Area</cmt>
    <desc>Rocks or Natural Live Bottom Area</desc>
    <sym>Fishing Area</sym>
    <extensions>
      <gpxx:WaypointExtension xmlns:gpxx="http://www.garmin.com/xmlschemas/GpxExtensions/v3">
        <gpxx:DisplayMode>SymbolOnly</gpxx:DisplayMode>
      </gpxx:WaypointExtension>
    </extensions>
  </wpt>

  <wpt lat="24.4910944" lon="-81.8938191">
    <time>2000-01-01T05:00:00Z</time>
    <name>SCATREEFD2</name>
    <cmt>Rocks or Natural Live Bottom Area</cmt>
    <desc>Rocks or Natural Live Bottom Area</desc>
    <sym>Fishing Area</sym>
    <extensions>
      <gpxx:WaypointExtension xmlns:gpxx="http://www.garmin.com/xmlschemas/GpxExtensions/v3">
        <gpxx:DisplayMode>SymbolOnly</gpxx:DisplayMode>
      </gpxx:WaypointExtension>
    </extensions>
  </wpt>

  <wpt lat="24.4559309" lon="-81.9494765">
    <time>2000-01-01T05:00:00Z</time>
    <name>SCATREEFG3</name>
    <cmt>Rocks or Natural Live Bottom Area</cmt>
    <desc>Rocks or Natural Live Bottom Area</desc>
    <sym>Fishing Area</sym>
    <extensions>
      <gpxx:WaypointExtension xmlns:gpxx="http://www.garmin.com/xmlschemas/GpxExtensions/v3">
        <gpxx:DisplayMode>SymbolOnly</gpxx:DisplayMode>
      </gpxx:WaypointExtension>
    </extensions>
  </wpt>

  <wpt lat="24.4924261" lon="-81.8908188">
    <time>2000-01-01T05:00:00Z</time>
    <name>SCATREEFG6</name>
    <cmt>Rocks or Natural Live Bottom Area</cmt>
    <desc>Rocks or Natural Live Bottom Area</desc>
    <sym>Fishing Area</sym>
    <extensions>
      <gpxx:WaypointExtension xmlns:gpxx="http://www.garmin.com/xmlschemas/GpxExtensions/v3">
        <gpxx:DisplayMode>SymbolOnly</gpxx:DisplayMode>
      </gpxx:WaypointExtension>
    </extensions>
  </wpt>

  <wpt lat="24.4535874" lon="-81.9493149">
    <time>2000-01-01T05:00:00Z</time>
    <name>SCATREEFH4</name>
    <cmt>Rocks or Natural Live Bottom Area</cmt>
    <desc>Rocks or Natural Live Bottom Area</desc>
    <sym>Fishing Area</sym>
    <extensions>
      <gpxx:WaypointExtension xmlns:gpxx="http://www.garmin.com/xmlschemas/GpxExtensions/v3">
        <gpxx:DisplayMode>SymbolOnly</gpxx:DisplayMode>
      </gpxx:WaypointExtension>
    </extensions>
  </wpt>

  <wpt lat="24.4790674" lon="-81.9116769">
    <time>2000-01-01T05:00:00Z</time>
    <name>SCATREEFJ1</name>
    <cmt>Rocks or Natural Live Bottom Area</cmt>
    <desc>Rocks or Natural Live Bottom Area</desc>
    <sym>Fishing Area</sym>
    <extensions>
      <gpxx:WaypointExtension xmlns:gpxx="http://www.garmin.com/xmlschemas/GpxExtensions/v3">
        <gpxx:DisplayMode>SymbolOnly</gpxx:DisplayMode>
      </gpxx:WaypointExtension>
    </extensions>
  </wpt>

  <wpt lat="24.4844275" lon="-81.9048141">
    <time>2000-01-01T05:00:00Z</time>
    <name>SCATREEFY1</name>
    <cmt>Rocks or Natural Live Bottom Area</cmt>
    <desc>Rocks or Natural Live Bottom Area</desc>
    <sym>Fishing Area</sym>
    <extensions>
      <gpxx:WaypointExtension xmlns:gpxx="http://www.garmin.com/xmlschemas/GpxExtensions/v3">
        <gpxx:DisplayMode>SymbolOnly</gpxx:DisplayMode>
      </gpxx:WaypointExtension>
    </extensions>
  </wpt>

  <wpt lat="24.5829170" lon="-81.1580670">
    <name>SEVEN MILE 1</name>
    <cmt>7 MILE BRIDGE, SPANS</cmt>
    <desc>7 MILE BRIDGE, SPANS</desc>
    <sym>Fishing Area</sym>
    <extensions>
      <gpxx:WaypointExtension xmlns:gpxx="http://www.garmin.com/xmlschemas/GpxExtensions/v3">
        <gpxx:DisplayMode>SymbolOnly</gpxx:DisplayMode>
      </gpxx:WaypointExtension>
    </extensions>
  </wpt>

  <wpt lat="24.5836670" lon="-81.1559830">
    <name>SEVEN MILE 2</name>
    <cmt> 7 MILE BRIDGE</cmt>
    <desc> 7 MILE BRIDGE</desc>
    <sym>Fishing Area</sym>
    <extensions>
      <gpxx:WaypointExtension xmlns:gpxx="http://www.garmin.com/xmlschemas/GpxExtensions/v3">
        <gpxx:DisplayMode>SymbolOnly</gpxx:DisplayMode>
      </gpxx:WaypointExtension>
    </extensions>
  </wpt>

  <wpt lat="24.5828330" lon="-81.1598330">
    <name>SEVEN MILE 3</name>
    <cmt>7 MILE BRIDGE, SPANS</cmt>
    <desc>7 MILE BRIDGE, SPANS</desc>
    <sym>Fishing Area</sym>
    <extensions>
      <gpxx:WaypointExtension xmlns:gpxx="http://www.garmin.com/xmlschemas/GpxExtensions/v3">
        <gpxx:DisplayMode>SymbolOnly</gpxx:DisplayMode>
      </gpxx:WaypointExtension>
    </extensions>
  </wpt>

  <wpt lat="24.6055500" lon="-81.1666670">
    <name>SEVEN MILE 4</name>
    <cmt>OLD SEVEN MILE BRIDGE</cmt>
    <desc>OLD SEVEN MILE BRIDGE</desc>
    <sym>Fishing Area</sym>
    <extensions>
      <gpxx:WaypointExtension xmlns:gpxx="http://www.garmin.com/xmlschemas/GpxExtensions/v3">
        <gpxx:DisplayMode>SymbolOnly</gpxx:DisplayMode>
      </gpxx:WaypointExtension>
    </extensions>
  </wpt>

  <wpt lat="24.9871700" lon="-80.4163300">
    <name>SHRIMPBOAT B</name>
    <cmt>OLD WRECK - HOLDS SNAPPER - NIGHT FISHING</cmt>
    <desc>OLD WRECK - HOLDS SNAPPER - NIGHT FISHING</desc>
    <sym>Pin, Red</sym>
    <extensions>
      <gpxx:WaypointExtension xmlns:gpxx="http://www.garmin.com/xmlschemas/GpxExtensions/v3">
        <gpxx:DisplayMode>SymbolOnly</gpxx:DisplayMode>
      </gpxx:WaypointExtension>
    </extensions>
  </wpt>

  <wpt lat="24.4410279" lon="-81.9579417">
    <time>2012-06-11T10:58:31Z</time>
    <name>SOUTHLEDGE1</name>
    <cmt>Trolling and Bottom Fishing</cmt>
    <desc>Trolling and Bottom Fishing</desc>
    <sym>Fishing Area</sym>
    <extensions>
      <gpxx:WaypointExtension xmlns:gpxx="http://www.garmin.com/xmlschemas/GpxExtensions/v3">
        <gpxx:Depth>30.4800000</gpxx:Depth>
        <gpxx:DisplayMode>SymbolOnly</gpxx:DisplayMode>
      </gpxx:WaypointExtension>
    </extensions>
  </wpt>

  <wpt lat="24.6337596" lon="-83.1331760">
    <time>2000-01-01T05:00:00Z</time>
    <name>SOUTHPRIDE</name>
    <cmt>GOOD WRECK, BOTTOM FISHING</cmt>
    <desc>GOOD WRECK, BOTTOM FISHING</desc>
    <sym>Pin, Red</sym>
    <extensions>
      <gpxx:WaypointExtension xmlns:gpxx="http://www.garmin.com/xmlschemas/GpxExtensions/v3">
        <gpxx:DisplayMode>SymbolOnly</gpxx:DisplayMode>
      </gpxx:WaypointExtension>
    </extensions>
  </wpt>

  <wpt lat="24.8386833" lon="-80.6327833">
    <name>SPEARFISH B</name>
    <cmt>SPEARFISHING FOR HOGFISH, SNAPPER, GROUPER, LOBSTERING</cmt>
    <desc>SPEARFISHING FOR HOGFISH, SNAPPER, GROUPER, LOBSTERING</desc>
    <sym>Fishing Area</sym>
    <extensions>
      <gpxx:WaypointExtension xmlns:gpxx="http://www.garmin.com/xmlschemas/GpxExtensions/v3">
        <gpxx:Depth>4.9072800</gpxx:Depth>
        <gpxx:DisplayMode>SymbolOnly</gpxx:DisplayMode>
      </gpxx:WaypointExtension>
    </extensions>
  </wpt>

  <wpt lat="25.0105885" lon="-80.3731689">
    <time>2013-06-28T20:09:04Z</time>
    <name>Spiegel Grove</name>
    <cmt>CHECK REGULATIONS</cmt>
    <desc>CHECK REGULATIONS</desc>
    <sym>Fishing Area</sym>
    <extensions>
      <gpxx:WaypointExtension xmlns:gpxx="http://www.garmin.com/xmlschemas/GpxExtensions/v3">
        <gpxx:DisplayMode>SymbolOnly</gpxx:DisplayMode>
      </gpxx:WaypointExtension>
    </extensions>
  </wpt>

  <wpt lat="25.0660000" lon="-80.3123334">
    <name>SPUEGEL BOTOM</name>
    <cmt>EXCELLENT GROUPER SNAPPER CHUM HEAVY</cmt>
    <desc>EXCELLENT GROUPER SNAPPER CHUM HEAVY</desc>
    <sym>Fishing Area</sym>
    <extensions>
      <gpxx:WaypointExtension xmlns:gpxx="http://www.garmin.com/xmlschemas/GpxExtensions/v3">
        <gpxx:DisplayMode>SymbolOnly</gpxx:DisplayMode>
      </gpxx:WaypointExtension>
    </extensions>
  </wpt>

  <wpt lat="24.4550000" lon="-81.8666670">
    <name>STARGAZER</name>
    <cmt>UNDERWATER SCULPTURES</cmt>
    <desc>UNDERWATER SCULPTURES</desc>
    <sym>Fishing Area</sym>
    <extensions>
      <gpxx:WaypointExtension xmlns:gpxx="http://www.garmin.com/xmlschemas/GpxExtensions/v3">
        <gpxx:DisplayMode>SymbolOnly</gpxx:DisplayMode>
      </gpxx:WaypointExtension>
    </extensions>
  </wpt>

  <wpt lat="24.7754574" lon="-80.8213520">
    <time>2013-06-28T20:37:43Z</time>
    <name>STEELBEAMS</name>
    <cmt>SNAPPER - YELLOWTAIL, MANGROVE, DAY OR NIGHT - CHUM HEAVY</cmt>
    <desc>SNAPPER - YELLOWTAIL, MANGROVE, DAY OR NIGHT - CHUM HEAVY</desc>
    <sym>Fishing Area</sym>
    <extensions>
      <gpxx:WaypointExtension xmlns:gpxx="http://www.garmin.com/xmlschemas/GpxExtensions/v3">
        <gpxx:DisplayMode>SymbolOnly</gpxx:DisplayMode>
      </gpxx:WaypointExtension>
    </extensions>
  </wpt>

  <wpt lat="24.6899999" lon="-80.8566741">
    <time>2000-01-01T05:00:00Z</time>
    <name>SWIFTWATER</name>
    <cmt>LIVE BOTTOM IN AREA</cmt>
    <desc>LIVE BOTTOM IN AREA</desc>
    <sym>Fishing Area</sym>
    <extensions>
      <gpxx:WaypointExtension xmlns:gpxx="http://www.garmin.com/xmlschemas/GpxExtensions/v3">
        <gpxx:DisplayMode>SymbolOnly</gpxx:DisplayMode>
      </gpxx:WaypointExtension>
    </extensions>
  </wpt>

  <wpt lat="24.4274833" lon="-82.4125166">
    <name>TAIL R</name>
    <cmt>MELTON BOAT - 56 POUND KINGFISH, COBIA AND DOLPHIN</cmt>
    <desc>MELTON BOAT - 56 POUND KINGFISH, COBIA AND DOLPHIN</desc>
    <sym>Fishing Area</sym>
    <extensions>
      <gpxx:WaypointExtension xmlns:gpxx="http://www.garmin.com/xmlschemas/GpxExtensions/v3">
        <gpxx:DisplayMode>SymbolOnly</gpxx:DisplayMode>
      </gpxx:WaypointExtension>
    </extensions>
  </wpt>

  <wpt lat="24.4292833" lon="-82.4169833">
    <name>TAIL ROCK</name>
    <cmt>TAIL END</cmt>
    <desc>TAIL END</desc>
    <sym>Fishing Area</sym>
    <extensions>
      <gpxx:WaypointExtension xmlns:gpxx="http://www.garmin.com/xmlschemas/GpxExtensions/v3">
        <gpxx:DisplayMode>SymbolOnly</gpxx:DisplayMode>
      </gpxx:WaypointExtension>
    </extensions>
  </wpt>

  <wpt lat="24.4106999" lon="-82.4969499">
    <name>TAILENDBY</name>
    <cmt>BUOY, BAIT AT OR NEAR BOUY</cmt>
    <desc>BUOY, BAIT AT OR NEAR BOUY</desc>
    <sym>Fishing Area</sym>
    <extensions>
      <gpxx:WaypointExtension xmlns:gpxx="http://www.garmin.com/xmlschemas/GpxExtensions/v3">
        <gpxx:DisplayMode>SymbolOnly</gpxx:DisplayMode>
      </gpxx:WaypointExtension>
    </extensions>
  </wpt>

  <wpt lat="24.4196941" lon="-82.6172772">
    <time>2012-08-02T09:58:24Z</time>
    <name>TAILENDSOUTH</name>
    <cmt>trolling and bottom fishing - good spot</cmt>
    <desc>trolling and bottom fishing - good spot</desc>
    <sym>Flag, Green</sym>
    <extensions>
      <gpxx:WaypointExtension xmlns:gpxx="http://www.garmin.com/xmlschemas/GpxExtensions/v3">
        <gpxx:Depth>30.4800000</gpxx:Depth>
        <gpxx:DisplayMode>SymbolOnly</gpxx:DisplayMode>
      </gpxx:WaypointExtension>
    </extensions>
  </wpt>

  <wpt lat="24.6580000" lon="-80.9650000">
    <name>THUNDERBOLT</name>
    <cmt>188 FT LONG NAVY CABLE VESSEL</cmt>
    <desc>188 FT LONG NAVY CABLE VESSEL</desc>
    <sym>Pin, Red</sym>
    <extensions>
      <gpxx:WaypointExtension xmlns:gpxx="http://www.garmin.com/xmlschemas/GpxExtensions/v3">
        <gpxx:DisplayMode>SymbolOnly</gpxx:DisplayMode>
      </gpxx:WaypointExtension>
    </extensions>
  </wpt>

  <wpt lat="24.8132217" lon="-80.4250912">
    <name>TIDE RIP D</name>
    <cmt>TIDE RIP NEAR HUMP - MAHI AND SAILFISH</cmt>
    <desc>TIDE RIP NEAR HUMP - MAHI AND SAILFISH</desc>
    <sym>Fishing Area</sym>
    <extensions>
      <gpxx:WaypointExtension xmlns:gpxx="http://www.garmin.com/xmlschemas/GpxExtensions/v3">
        <gpxx:Depth>186.5071200</gpxx:Depth>
        <gpxx:DisplayMode>SymbolOnly</gpxx:DisplayMode>
      </gpxx:WaypointExtension>
    </extensions>
  </wpt>

  <wpt lat="24.4095845" lon="-82.5454097">
    <time>2012-08-02T09:57:45Z</time>
    <name>tortugaedge</name>
    <cmt>trolling and bottom fishing</cmt>
    <desc>trolling and bottom fishing</desc>
    <sym>Flag, Green</sym>
    <extensions>
      <gpxx:WaypointExtension xmlns:gpxx="http://www.garmin.com/xmlschemas/GpxExtensions/v3">
        <gpxx:Depth>18.2880000</gpxx:Depth>
        <gpxx:DisplayMode>SymbolOnly</gpxx:DisplayMode>
      </gpxx:WaypointExtension>
    </extensions>
  </wpt>

  <wpt lat="24.4212706" lon="-82.5200583">
    <time>2012-08-02T09:55:59Z</time>
    <name>tortugas a</name>
    <cmt>Bottom fishing for snapper and grouper</cmt>
    <desc>Bottom fishing for snapper and grouper</desc>
    <sym>Fishing Area</sym>
    <extensions>
      <gpxx:WaypointExtension xmlns:gpxx="http://www.garmin.com/xmlschemas/GpxExtensions/v3">
        <gpxx:DisplayMode>SymbolOnly</gpxx:DisplayMode>
      </gpxx:WaypointExtension>
    </extensions>
  </wpt>

  <wpt lat="24.4122500" lon="-82.4910833">
    <name>TORTUGAS B</name>
    <cmt>MELTON BOAT - BIG KINGFISH - GOOD FISHING TROLLING AND BOTTOM FISHING</cmt>
    <desc>MELTON BOAT - BIG KINGFISH - GOOD FISHING TROLLING AND BOTTOM FISHING</desc>
    <sym>Fishing Area</sym>
    <extensions>
      <gpxx:WaypointExtension xmlns:gpxx="http://www.garmin.com/xmlschemas/GpxExtensions/v3">
        <gpxx:DisplayMode>SymbolOnly</gpxx:DisplayMode>
      </gpxx:WaypointExtension>
    </extensions>
  </wpt>

  <wpt lat="24.7316666" lon="-82.7850000">
    <name>TORTUGASRN</name>
    <cmt>GOOD REEF FISHING FOR GROUPER, SNAPPER AND MACKEREL. SEE YOUR TUTORIAL ON PATCH REEF FISHING</cmt>
    <desc>GOOD REEF FISHING FOR GROUPER, SNAPPER AND MACKEREL. SEE YOUR TUTORIAL ON PATCH REEF FISHING</desc>
    <sym>Fishing Area</sym>
    <extensions>
      <gpxx:WaypointExtension xmlns:gpxx="http://www.garmin.com/xmlschemas/GpxExtensions/v3">
        <gpxx:DisplayMode>SymbolOnly</gpxx:DisplayMode>
      </gpxx:WaypointExtension>
    </extensions>
  </wpt>

  <wpt lat="24.4173681" lon="-82.5181555">
    <time>2012-08-02T09:56:45Z</time>
    <name>tortugaTROLL</name>
    <cmt>trolling for sailfish, cobia, cero and kingfish</cmt>
    <desc>trolling for sailfish, cobia, cero and kingfish</desc>
    <sym>Flag, Green</sym>
    <extensions>
      <gpxx:WaypointExtension xmlns:gpxx="http://www.garmin.com/xmlschemas/GpxExtensions/v3">
        <gpxx:Depth>18.2880000</gpxx:Depth>
        <gpxx:DisplayMode>SymbolOnly</gpxx:DisplayMode>
      </gpxx:WaypointExtension>
    </extensions>
  </wpt>

  <wpt lat="24.5594576" lon="-81.3215062">
    <time>2012-06-11T11:36:28Z</time>
    <name>troll27</name>
    <cmt>Trolling Area - See Notes on Area in your GPS unit</cmt>
    <desc>Trolling Area - See Notes on Area in your GPS unit</desc>
    <sym>Fishing Area</sym>
    <extensions>
      <gpxx:WaypointExtension xmlns:gpxx="http://www.garmin.com/xmlschemas/GpxExtensions/v3">
        <gpxx:DisplayMode>SymbolOnly</gpxx:DisplayMode>
      </gpxx:WaypointExtension>
    </extensions>
  </wpt>

  <wpt lat="24.5192227" lon="-81.6438907">
    <time>2012-06-11T10:42:01Z</time>
    <name>trolling1</name>
    <cmt>Good live bait trolling for several species</cmt>
    <desc>Good live bait trolling for several species</desc>
    <sym>Fishing Area</sym>
    <extensions>
      <gpxx:WaypointExtension xmlns:gpxx="http://www.garmin.com/xmlschemas/GpxExtensions/v3">
        <gpxx:DisplayMode>SymbolOnly</gpxx:DisplayMode>
      </gpxx:WaypointExtension>
    </extensions>
  </wpt>

  <wpt lat="24.5752593" lon="-81.3926474">
    <time>2012-06-11T11:33:37Z</time>
    <name>trolling13</name>
    <cmt>Trolling and Bottom Fishing</cmt>
    <desc>Trolling and Bottom Fishing</desc>
    <sym>Fishing Area</sym>
    <extensions>
      <gpxx:WaypointExtension xmlns:gpxx="http://www.garmin.com/xmlschemas/GpxExtensions/v3">
        <gpxx:DisplayMode>SymbolOnly</gpxx:DisplayMode>
      </gpxx:WaypointExtension>
    </extensions>
  </wpt>

  <wpt lat="24.6011663" lon="-81.3581458">
    <time>2012-06-11T11:34:05Z</time>
    <name>trolling14</name>
    <cmt>Good trolling and bottom fishing area - 































bIg Kingfish</cmt>
    <desc>Good trolling and bottom fishing area - 































bIg Kingfish</desc>
    <sym>Fishing Area</sym>
    <extensions>
      <gpxx:WaypointExtension xmlns:gpxx="http://www.garmin.com/xmlschemas/GpxExtensions/v3">
        <gpxx:DisplayMode>SymbolOnly</gpxx:DisplayMode>
      </gpxx:WaypointExtension>
    </extensions>
  </wpt>

  <wpt lat="24.5286197" lon="-81.6121911">
    <time>2012-06-11T10:42:35Z</time>
    <name>trolling4</name>
    <cmt>Good Live Bait Trolling )COBIA/KINGS/Cero Mackerel</cmt>
    <desc>Good Live Bait Trolling )COBIA/KINGS/Cero Mackerel</desc>
    <sym>Fishing Area</sym>
    <extensions>
      <gpxx:WaypointExtension xmlns:gpxx="http://www.garmin.com/xmlschemas/GpxExtensions/v3">
        <gpxx:DisplayMode>SymbolOnly</gpxx:DisplayMode>
      </gpxx:WaypointExtension>
    </extensions>
  </wpt>

  <wpt lat="24.5367369" lon="-81.5746177">
    <time>2012-06-11T10:43:23Z</time>
    <name>trolling5</name>
    <cmt>Good trolling with live bait</cmt>
    <desc>Good trolling with live bait</desc>
    <sym>Fishing Area</sym>
    <extensions>
      <gpxx:WaypointExtension xmlns:gpxx="http://www.garmin.com/xmlschemas/GpxExtensions/v3">
        <gpxx:Depth>9.1440000</gpxx:Depth>
        <gpxx:DisplayMode>SymbolOnly</gpxx:DisplayMode>
      </gpxx:WaypointExtension>
    </extensions>
  </wpt>

  <wpt lat="25.0256700" lon="-80.3946700">
    <name>TurtleShoaL1</name>
    <cmt>DANGER - CORAL, ROCKS, SHOAL</cmt>
    <desc>DANGER - CORAL, ROCKS, SHOAL</desc>
    <sym>Fishing Area</sym>
    <extensions>
      <gpxx:WaypointExtension xmlns:gpxx="http://www.garmin.com/xmlschemas/GpxExtensions/v3">
        <gpxx:DisplayMode>SymbolOnly</gpxx:DisplayMode>
      </gpxx:WaypointExtension>
    </extensions>
  </wpt>

  <wpt lat="24.4368670" lon="-81.7687830">
    <name>USS CURB</name>
    <cmt>213 FT. NAVY SALVAGE VESSEL</cmt>
    <desc>213 FT. NAVY SALVAGE VESSEL</desc>
    <sym>Pin, Red</sym>
    <extensions>
      <gpxx:WaypointExtension xmlns:gpxx="http://www.garmin.com/xmlschemas/GpxExtensions/v3">
        <gpxx:DisplayMode>SymbolOnly</gpxx:DisplayMode>
      </gpxx:WaypointExtension>
    </extensions>
  </wpt>

  <wpt lat="24.4601330" lon="-81.6010670">
    <name>USS KENDRICK</name>
    <cmt>448 FT. BRISTOL CLASS DESTROYER</cmt>
    <desc>448 FT. BRISTOL CLASS DESTROYER</desc>
    <sym>Pin, Red</sym>
    <extensions>
      <gpxx:WaypointExtension xmlns:gpxx="http://www.garmin.com/xmlschemas/GpxExtensions/v3">
        <gpxx:DisplayMode>SymbolOnly</gpxx:DisplayMode>
      </gpxx:WaypointExtension>
    </extensions>
  </wpt>

  <wpt lat="24.4490330" lon="-81.5829000">
    <name>USS SAUFLEY</name>
    <cmt>377 FT. FLETCHER CLASS DESTROYER</cmt>
    <desc>377 FT. FLETCHER CLASS DESTROYER</desc>
    <sym>Pin, Red</sym>
    <extensions>
      <gpxx:WaypointExtension xmlns:gpxx="http://www.garmin.com/xmlschemas/GpxExtensions/v3">
        <gpxx:DisplayMode>SymbolOnly</gpxx:DisplayMode>
      </gpxx:WaypointExtension>
    </extensions>
  </wpt>

  <wpt lat="24.4599500" lon="-81.7364670">
    <name>VANDENBERG</name>
    <cmt>522 FEET  MISSILE TRACKING SHIP</cmt>
    <desc>522 FEET  MISSILE TRACKING SHIP</desc>
    <sym>Pin, Red</sym>
    <extensions>
      <gpxx:WaypointExtension xmlns:gpxx="http://www.garmin.com/xmlschemas/GpxExtensions/v3">
        <gpxx:DisplayMode>SymbolOnly</gpxx:DisplayMode>
      </gpxx:WaypointExtension>
    </extensions>
  </wpt>

  <wpt lat="24.9670658" lon="-80.3164396">
    <time>2000-01-01T05:00:00Z</time>
    <name>VITRIC WRECK</name>
    <cmt>REEF MATERIAL AND GOOD REEF FISHING FOR GROUPER, SNAPPER AND MACKEREL. SEE YOUR TUTORIAL ON PATCH REEF FISHING</cmt>
    <desc>REEF MATERIAL AND GOOD REEF FISHING FOR GROUPER, SNAPPER AND MACKEREL. SEE YOUR TUTORIAL ON PATCH REEF FISHING</desc>
    <sym>Pin, Red</sym>
    <extensions>
      <gpxx:WaypointExtension xmlns:gpxx="http://www.garmin.com/xmlschemas/GpxExtensions/v3">
        <gpxx:DisplayMode>SymbolOnly</gpxx:DisplayMode>
      </gpxx:WaypointExtension>
    </extensions>
  </wpt>

  <wpt lat="24.9376167" lon="-80.4707500">
    <name>WALL95FTMUTTONS</name>
    <cmt>WALL95FTMUTTONS</cmt>
    <desc>WALL95FTMUTTONS</desc>
    <sym>Fishing Area</sym>
    <extensions>
      <gpxx:WaypointExtension xmlns:gpxx="http://www.garmin.com/xmlschemas/GpxExtensions/v3">
        <gpxx:DisplayMode>SymbolOnly</gpxx:DisplayMode>
      </gpxx:WaypointExtension>
    </extensions>
  </wpt>

  <wpt lat="24.9385833" lon="-80.4761000">
    <name>Wall95ftmuttons1</name>
    <cmt>WALL95FTMUTTONS</cmt>
    <desc>WALL95FTMUTTONS</desc>
    <sym>Fishing Area</sym>
    <extensions>
      <gpxx:WaypointExtension xmlns:gpxx="http://www.garmin.com/xmlschemas/GpxExtensions/v3">
        <gpxx:DisplayMode>SymbolOnly</gpxx:DisplayMode>
      </gpxx:WaypointExtension>
    </extensions>
  </wpt>

  <wpt lat="24.4350167" lon="-81.9541500">
    <name>WESTDRYROCK</name>
    <cmt>45 POUND KINGFISH ON THE PATSY IN 2001 - GOOD SPOT</cmt>
    <desc>45 POUND KINGFISH ON THE PATSY IN 2001 - GOOD SPOT</desc>
    <sym>Fishing Area</sym>
    <extensions>
      <gpxx:WaypointExtension xmlns:gpxx="http://www.garmin.com/xmlschemas/GpxExtensions/v3">
        <gpxx:DisplayMode>SymbolOnly</gpxx:DisplayMode>
      </gpxx:WaypointExtension>
    </extensions>
  </wpt>

  <wpt lat="24.4741666" lon="-81.7445000">
    <name>WESTSAMBO</name>
    <cmt>WEST SAMB REEF SPOT</cmt>
    <desc>WEST SAMB REEF SPOT</desc>
    <sym>Fishing Area</sym>
    <extensions>
      <gpxx:WaypointExtension xmlns:gpxx="http://www.garmin.com/xmlschemas/GpxExtensions/v3">
        <gpxx:DisplayMode>SymbolOnly</gpxx:DisplayMode>
      </gpxx:WaypointExtension>
    </extensions>
  </wpt>

  <wpt lat="25.0425800" lon="-80.3714300">
    <name>WhiteBank2</name>
    <cmt>SNAPPER - YELLOWTAIL, MANGROVE, DAY OR NIGHT - CHUM HEAVY</cmt>
    <desc>SNAPPER - YELLOWTAIL, MANGROVE, DAY OR NIGHT - CHUM HEAVY</desc>
    <sym>Fishing Area</sym>
    <extensions>
      <gpxx:WaypointExtension xmlns:gpxx="http://www.garmin.com/xmlschemas/GpxExtensions/v3">
        <gpxx:DisplayMode>SymbolOnly</gpxx:DisplayMode>
      </gpxx:WaypointExtension>
    </extensions>
  </wpt>

  <wpt lat="24.4849000" lon="-81.5533670">
    <name>WILKESBARGE2</name>
    <cmt>610 FOOT CRUISER</cmt>
    <desc>610 FOOT CRUISER</desc>
    <sym>Pin, Red</sym>
    <extensions>
      <gpxx:WaypointExtension xmlns:gpxx="http://www.garmin.com/xmlschemas/GpxExtensions/v3">
        <gpxx:DisplayMode>SymbolOnly</gpxx:DisplayMode>
      </gpxx:WaypointExtension>
    </extensions>
  </wpt>

  <wpt lat="24.4844830" lon="-81.5523000">
    <name>WILKESBARGE3</name>
    <cmt>610 FOOT LIGHT CRUISER</cmt>
    <desc>610 FOOT LIGHT CRUISER</desc>
    <sym>Pin, Red</sym>
    <extensions>
      <gpxx:WaypointExtension xmlns:gpxx="http://www.garmin.com/xmlschemas/GpxExtensions/v3">
        <gpxx:DisplayMode>SymbolOnly</gpxx:DisplayMode>
      </gpxx:WaypointExtension>
    </extensions>
  </wpt>

  <wpt lat="25.0000000" lon="-80.3744000">
    <name>Winch Hole</name>
    <cmt>REEF AND WRECK AREA HERE TO SOUTHE AND EAST</cmt>
    <desc>REEF AND WRECK AREA HERE TO SOUTHE AND EAST</desc>
    <sym>Pin, Blue</sym>
    <extensions>
      <gpxx:WaypointExtension xmlns:gpxx="http://www.garmin.com/xmlschemas/GpxExtensions/v3">
        <gpxx:DisplayMode>SymbolOnly</gpxx:DisplayMode>
      </gpxx:WaypointExtension>
    </extensions>
  </wpt>

  <wpt lat="24.4900011" lon="-81.6772168">
    <time>2000-01-01T05:00:00Z</time>
    <name>WIRE HOLE</name>
    <cmt>REEF MATERIAL AND GOOD REEF FISHING FOR GROUPER, SNAPPER AND MACKEREL. SEE YOUR TUTORIAL ON PATCH REEF FISHING</cmt>
    <desc>REEF MATERIAL AND GOOD REEF FISHING FOR GROUPER, SNAPPER AND MACKEREL. SEE YOUR TUTORIAL ON PATCH REEF FISHING</desc>
    <sym>Pin, Blue</sym>
    <extensions>
      <gpxx:WaypointExtension xmlns:gpxx="http://www.garmin.com/xmlschemas/GpxExtensions/v3">
        <gpxx:DisplayMode>SymbolOnly</gpxx:DisplayMode>
      </gpxx:WaypointExtension>
    </extensions>
  </wpt>

  <wpt lat="25.0206216" lon="-80.3969213">
    <time>2013-06-28T20:12:34Z</time>
    <name>WOLF REEF</name>
    <cmt> 3 REEFBALLS DEPLOYED - HOLDS BAIT AND FISH</cmt>
    <desc> 3 REEFBALLS DEPLOYED - HOLDS BAIT AND FISH</desc>
    <sym>Pin, Blue</sym>
    <extensions>
      <gpxx:WaypointExtension xmlns:gpxx="http://www.garmin.com/xmlschemas/GpxExtensions/v3">
        <gpxx:DisplayMode>SymbolOnly</gpxx:DisplayMode>
      </gpxx:WaypointExtension>
    </extensions>
  </wpt>

  <wpt lat="24.9067166" lon="-80.5124666">
    <name>WRECK MUTTONS3</name>
    <cmt>ANCHOR VERY CLOSE TO WRECK AND CHUM MUTTONS FROM WRECK</cmt>
    <desc>ANCHOR VERY CLOSE TO WRECK AND CHUM MUTTONS FROM WRECK</desc>
    <sym>Pin, Blue</sym>
    <extensions>
      <gpxx:WaypointExtension xmlns:gpxx="http://www.garmin.com/xmlschemas/GpxExtensions/v3">
        <gpxx:DisplayMode>SymbolOnly</gpxx:DisplayMode>
      </gpxx:WaypointExtension>
    </extensions>
  </wpt>

  <wpt lat="24.4583130" lon="-82.2536087">
    <time>2012-06-11T10:50:55Z</time>
    <name>WRECK04</name>
    <cmt>Wreck</cmt>
    <desc>Wreck</desc>
    <sym>Pin, Red</sym>
    <extensions>
      <gpxx:WaypointExtension xmlns:gpxx="http://www.garmin.com/xmlschemas/GpxExtensions/v3">
        <gpxx:DisplayMode>SymbolOnly</gpxx:DisplayMode>
      </gpxx:WaypointExtension>
    </extensions>
  </wpt>

  <wpt lat="24.4799423" lon="-81.5496254">
    <time>2012-06-11T10:45:12Z</time>
    <name>wreck43</name>
    <cmt>Old Wreck Aj Groouper and good trolling with live bait</cmt>
    <desc>Old Wreck Aj Groouper and good trolling with live bait</desc>
    <sym>Pin, Red</sym>
    <extensions>
      <gpxx:WaypointExtension xmlns:gpxx="http://www.garmin.com/xmlschemas/GpxExtensions/v3">
        <gpxx:DisplayMode>SymbolOnly</gpxx:DisplayMode>
      </gpxx:WaypointExtension>
    </extensions>
  </wpt>

  <wpt lat="24.9364000" lon="-80.4360166">
    <name>WRECKCARLOSBIGMUTTONS</name>
    <cmt>WRECKCARLOSBIGMUTTONS</cmt>
    <desc>WRECKCARLOSBIGMUTTONS</desc>
    <sym>Pin, Red</sym>
    <extensions>
      <gpxx:WaypointExtension xmlns:gpxx="http://www.garmin.com/xmlschemas/GpxExtensions/v3">
        <gpxx:DisplayMode>SymbolOnly</gpxx:DisplayMode>
      </gpxx:WaypointExtension>
    </extensions>
  </wpt>

  <wpt lat="24.6668816" lon="-80.8662415">
    <time>2013-06-28T21:13:27Z</time>
    <name>WRECKISLKEY</name>
    <cmt>Wreck</cmt>
    <desc>Wreck</desc>
    <sym>Pin, Red</sym>
    <extensions>
      <gpxx:WaypointExtension xmlns:gpxx="http://www.garmin.com/xmlschemas/GpxExtensions/v3">
        <gpxx:DisplayMode>SymbolOnly</gpxx:DisplayMode>
      </gpxx:WaypointExtension>
    </extensions>
  </wpt>

  <wpt lat="24.8865500" lon="-80.4991334">
    <name>WRECKMUTTONS</name>
    <cmt>MUTTONS ON WRECK</cmt>
    <desc>MUTTONS ON WRECK</desc>
    <sym>Pin, Red</sym>
    <extensions>
      <gpxx:WaypointExtension xmlns:gpxx="http://www.garmin.com/xmlschemas/GpxExtensions/v3">
        <gpxx:DisplayMode>SymbolOnly</gpxx:DisplayMode>
      </gpxx:WaypointExtension>
    </extensions>
  </wpt>

  <wpt lat="24.4865665" lon="-81.7050485">
    <time>2012-06-11T10:39:31Z</time>
    <name>yellowtail01</name>
    <cmt>Flag yellowtail and other snapper</cmt>
    <desc>Flag yellowtail and other snapper</desc>
    <sym>Pin, Blue</sym>
    <extensions>
      <gpxx:WaypointExtension xmlns:gpxx="http://www.garmin.com/xmlschemas/GpxExtensions/v3">
        <gpxx:Depth>3.6576000</gpxx:Depth>
        <gpxx:DisplayMode>SymbolOnly</gpxx:DisplayMode>
      </gpxx:WaypointExtension>
    </extensions>
  </wpt>

  <wpt lat="25.1766709" lon="-80.2399496">
    <time>2012-10-02T19:49:59Z</time>
    <name>YELLOWTAIL1</name>
    <cmt>GOOD CHUM FISHING ON BOTTOM</cmt>
    <desc>GOOD CHUM FISHING ON BOTTOM</desc>
    <sym>Pin, Blue</sym>
    <extensions>
      <gpxx:WaypointExtension xmlns:gpxx="http://www.garmin.com/xmlschemas/GpxExtensions/v3">
        <gpxx:Depth>9.1440000</gpxx:Depth>
        <gpxx:DisplayMode>SymbolOnly</gpxx:DisplayMode>
      </gpxx:WaypointExtension>
    </extensions>
  </wpt>

  <wpt lat="24.5420505" lon="-81.8242833">
    <time>2000-01-01T05:00:00Z</time>
    <name>YELLOWTAIL12</name>
    <cmt>Live Bottom, Ricks or good structure for drfit fishing, lostering or Anchor chum fishing</cmt>
    <desc>Live Bottom, Ricks or good structure for drfit fishing, lostering or Anchor chum fishing</desc>
    <sym>Pin, Blue</sym>
    <extensions>
      <gpxx:WaypointExtension xmlns:gpxx="http://www.garmin.com/xmlschemas/GpxExtensions/v3">
        <gpxx:DisplayMode>SymbolOnly</gpxx:DisplayMode>
      </gpxx:WaypointExtension>
    </extensions>
  </wpt>

  <wpt lat="24.5408343" lon="-81.8230616">
    <time>2000-01-01T05:00:00Z</time>
    <name>YELLOWTAIL13</name>
    <cmt>Live Bottom, Ricks or good structure for drfit fishing, lostering or Anchor chum fishing</cmt>
    <desc>Live Bottom, Ricks or good structure for drfit fishing, lostering or Anchor chum fishing</desc>
    <sym>Pin, Blue</sym>
    <extensions>
      <gpxx:WaypointExtension xmlns:gpxx="http://www.garmin.com/xmlschemas/GpxExtensions/v3">
        <gpxx:DisplayMode>SymbolOnly</gpxx:DisplayMode>
      </gpxx:WaypointExtension>
    </extensions>
  </wpt>

  <wpt lat="25.1558273" lon="-80.2661998">
    <time>2012-10-02T19:50:27Z</time>
    <name>YELLOWTAIL2</name>
    <cmt>BOTTOM FISHING CHUMMING</cmt>
    <desc>BOTTOM FISHING CHUMMING</desc>
    <sym>Pin, Blue</sym>
    <extensions>
      <gpxx:WaypointExtension xmlns:gpxx="http://www.garmin.com/xmlschemas/GpxExtensions/v3">
        <gpxx:Depth>9.1440000</gpxx:Depth>
        <gpxx:DisplayMode>SymbolOnly</gpxx:DisplayMode>
      </gpxx:WaypointExtension>
    </extensions>
  </wpt>

  <wpt lat="24.5582326" lon="-81.3524809">
    <time>2012-06-11T11:35:17Z</time>
    <name>YELLOWTAIL35</name>
    <cmt>Yellowtail Snapper - Check laws, may be closed for fishing</cmt>
    <desc>Yellowtail Snapper - Check laws, may be closed for fishing</desc>
    <sym>Flag, Green</sym>
    <extensions>
      <gpxx:WaypointExtension xmlns:gpxx="http://www.garmin.com/xmlschemas/GpxExtensions/v3">
        <gpxx:Depth>9.1440000</gpxx:Depth>
        <gpxx:DisplayMode>SymbolOnly</gpxx:DisplayMode>
      </gpxx:WaypointExtension>
    </extensions>
  </wpt>

  <wpt lat="24.5529130" lon="-81.3734669">
    <time>2012-06-11T11:35:53Z</time>
    <name>YELLOWTIL36</name>
    <cmt>Yellow Tail Snapper</cmt>
    <desc>Yellow Tail Snapper</desc>
    <sym>Flag, Green</sym>
    <extensions>
      <gpxx:WaypointExtension xmlns:gpxx="http://www.garmin.com/xmlschemas/GpxExtensions/v3">
        <gpxx:Depth>9.1440000</gpxx:Depth>
        <gpxx:DisplayMode>SymbolOnly</gpxx:DisplayMode>
      </gpxx:WaypointExtension>
    </extensions>
  </wpt>

  <wpt lat="24.5528471" lon="-81.8166748">
    <time>2000-01-01T05:00:00Z</time>
    <name>YT TAILROCK</name>
    <cmt>Live Bottom Rocks or good structure for drfit fishing lostering or Anchor chum fishing</cmt>
    <desc>Live Bottom Rocks or good structure for drfit fishing lostering or Anchor chum fishing</desc>
    <sym>Pin, Blue</sym>
    <extensions>
      <gpxx:WaypointExtension xmlns:gpxx="http://www.garmin.com/xmlschemas/GpxExtensions/v3">
        <gpxx:DisplayMode>SymbolOnly</gpxx:DisplayMode>
      </gpxx:WaypointExtension>
    </extensions>
  </wpt>

  <wpt lat="24.9945167" lon="-80.3868667">
    <name>YTAIL GROUPER</name>
    <cmt>YTAIL AND GROUPER ANCHOR AND CHUM HEAVY WAIT THEY WILL COME</cmt>
    <desc>YTAIL AND GROUPER ANCHOR AND CHUM HEAVY WAIT THEY WILL COME</desc>
    <sym>Flag, Green</sym>
    <extensions>
      <gpxx:WaypointExtension xmlns:gpxx="http://www.garmin.com/xmlschemas/GpxExtensions/v3">
        <gpxx:DisplayMode>SymbolOnly</gpxx:DisplayMode>
      </gpxx:WaypointExtension>
    </extensions>
  </wpt>

</gpx>
